radius_arcmin	energy_flux_erg_cm2_s_arcmin2	count_rate_ct_s_arcmin2	tau
0.01	3.7689839037070236e-13	0.031764413751580324	35.44996374800003
0.060000000000000005	3.758687331793493e-13	0.03167763583508071	5.9027497066429895
0.11	3.614929607926487e-13	0.030466067959610158	3.1972556122725435
0.16000000000000003	3.302515719859419e-13	0.02783309200220643	2.0893709064171317
0.21000000000000002	2.9935391171791675e-13	0.025229084954726064	1.581123939725668
0.26	2.6644420761685934e-13	0.022455505963104753	1.2273748302965983
0.31000000000000005	2.517611071746001e-13	0.021218036954162578	1.1025642293387254
0.36000000000000004	2.241472280913728e-13	0.018890781909048103	0.9031654225046855
0.41000000000000003	2.1157883633846243e-13	0.01783153727964353	0.8240953375207236
0.46	1.8763895052980448e-13	0.01581392070865244	0.6888568582148985
0.51	1.7982072539119014e-13	0.015155012778953687	0.6483777400363216
0.56	1.679028975134603e-13	0.014150596667343368	0.5896629431014994
0.6100000000000001	1.5165112164396875e-13	0.0127809221181665	0.5147768586619859
0.66	1.4633044794707674e-13	0.012332503963398052	0.49143004949728103
0.7100000000000001	1.3929256282474985e-13	0.011739361884065201	0.4613625156611533
0.76	1.2603019084055944e-13	0.01062162967348493	0.40704792981323334
0.81	1.2000286218651537e-13	0.010113655731236185	0.3833061324277023
0.8600000000000001	1.1647754639861566e-13	0.009816547565871813	0.36967667645076147
0.91	1.1216982802442077e-13	0.009453499719929492	0.3532706215507057
0.9600000000000001	1.063836258993345e-13	0.008965847548821147	0.33164895061120375
1.01	9.586358785882817e-14	0.008079235004065152	0.2934971155373227
1.06	9.393342298315133e-14	0.00791656369188612	0.28665252972681465
1.11	9.175396748333044e-14	0.007732882551244004	0.27897983066842524
1.1600000000000001	8.92462338689988e-14	0.007521534638545229	0.27022366931219144
1.2100000000000002	8.625933600094094e-14	0.007269803503208233	0.2598934952633071
1.26	8.2405694200928e-14	0.0069450245290513	0.2467214275550769
1.31	7.43775589084928e-14	0.006268425696056129	0.21982549011968364
1.36	7.322717276497204e-14	0.0061714729300840114	0.2160300344508793
1.4100000000000001	7.197206766532598e-14	0.006065694612358474	0.21190544703191674
1.4600000000000002	7.059167042839193e-14	0.00594935686697202	0.20738867687247461
1.51	6.905518888641514e-14	0.0058198645776231205	0.20238506230214506
1.56	6.731212035165122e-14	0.005672961455852968	0.19673883630891462
1.61	6.526662388604105e-14	0.005500570175547603	0.19015337440058375
1.6600000000000001	6.267867698896026e-14	0.005282462011368023	0.18188316419629583
1.7100000000000002	5.768406867593278e-14	0.004861524143137689	0.1661128975234669
1.76	5.6263862350511774e-14	0.00474183134930826	0.16167369705189402
1.81	5.553468877597267e-14	0.004680377727562627	0.15940212104295526
1.86	5.47540983526204e-14	0.0046145907732763666	0.15697607252775148
1.9100000000000001	5.391410567956609e-14	0.004543797489205957	0.15437196172542922
1.9600000000000002	5.3003746700712435e-14	0.004467073841651156	0.15155734050363226
2.01	5.20071507710096e-14	0.004383082277179135	0.14848515062017797
2.06	5.0899588973990197e-14	0.004289738680934626	0.14508192489467636
2.11	4.963804567553069e-14	0.0041834177617649055	0.14121961428102067
2.1599999999999997	4.81324790391743e-14	0.004056530932875129	0.13662964774912825
2.21	4.610040201837804e-14	0.0038852706226356385	0.1304677475862189
2.26	4.300740495584067e-14	0.0036245976111902263	0.12116108083131745
2.31	4.259534361842999e-14	0.003589869718615072	0.11992772234618111
2.36	4.2162671983837305e-14	0.0035534048220516854	0.11863430941570213
2.41	4.1707348414282633e-14	0.003515030855423821	0.1172749857802883
2.46	4.1226861671485744e-14	0.003474536175450956	0.11584254090715589
2.51	4.0718056731282066e-14	0.0034316548815733635	0.11432790630986793
2.56	4.01768655262333e-14	0.003386044123355539	0.11271937658175421
2.61	3.9597869693680194e-14	0.0033372472495679685	0.11100134382951518
2.66	3.89735450745168e-14	0.0032846301357116357	0.10915210999281336
2.71	3.829284658216755e-14	0.0032272619189628402	0.10713978731511584
2.76	3.753824911396284e-14	0.0031636656107579307	0.10491372249661962
2.81	3.6678479531352154e-14	0.0030912055593201727	0.10238342444365268
2.86	3.564523380705384e-14	0.0030041252068108877	0.0993510330976689
2.91	3.419876087264963e-14	0.0028822187037778374	0.09512128180364
2.96	3.2369036215739676e-14	0.0027280123379814975	0.08979633473671601
3.01	3.212740412992765e-14	0.002707647959290887	0.08909524094189558
3.06	3.1876750940031454e-14	0.0026865232958923906	0.08836849150561568
3.11	3.161643001852005e-14	0.002664583851017214	0.08761426993141676
3.16	3.134568906549699e-14	0.0026417662219929477	0.08683046164294884
3.21	3.106364316974987e-14	0.0026179958298704585	0.08601457783712557
3.26	3.076923814415568e-14	0.0025931838293885238	0.08516365181742411
3.31	3.046119943007877e-14	0.0025672228027154727	0.08427409448496376
3.36	3.0137958902418726e-14	0.0025399805906917653	0.08334148727270838
3.41	2.979754655309517e-14	0.002511291164081517	0.08236027564219899
3.46	2.9437423829396134e-14	0.002480940577586119	0.08132329736150813
3.51	2.905421468003404e-14	0.0024486443028215693	0.0802210210661472
3.56	2.8643244799444536e-14	0.0024140083965401896	0.07904024149695094
3.61	2.819768879718056e-14	0.0023764576253854156	0.07776166390903799
3.66	2.7706817411775492e-14	0.002335087743785544	0.07635493830319356
3.71	2.7151806576164665e-14	0.0022883122884655763	0.07476678362340192
3.76	2.6492945436267602e-14	0.0022327844900264693	0.07288473141947248
3.81	2.5604933659134864e-14	0.002157944230089628	0.07035369638689606
3.86	2.424727765591248e-14	0.0020435230807282407	0.0664964106131897
3.91	2.4107175581095256e-14	0.002031715494424749	0.06609920712483408
3.96	2.396317635407988e-14	0.002019579462158001	0.06569111916571549
4.01	2.3815079090035162e-14	0.002007098053664941	0.06527159117626366
4.06	2.3662659505546694e-14	0.001994252366686088	0.06484000267939594
4.11	2.350566576171565e-14	0.0019810211766283273	0.06439565672871153
4.16	2.3343813286193454e-14	0.001967380500173997	0.06393776551684222
4.21	2.317677824734931e-14	0.0019533030452938156	0.06346543223460162
4.26	2.300418922201545e-14	0.0019387575090173282	0.06297762790485341
4.31	2.2825616401032154e-14	0.0019237076676929296	0.062473161366028
4.36	2.2640557374563422e-14	0.0019081111789962394	0.06195063973881218
4.41	2.2448418063544638e-14	0.0018919179748619862	0.06140841538545098
4.46	2.2248486592448674e-14	0.0018750680595211219	0.060844513224030124
4.51	2.203989660445636e-14	0.001857488417760094	0.06025652865690226
4.56	2.1821574260475023e-14	0.0018390885480800531	0.0596414800804294
4.61	2.1592159029727585e-14	0.0018197537870501413	0.05899558843212471
4.66	2.134988038644028e-14	0.0017993349174949276	0.05831393397142036
4.71	2.1092355995988084e-14	0.0017776311599346963	0.05758989445063682
4.76	2.0816239805886535e-14	0.001754360514238202	0.0568141653128616
4.8100000000000005	2.0516555439371917e-14	0.001729103579064009	0.05597290346583548
4.86	2.0185281532418748e-14	0.001701184326251034	0.05504378755026564
4.91	1.9807801203560563e-14	0.0016693708676232572	0.053986128798702
4.96	1.9351089354358108e-14	0.0016308798989326044	0.052707965640398875
5.01	1.868738373111291e-14	0.0015749438149252532	0.05085341276585099
5.0600000000000005	1.797575604807326e-14	0.001514968933793718	0.04886876757289724
5.11	1.7893437518104562e-14	0.0015080312553314254	0.04863944491752097
5.16	1.7809388391530665e-14	0.0015009477248623079	0.048405355418807965
5.21	1.772354224057609e-14	0.0014937127439561286	0.04816631749047487
5.26	1.7635826922778795e-14	0.0014863202325577005	0.047922133886393145
5.3100000000000005	1.7546163841738165e-14	0.0014787635666838697	0.0476725896722842
5.36	1.7454467077588646e-14	0.0014710355051411775	0.04741744983974714
5.41	1.736064235777356e-14	0.0014631281027842685	0.04715645648180174
5.46	1.7264585830474235e-14	0.0014550326071423934	0.046889325426549285
5.51	1.7166182592056253e-14	0.0014467393343148554	0.04661574219535228
5.5600000000000005	1.7065304905016546e-14	0.0014382375187823454	0.04633535711105851
5.61	1.6961810022516927e-14	0.001429515130061991	0.04604777932575173
5.66	1.685553750722867e-14	0.0014205586467437227	0.04575256945958654
5.71	1.6746305892165447e-14	0.0014113527750704347	0.045449230432228385
5.76	1.663390847367247e-14	0.001401880094377612	0.04513719591039493
5.8100000000000005	1.6518107942590296e-14	0.0013921206046161169	0.04481581556376236
5.86	1.6398629433906758e-14	0.0013820511405875948	0.04448433597606327
5.91	1.627515138301808e-14	0.0013716446013242963	0.04414187553004119
5.96	1.6147293275116093e-14	0.0013608689176263682	0.043787390756060786
6.01	1.601459888671041e-14	0.0013496856396832458	0.04341963029436132
6.0600000000000005	1.5876512803187835e-14	0.0013380479580098583	0.043037070380714706
6.11	1.5732346579117807e-14	0.0013258978514894793	0.042637821870122834
6.16	1.558122832858679e-14	0.0013131618389250295	0.042219491723443664
6.21	1.5422024575640174e-14	0.0012997443927151191	0.04177896825611931
6.26	1.5253213019819774e-14	0.0012855172157302211	0.041312071479257646
6.3100000000000005	1.5072662211962318e-14	0.001270300672729532	0.040812947574672756
6.36	1.4877218130771423e-14	0.0012538289476735059	0.0402729325913032
6.41	1.4661838599533746e-14	0.0012356770937026623	0.039678173210916164
6.46	1.441746601110919e-14	0.0012150817496879862	0.03900377910359829
6.51	1.412421686480952e-14	0.0011903671649262984	0.03819510043827387
6.5600000000000005	1.371226054623275e-14	0.0011556481231761336	0.03706017236877566
6.61	1.3186617713171712e-14	0.001111347757715614	0.03561390894473996
6.66	1.313842756196771e-14	0.0011072863662618337	0.03548142228189084
6.71	1.3089469977248919e-14	0.0011031602966976835	0.03534684372603725
6.76	1.3039723068963681e-14	0.0010989677041634463	0.03521011396315112
6.8100000000000005	1.2989163559026898e-14	0.001094706626818092	0.0350711699112712
6.86	1.2937766650459053e-14	0.0010903749748105167	0.03492994436493015
6.91	1.2885505879895503e-14	0.0010859705178492538	0.03478636559437364
6.96	1.2832352950788353e-14	0.001081490871144986	0.03464035689228929
7.01	1.2778277544096149e-14	0.0010769334794557652	0.03449183605933112
7.0600000000000005	1.2723247102606725e-14	0.0010722955989100752	0.03434071481795646
7.11	1.2667226584230649e-14	0.0010675742762147845	0.034186898141895385
7.16	1.2610178178593047e-14	0.0010627663247699444	0.034030283485826485
7.21	1.2552060979980634e-14	0.0010578682971052686	0.033870759896375426
7.26	1.2492830608088296e-14	0.0010528764529172429	0.033708206981167
7.3100000000000005	1.243243876594993e-14	0.0010477867218122191	0.03354249370705845
7.36	1.2370832721781665e-14	0.0010425946596369622	0.03337347699145561
7.41	1.2307954698011973e-14	0.0010372953969870536	0.033201000041218474
7.46	1.2243741146237295e-14	0.0010318835781012706	0.03302489038132354
7.51	1.2178121880822658e-14	0.0010263532878427867	0.03284495749907607
7.5600000000000005	1.211101903579083e-14	0.0010206979637874022	0.03266099000769464
7.61	1.2042345798672587e-14	0.0010149102895144005	0.0324727522032442
7.66	1.1972004859892176e-14	0.001008982063923153	0.03227997984781696
7.71	1.1899886495178277e-14	0.0010029040396216788	0.03208237495449924
7.76	1.1825866168582918e-14	0.0009966657209127836	0.03187959926829267
7.8100000000000005	1.174980150052092e-14	0.0009902551082651106	0.03167126601970421
7.86	1.167152838172154e-14	0.0009836583708029937	0.03145692935489172
7.91	1.1590855918498586e-14	0.0009768594203016325	0.03123607058645076
7.96	1.1507559747735888e-14	0.000969839347784405	0.03100808000892993
8.01	1.1421373027463583e-14	0.0009625756642225608	0.030772232390481147
8.06	1.1331974029681064e-14	0.0009550412548775182	0.030527653220191308
8.11	1.1238968621486325e-14	0.0009472029028375251	0.030273271047539484
8.16	1.1141864793411027e-14	0.0009390191423051112	0.030007748183290384
8.21	1.1040034313234938e-14	0.0009304370268398422	0.02972937636940346
8.26	1.0932652516861161e-14	0.0009213870550263523	0.029435912959171872
8.31	1.0818598726112277e-14	0.0009117747778401312	0.02912430995887794
8.36	1.0696280304583435e-14	0.0009014659703467884	0.02879023527430439
8.41	1.0563293552469931e-14	0.0008902580524422906	0.02842714995297277
8.46	1.0415686376850717e-14	0.0008778179478441805	0.0280243017212517
8.51	1.0246036923398535e-14	0.000863520154142052	0.027561496253805107
8.56	1.0036596453537844e-14	0.0008458688350837854	0.026990435760139278
8.61	9.701716226051037e-15	0.000817645647150688	0.02607802819237977
8.66	9.464199913752952e-15	0.0007976281394898953	0.025431400526652992
8.71	9.436276404103953e-15	0.0007952747892593075	0.025355407466150826
8.76	9.408012340383411e-15	0.00079289273765798	0.025278493477716883
8.81	9.37940033322695e-15	0.000790481361921705	0.02520063866820301
8.86	9.350432641146581e-15	0.0007880400096098413	0.025121822195272592
8.91	9.321101145799534e-15	0.0007855679965210091	0.025042022200689004
8.96	9.291397324933848e-15	0.0007830646044129864	0.024961215737335063
9.01	9.261312222736396e-15	0.0007805290785036863	0.02487937868922287
9.06	9.230836417269547e-15	0.000777960624726769	0.024796485683647198
9.11	9.199959984637111e-15	0.0007753584067116036	0.02471250999451245
9.16	9.16867245946595e-15	0.0007727215424527187	0.0246274234357168
9.21	9.136962791226606e-15	0.000770049100628573	0.02454119624330693
9.26	9.104819295841102e-15	0.0007673400965231351	0.024453796944913824
9.31	9.072229601937533e-15	0.0007645934874963039	0.02436519221474104
9.36	9.039180591005008e-15	0.0007618081679402594	0.024275346712090588
9.41	9.005658330576257e-15	0.0007589829636481959	0.024184222901070713
9.46	8.971647999413223e-15	0.0007561166255090802	0.0240917808487196
9.51	8.937133803487661e-15	0.0007532078224266252	0.02399797799828406
9.56	8.90209888132661e-15	0.0007502551333419531	0.02390276891379262
9.610000000000001	8.866525197021861e-15	0.0007472570382165991	0.023806104991331477
9.66	8.83039341887046e-15	0.0007442119078045203	0.023707934131535123
9.71	8.793682781204808e-15	0.0007411179920073495	0.023608200366700808
9.76	8.756370926463629e-15	0.0007379734065643818	0.02350684343456626
9.81	8.718433723922926e-15	0.0007347761177754986	0.023403798289083375
9.860000000000001	8.679845060711275e-15	0.00073152392488826	0.023298994536374934
9.91	8.640576599728801e-15	0.0007282144396956906	0.023192355781347717
9.96	8.600597497807384e-15	0.0007248450627832568	0.023083798866974762
10.01	8.559874075801847e-15	0.0007214129557246627	0.022973232983810436
10.06	8.51836943016513e-15	0.0007179150083460053	0.022860558621532613
10.110000000000001	8.476042972762807e-15	0.000714347799942054	0.022745666326752588
10.16	8.432849881982496e-15	0.0007107075530166004	0.02262843522134345
10.21	8.388740443246898e-15	0.0007069900777019157	0.022508731222180712
10.26	8.34365925034606e-15	0.0007031907044482687	0.02238640488511646
10.31	8.297544229831828e-15	0.0006993042018013989	0.022261288771240687
10.360000000000001	8.250325437969254e-15	0.0006953246750114402	0.022133194199060506
10.41	8.201923561748376e-15	0.0006912454397005104	0.022001907197647285
10.46	8.152248029638466e-15	0.0006870588626400006	0.02186718340607711
10.51	8.101194600011905e-15	0.0006827561585066657	0.02172874156254068
10.56	8.048642238810121e-15	0.0006783271267371373	0.02158625507432272
10.610000000000001	7.994449011945548e-15	0.0006737598053459092	0.021439340927408828
10.66	7.938446583000102e-15	0.0006690400071998705	0.02128754483010596
10.71	7.88043268895949e-15	0.0006641506858848236	0.02113032089685647
10.76	7.820160603082707e-15	0.0006590710476524133	0.0209670031964385
10.81	7.757323962901952e-15	0.0006537752727474116	0.020796764784470515
10.860000000000001	7.691534195170754e-15	0.0006482306128172413	0.02061855674489176
10.91	7.622285572638112e-15	0.0006423944459509133	0.02043101383220406
10.96	7.548898442871076e-15	0.000636209492091948	0.020232301168213476
11.01	7.470421201391388e-15	0.000629595551485856	0.020019849527747022
11.06	7.385447079656929e-15	0.0006224340638544132	0.019789860578221706
11.110000000000001	7.291732758076622e-15	0.0006145359656900838	0.01953627693095293
11.16	7.185269478658904e-15	0.0006055634050658573	0.019248273598027256
11.21	7.057357632356699e-15	0.0005947831923786247	0.01890235748911279
11.26	6.878569335370588e-15	0.00057971519106978	0.01841905498823217
11.31	6.632546504113936e-15	0.0005589807671400698	0.01775438497777964
11.360000000000001	6.617023380941081e-15	0.0005576725023138541	0.017712461592079006
11.41	6.601355033489045e-15	0.0005563519982098688	0.017670147780590197
11.46	6.5855390689723614e-15	0.0005550190531678533	0.017627437131422754
11.51	6.569573009171551e-15	0.0005536734583273007	0.017584323003555495
11.56	6.553454285976118e-15	0.0005523149972518279	0.01754079851487751
11.610000000000001	6.537180236618628e-15	0.0005509434455275116	0.01749685652940004
11.66	6.520748098572949e-15	0.0005495585703329196	0.017452489643567073
11.71	6.504155004087332e-15	0.0005481601299783673	0.01740769017158581
11.76	6.487397974319434e-15	0.0005467478734116265	0.017362450129688817
11.81	6.470473913037233e-15	0.0005453215396870485	0.017316761219231012
11.860000000000001	6.453379599845491e-15	0.0005438808573947003	0.01727061480851326
11.91	6.436111682893237e-15	0.0005424255440457634	0.017224001913212966
11.96	6.418666671012442e-15	0.0005409553054099926	0.01717691317528798
12.01	6.401040925232432e-15	0.0005394698348005646	0.017129338840204927
12.06	6.3832306496079835e-15	0.0005379688123010834	0.017081268732325346
12.110000000000001	6.365231881291694e-15	0.0005364519039288956	0.01703269222826339
12.16	6.347040479772678e-15	0.0005349187607281437	0.016983598228005773
12.21	6.328652115193863e-15	0.0005333690177851667	0.016933975123558487
12.26	6.310062255649309e-15	0.0005318022931579371	0.016883810764855664
12.31	6.291266153349783e-15	0.0005302181867101171	0.016833092422630525
12.360000000000001	6.272258829530451e-15	0.0005286162788391027	0.016781806747909828
12.41	6.253035057957284e-15	0.000526996129085968	0.01672993972774677
12.46	6.233589346869098e-15	0.0005253572746135695	0.016677476636754618
12.51	6.213915919169249e-15	0.0005236992285371318	0.016624401983941738
12.56	6.194008690654099e-15	0.0005220214780893771	0.01657069945427652
12.610000000000001	6.173861246034174e-15	0.0005203234825996248	0.016516351844326926
12.66	6.153466812467095e-15	0.0005186046712631885	0.016461340991220496
12.71	6.132818230278045e-15	0.0005168644406737412	0.01640564769405433
12.76	6.111907920492339e-15	0.0005151021520870121	0.016349251626747118
12.81	6.09072784874392e-15	0.0005133171283790487	0.01629213124116216
12.860000000000001	6.069269485050934e-15	0.0005115086506561656	0.01623426365913534
12.91	6.047523758863141e-15	0.0005096759544664095	0.01617562455180983
12.96	6.025481008681419e-15	0.0005078182255535683	0.01611618800439898
13.01	6.0031309254237745e-15	0.000505934595084147	0.01605592636416078
13.06	5.9804624885595854e-15	0.0005040241342648597	0.015994810068957366
13.110000000000001	5.957463893847206e-15	0.0005020858482524667	0.01593280745327215
13.16	5.934122471281522e-15	0.0005001186692385218	0.01586988452794337
13.21	5.910424591575833e-15	0.0004981214485678092	0.015806004729115204
13.26	5.886355559152371e-15	0.0004960929477197503	0.015741128630967646
13.31	5.861899489178062e-15	0.0004940318279451673	0.01567521361561115
13.360000000000001	5.8370391656321024e-15	0.0004919366383044386	0.015608213492055044
13.41	5.811755876694258e-15	0.0004898058017942786	0.015540078054285691
13.46	5.786029222852565e-15	0.0004876375991753513	0.01547075256609974
13.51	5.759836891982242e-15	0.00048543015001626907	0.015400177157258721
13.56	5.733154394157939e-15	0.0004831813903439787	0.015328286111531
13.610000000000001	5.705954747007401e-15	0.0004808890461258543	0.01525500702194046
13.66	5.678208099825111e-15	0.00047855060159057646	0.015180259781588063
13.71	5.649881281194522e-15	0.00047616326110243323	0.015103955369095111
13.76	5.620937250161786e-15	0.00047372390290709003	0.015025994375081522
13.81	5.5913344245377954e-15	0.0004712290225219245	0.014946265198729925
13.860000000000001	5.561025850894141e-15	0.00046867466278456836	0.01486464181928956
13.91	5.5299581680618255e-15	0.00046605632649818115	0.01478098101311964
13.96	5.498070297571457e-15	0.0004633688660637743	0.01469511883754411
14.01	5.465291767513381e-15	0.0004606063422177339	0.014606866130395423
14.06	5.431540535887501e-15	0.00045776184058710757	0.014516002665617787
14.110000000000001	5.396720117504046e-15	0.0004548272295492432	0.014422269438791909
14.16	5.360715720786303e-15	0.0004517928346474937	0.014325358294064797
14.21	5.3233889421543816e-15	0.0004486469914420828	0.014224897677889349
14.26	5.2845702989646245e-15	0.0004453754161977799	0.014120432588797468
14.31	5.24404841542781e-15	0.0004419602944898025	0.01401139553959452
14.360000000000001	5.201553820663443e-15	0.0004383789157288757	0.01389706305169532
14.41	5.156733660296753e-15	0.00043460154189371703	0.013776487749697095
14.46	5.109110184810756e-15	0.00043058790899351394	0.013648386891513804
14.51	5.058008120899903e-15	0.0004262811060378752	0.013510947339078755
14.56	5.00241653427002e-15	0.00042159593304713454	0.01336145461553905
14.610000000000001	4.9406941260232736e-15	0.0004163940638872125	0.013195501523228109
14.66	4.869823926218276e-15	0.0004104212329949156	0.013004986715163794
14.71	4.78290045598534e-15	0.0004030954572852171	0.012771366706012444
14.76	4.652196497911684e-15	0.0003920799297337799	0.012420182698926231
14.81	4.5211456726368115e-15	0.0003810351687507924	0.012068190484231836
14.860000000000001	4.5131091573152175e-15	0.00038035786366189315	0.012046609067223588
14.91	4.505015141887702e-15	0.00037967571255294726	0.012024873709052879
14.96	4.496862904102794e-15	0.00037898865455371735	0.01200298248032473
15.01	4.488651702179715e-15	0.00037829662714806587	0.011980933399445432
15.06	4.480380774040975e-15	0.00037759956610928	0.011958724430570835
15.110000000000001	4.472049336505121e-15	0.0003768974054320375	0.011936353481447988
15.16	4.463656584436978e-15	0.0003761900772607902	0.01191381840114319
15.21	4.455201689852668e-15	0.00037547751181433704	0.011891116977649071
15.26	4.446683800976382e-15	0.0003747596373063291	0.011868246935362656
15.31	4.438102041245653e-15	0.0003740363798614368	0.011845205932425738
15.360000000000001	4.4294555082616724e-15	0.00037330766342688344	0.011821991557918266
15.41	4.420743272680838e-15	0.00037257340967902666	0.011798601328894584
15.46	4.411964377043428e-15	0.00037183353792464126	0.011775032687251552
15.51	4.403117834535025e-15	0.0003710879649965333	0.011751282996416791
15.56	4.394202627675779e-15	0.00037033660514307386	0.011727349537844002
15.610000000000001	4.385217706932399e-15	0.00036957936991121953	0.011703229507301599
15.66	4.376161989247088e-15	0.0003688161680225333	0.011678920010939273
15.71	4.36703435647731e-15	0.0003680469052416906	0.011654418061116058
15.76	4.357833653739612e-15	0.00036727148423689913	0.011629720571971851
15.81	4.348558687650201e-15	0.0003664898044316175	0.01160482435472281
15.860000000000001	4.3392082244542085e-15	0.0003657017618468925	0.011579726112659063
15.91	4.3297809880348865e-15	0.0003649072489335771	0.011554422435821346
15.96	4.3202756577931775e-15	0.000364106154393624	0.011528909795330946
16.01	4.3106908663870735e-15	0.0003632983629895625	0.011503184537344705
16.060000000000002	4.301025197319249e-15	0.00036248375534118747	0.011477242876604237
16.110000000000003	4.2912771823603084e-15	0.00036166220770839487	0.011451080889545526
16.160000000000004	4.281445298793599e-15	0.000360833591758979	0.01142469450693133
16.21	4.271527966466296e-15	0.00035999777432010237	0.011398079505965471
16.26	4.261523544629676e-15	0.0003591546171119987	0.01137123150184335
16.310000000000002	4.251430328549858e-15	0.0003583039764623315	0.011344145938688578
16.360000000000003	4.2412465458682115e-15	0.0003574457029994551	0.01131681807982012
16.410000000000004	4.230970352688305e-15	0.00035657964132262846	0.01128924299728809
16.46	4.220599829363844e-15	0.00035570562964702907	0.011261415560609863
16.51	4.210132975959039e-15	0.0003548234994211601	0.011233330424630096
16.560000000000002	4.199567707349643e-15	0.00035393307491397304	0.011204982016419746
16.610000000000003	4.188901847929093e-15	0.00035303417276870967	0.011176364521118934
16.660000000000004	4.1781331258800975e-15	0.0003521266015201203	0.011147471866617588
16.71	4.16725916696703e-15	0.00035121016107129635	0.011118297706954489
16.76	4.156277487799134e-15	0.00035028464212590347	0.011088835404300971
16.810000000000002	4.145185488508088e-15	0.00034934982557105834	0.01105907800937831
16.860000000000003	4.133980444776364e-15	0.0003484054818054908	0.011029018240138785
16.910000000000004	4.122659499144387e-15	0.00034745137000692465	0.010998648458517803
16.96	4.111219651514847e-15	0.00034648723733179607	0.01096796064503881
17.01	4.099657748761485e-15	0.0003455128180394979	0.010936946371022957
17.060000000000002	4.0879704733365534e-15	0.00034452783253223414	0.010905596768120689
17.110000000000003	4.076154330756201e-15	0.0003435319863003072	0.010873902494842144
17.160000000000004	4.064205635825333e-15	0.00034252496876117103	0.010841853699716169
17.21	4.052120497442818e-15	0.00034150645197883684	0.010809439980652218
17.26	4.0398948018036715e-15	0.0003404760892481794	0.010776650340014767
17.310000000000002	4.027524193786073e-15	0.00033943351352626365	0.010743473134842712
17.360000000000003	4.015004056277036e-15	0.00033837833568994396	0.01070989602155536
17.410000000000004	4.002329487150159e-15	0.00033731014259558465	0.010675905894378437
17.46	3.989495273560431e-15	0.0003362284949126659	0.010641488816594023
17.51	3.976495863163028e-15	0.0003351329246981485	0.010606629943563024
17.560000000000002	3.9633253317931744e-15	0.00033402293267258235	0.010571313436281973
17.610000000000003	3.94997734705922e-15	0.0003328979851517874	0.010535522364008723
17.660000000000004	3.936445127198086e-15	0.00033175751057925446	0.010499238594216182
17.71	3.922721394415801e-15	0.00033060089559375694	0.010462442667794941
17.76	3.908798321780509e-15	0.00032942748055357667	0.010425113657010248
17.810000000000002	3.894667472542848e-15	0.00032823655442251835	0.01038722900320379
17.860000000000003	3.8803197305187525e-15	0.0003270273489026804	0.010348764330589297
17.910000000000004	3.865745219868986e-15	0.0003257990316735974	0.01030969323168641
17.96	3.850933212229619e-15	0.0003245506985653406	0.010269987018920606
18.01	3.8358720186639475e-15	0.0003232813644523929	0.01022961443562305
18.060000000000002	3.820548863285528e-15	0.00032198995260279294	0.010188541318003572
18.110000000000003	3.8049497345984616e-15	0.00032067528214932466	0.010146730197520545
18.160000000000004	3.789059209551104e-15	0.0003193360532610355	0.010104139830262898
18.21	3.772860243914071e-15	0.0003179708294766191	0.010060724636253819
18.26	3.756333920745464e-15	0.00031657801650545296	0.010016434026642545
18.310000000000002	3.739459146212509e-15	0.0003151558365919165	0.009971211590080013
18.360000000000003	3.722212278631194e-15	0.0003137022972514254	0.009924994100458823
18.410000000000004	3.70456667186396e-15	0.00031221515278869415	0.009877710295568
18.46	3.686492107575432e-15	0.00031069185644912726	0.009829279358450982
18.51	3.6679540813520895e-15	0.00030912950025408826	0.009779609007858481
18.560000000000002	3.648912893868398e-15	0.0003075247384057861	0.00972859306721045
18.610000000000003	3.62932247774546e-15	0.0003058736884167358	0.009676108326546088
18.660000000000004	3.609128859545032e-15	0.00030417180148899133	0.009622010428471679
18.71	3.588268107720085e-15	0.00030241368957059097	0.009566128379052023
18.76	3.5666635393859085e-15	0.00030059288994654346	0.009508257076053368
18.810000000000002	3.544221829645142e-15	0.00029870153733875586	0.009448146901516503
18.860000000000003	3.5208274451217143e-15	0.000296729894772878	0.009385488831569125
18.910000000000004	3.496334424332028e-15	0.0002946656608406915	0.009319892448969753
18.96	3.470553772435203e-15	0.00029249290734914503	0.009250852223974945
19.01	3.4432332170921837e-15	0.00029019037317545154	0.009177693360849776
19.060000000000002	3.41402276484202e-15	0.0002877285614117229	0.00909947966001647
19.110000000000003	3.382411571379038e-15	0.000285064418889512	0.009014844643087829
19.160000000000004	3.347600054636339e-15	0.00028213055806817084	0.008921649447672791
19.210000000000004	3.308200937992897e-15	0.00027881006141845544	0.008816183095945678
19.26	3.261362478596738e-15	0.000274862588460869	0.008690817053672237
19.310000000000002	3.1987534965937506e-15	0.0002695860002351881	0.008523264770742172
19.360000000000003	3.084277031137855e-15	0.0002599381006780076	0.008216978856086816
19.410000000000004	3.0802836093006683e-15	0.0002596015412583819	0.008206296005000795
19.460000000000004	3.0762685185753165e-15	0.00025926315561835634	0.00819555530226243
19.51	3.0722315542124994e-15	0.00025892292650197624	0.008184756202024426
19.560000000000002	3.068172507293087e-15	0.0002585808363018603	0.008173898147318929
19.610000000000003	3.064091164605124e-15	0.0002582368670488345	0.008162980569729448
19.660000000000004	3.0599873085160137e-15	0.0002578910004011599	0.008152002889049917
19.710000000000004	3.055860716839703e-15	0.00025754321763333957	0.008140964512930409
19.76	3.0517111626985956e-15	0.00025719349962448026	0.008129864836508793
19.810000000000002	3.0475384143799448e-15	0.0002568418268461899	0.008118703242027677
19.860000000000003	3.0433422351864598e-15	0.00025648817934998666	0.008107479098435889
19.910000000000004	3.0391223832808085e-15	0.000256132536754194	0.008096191760973696
19.960000000000004	3.0348786115237515e-15	0.0002557748782302989	0.008084840570741025
20.01	3.030610667305526e-15	0.00025541518248874096	0.008073424854247675
20.060000000000002	3.0263182923701986e-15	0.00025505342776410933	0.008061943922944771
20.110000000000003	3.0220012226325598e-15	0.0002546895917997108	0.00805039707273633
20.160000000000004	3.0176591879872016e-15	0.0002543236518314791	0.008038783583469959
20.210000000000004	3.0132919121093645e-15	0.0002539555845711905	0.008027102718405607
20.26	3.0088991122471064e-15	0.0002535853661889485	0.00801535372366116
20.310000000000002	3.004480499004305e-15	0.00025321297229489526	0.00800353582763358
20.360000000000003	3.0000357761140385e-15	0.0002528383779201125	0.007991648240394385
20.410000000000004	2.9955646402017678e-15	0.000252461557496663	0.00797969015305791
20.460000000000004	2.9910667805377788e-15	0.0002520824848367268	0.007967660737120913
20.51	2.986541878778276e-15	0.00025170113311078087	0.00795555914377192
20.560000000000002	2.981989608694459e-15	0.00025131747482476624	0.007943384503168508
20.610000000000003	2.977409635888945e-15	0.0002509314817961883	0.0079311359236808
20.660000000000004	2.972801617498722e-15	0.00025054312512908243	0.007918812491099072
20.710000000000004	2.968165201883925e-15	0.00025015237518778434	0.007906413267803497
20.76	2.9635000283015266e-15	0.0002497592015694293	0.007893937291893671
20.810000000000002	2.9588057265630798e-15	0.0002493635730751072	0.007881383576275571
20.860000000000003	2.954081916675514e-15	0.0002489654576795894	0.007868751107703317
20.910000000000004	2.9493282084639743e-15	0.00024856482249954227	0.007856038845773019
20.960000000000004	2.944544201175547e-15	0.00024816163376012977	0.00784324572186563
21.01	2.9397294830627267e-15	0.00024775585675990846	0.007830370638035754
21.060000000000002	2.9348836309452772e-15	0.0002473474558339023	0.007817412465842812
21.110000000000003	2.930006209749131e-15	0.0002469363943147413	0.007804370045120942
21.160000000000004	2.9250967720208478e-15	0.00024652263449174115	0.007791242182683701
21.210000000000004	2.920154857415965e-15	0.0002461061375677822	0.007778027650959105
21.26	2.9151799921595676e-15	0.00024568686361384694	0.007764725186550559
21.310000000000002	2.9101716884771496e-15	0.00024526477152105394	0.007751333488718513
21.360000000000003	2.9051294439937602e-15	0.00024483981895001886	0.00773785121777752
21.410000000000004	2.9000527410992376e-15	0.00024441196227735745	0.007724276993402812
21.460000000000004	2.89494104627715e-15	0.0002439811565391294	0.007710609392840029
21.51	2.88979380939486e-15	0.0002435473553710065	0.007696846949011265
21.560000000000002	2.884610462951929e-15	0.00024311051094492897	0.007682988148509918
21.610000000000003	2.8793904212838036e-15	0.00024267057390199348	0.007669031429476276
21.660000000000004	2.8741330797174973e-15	0.00024222749328129547	0.007654975179345
21.710000000000004	2.868837813675661e-15	0.00024178121644442135	0.007640817732454915
21.76	2.8635039777251186e-15	0.00024133168899526073	0.007626557367510633
21.810000000000002	2.8581309045655916e-15	0.00024087885469477763	0.007612192304884609
21.860000000000003	2.8527179039539467e-15	0.00024042265537034768	0.007597720703747147
21.910000000000004	2.8472642615588377e-15	0.00023996303081922924	0.007583140659010725
21.960000000000004	2.8417692377401476e-15	0.0002394999187056965	0.0075684501980736564
22.01	2.8362320662470995e-15	0.00023903325445131845	0.007553647277346782
22.060000000000002	2.830651952828282e-15	0.00023856297111781382	0.007538729778545122
22.110000000000003	2.825028073746178e-15	0.00023808899928185796	0.007523695504724752
22.160000000000004	2.8193595741880304e-15	0.00023761126690115302	0.007508542176043096
22.210000000000004	2.813645566564044e-15	0.0002371296991710031	0.007493267425218626
22.26	2.8078851286829834e-15	0.00023664421837055625	0.007477868792663435
22.310000000000002	2.8020773017941553e-15	0.00023615474369778614	0.007462343721259327
22.360000000000003	2.796221088483604e-15	0.00023566119109218623	0.007446689550744925
22.410000000000004	2.7903154504109957e-15	0.00023516347304403828	0.007430903511677722
22.460000000000004	2.784359305872143e-15	0.00023466149838898538	0.007414982718930931
22.51	2.7783515271704605e-15	0.0002341551720865024	0.007398924164680527
22.560000000000002	2.7722909377786455e-15	0.00023364439498068697	0.007382724710832606
22.610000000000003	2.7661763092697584e-15	0.00023312906354161535	0.007366381080835451
22.660000000000004	2.760006357994269e-15	0.00023260906958528943	0.0073498898508138275
22.710000000000004	2.753779741476902e-15	0.00023208429996996808	0.007333247439955646
22.76	2.747495054503754e-15	0.00023155463626639564	0.007316450100072238
22.810000000000002	2.741150824866469e-15	0.0002310199543991275	0.007299493904243615
22.860000000000003	2.7347455087259275e-15	0.0002304801242557891	0.007282374734448515
22.910000000000004	2.728277485552958e-15	0.0002299350092606867	0.007265088268065914
22.960000000000004	2.721745052597858e-15	0.0002293844659087075	0.007247629963119288
23.01	2.71514641883387e-15	0.00022882834325488481	0.007229995042117319
23.060000000000002	2.708479698312007e-15	0.00022826648235435318	0.007212178474323979
23.110000000000003	2.701742902855708e-15	0.00022769871564666525	0.007194174956267155
23.160000000000004	2.694933934013155e-15	0.00022712486627754554	0.007175978890266584
23.210000000000004	2.6880505741728693e-15	0.0002265447473501264	0.00715758436072925
23.26	2.6810904767335395e-15	0.0002259581610964766	0.0071389851079213
23.310000000000002	2.6740511552018963e-15	0.0002253648979587869	0.007120174498879755
23.360000000000003	2.6669299710720353e-15	0.0002247647355678581	0.007101145495072883
23.410000000000004	2.6597241203152456e-15	0.0002241574376044848	0.0070818906163531035
23.460000000000004	2.652430618280331e-15	0.00022354275252687764	0.007062401900668733
23.51	2.645046282769461e-15	0.0002229204121443224	0.007042670858907645
23.560000000000002	2.6375677150123196e-15	0.00022229013001371045	0.007022688424133097
23.610000000000003	2.6299912782101812e-15	0.00022165159963126674	0.007002444894335549
23.660000000000004	2.6223130732590243e-15	0.00022100449238653136	0.0069819298676574906
23.710000000000004	2.6145289111842432e-15	0.00022034845523919967	0.006961132168843985
23.76	2.606634281725087e-15	0.00021968310807146723	0.006940039765419724
23.810000000000002	2.598624317389759e-15	0.0002190080406586494	0.006918639671780644
23.860000000000003	2.5904937521558454e-15	0.00021832280918851702	0.006896917838997862
23.910000000000004	2.582236873806797e-15	0.00021762693224428896	0.006874859027640921
23.960000000000004	2.5738474686622346e-15	0.00021691988614658763	0.006852446660305648
24.01	2.56531875716264e-15	0.00021620109952461632	0.006829662649738997
24.060000000000002	2.5566433183864456e-15	0.00021546994695457615	0.006806487197432367
24.110000000000003	2.5478130010809806e-15	0.0002147257414614918	0.006782898556230008
24.160000000000004	2.5388188181378938e-15	0.00021396772562576316	0.006758872748762413
24.210000000000004	2.5296508205820376e-15	0.00021319506096314345	0.006734383231215488
24.26	2.52029794598918e-15	0.00021240681514961802	0.006709400488868048
24.310000000000002	2.5107478346851447e-15	0.00021160194653095226	0.006683891545660187
24.360000000000003	2.5009866049341947e-15	0.00021077928517591584	0.006657819364332012
24.410000000000004	2.490998575338923e-15	0.00020993750948057472	0.006631142105705806
24.460000000000004	2.4807659184536502e-15	0.0002090751169753638	0.006603812204423432
24.51	2.4702682235451935e-15	0.00020819038747524015	0.006575775202258926
24.560000000000002	2.459481937544407e-15	0.0002072813359639432	0.0065469682564032
24.610000000000003	2.448379639932635e-15	0.0002063456514825459	0.006517318204630555
24.660000000000004	2.4369290869428292e-15	0.0002053806165762019	0.006486739014916992
24.710000000000004	2.4250919284451064e-15	0.00020438299915524427	0.006455128361665864
24.76	2.4128219490515676e-15	0.0002033489042582181	0.006422362932381303
24.810000000000002	2.4000625981313417e-15	0.00020227356588536636	0.006388291836897693
24.860000000000003	2.3867434220860523e-15	0.00020115104631632127	0.006352727087438512
24.910000000000004	2.372774736050027e-15	0.00019997378704923388	0.006315429380807817
24.960000000000004	2.3580393397472534e-15	0.00019873191062600362	0.006276085993281435
25.01	2.3423789853010295e-15	0.00019741208016019296	0.0062342746717099625
25.060000000000002	2.3255708507086538e-15	0.0001959955165578402	0.006189400855880763
25.110000000000003	2.307283171692347e-15	0.0001944542592384372	0.0061405792872822025
25.160000000000004	2.2869817206399445e-15	0.0001927432843246104	0.006086384458439794
25.210000000000004	2.2636976755176865e-15	0.00019078094099290652	0.006024231195078268
25.26	2.23527147087354e-15	0.0001883852244051661	0.005948356945299603
25.310000000000002	2.193788827743175e-15	0.00018488913136373373	0.005837643227478327
25.360000000000003	2.1442636627386545e-15	0.0001807152270104368	0.005705480739512674
25.410000000000004	2.1422658068688777e-15	0.00018054685080590808	0.005700149642662721
25.460000000000004	2.1402597284777314e-15	0.00018037778161998823	0.005694796633357781
25.51	2.138245368814333e-15	0.00018020801450124372	0.005689421555180609
25.560000000000002	2.1362226682197466e-15	0.00018003754442171162	0.005684024249295763
25.610000000000003	2.1341915661066774e-15	0.00017986636627518842	0.005678604554395531
25.660000000000004	2.1321520009385794e-15	0.0001796944748754691	0.00567316230664428
25.710000000000004	2.130103910208125e-15	0.00017952186495453273	0.005667697339621117
25.76	2.1280472304150497e-15	0.00017934853116067517	0.0056622094842608784
25.810000000000002	2.1259818970433256e-15	0.00017917446805658534	0.005656698568793329
25.860000000000003	2.1239078445376303e-15	0.00017899967011736196	0.005651164418680496
25.910000000000004	2.1218250062791298e-15	0.00017882413172847267	0.005645606856552158
25.960000000000004	2.119733314560479e-15	0.00017864784718364714	0.0056400257021392754
26.01	2.1176327005600884e-15	0.00017847081068270816	0.005634420772205434
26.060000000000002	2.1155230943155613e-15	0.00017829301632933304	0.005628791880476108
26.110000000000003	2.113404424696307e-15	0.0001781144581287456	0.005623138837565711
26.160000000000004	2.111276619375299e-15	0.00017793512998533583	0.0056174614509023795
26.210000000000004	2.109139604799919e-15	0.00017775502570020274	0.005611759524650309
26.26	2.106993306161882e-15	0.00017757413896861968	0.00560603285962966
26.310000000000002	2.104837647366174e-15	0.00017739246337741655	0.005600281253233817
26.360000000000003	2.102672550998998e-15	0.0001772099924022782	0.005594504499344015
26.410000000000004	2.1004979382946575e-15	0.00017702671940495346	0.005588702388241133
26.460000000000004	2.0983137291013475e-15	0.00017684263763037208	0.005582874706514582
26.51	2.096119841845815e-15	0.00017665774020366639	0.005577021236968174
26.560000000000002	2.0939161934968297e-15	0.0001764720201270927	0.005571141758522831
26.610000000000003	2.0917026995274234e-15	0.00017628547027684872	0.005565236046116002
26.660000000000004	2.0894792738758396e-15	0.00017609808339978268	0.005559303870597658
26.710000000000004	2.0872458289051527e-15	0.00017590985210998994	0.005553344998622732
26.76	2.0850022753614807e-15	0.0001757207688852913	0.0055473591925398235
26.810000000000002	2.0827485223307515e-15	0.00017553082606358927	0.005541346210276035
26.860000000000003	2.080484477193942e-15	0.00017534001583909578	0.00553530580521776
26.910000000000004	2.07821004558074e-15	0.00017514833025842675	0.0055292377260872504
26.960000000000004	2.0759251313215486e-15	0.00017495576121655726	0.005523141716814785
27.01	2.0736296363977596e-15	0.00017476230045263049	0.005517017516406215
27.060000000000002	2.0713234608902328e-15	0.00017456793954561577	0.005510864858805734
27.110000000000003	2.0690065029258716e-15	0.00017437266990980596	0.005504683472753589
27.160000000000004	2.0666786586222553e-15	0.00017417648279015126	0.005498473081638593
27.210000000000004	2.0643398220301824e-15	0.00017397936925741669	0.005492233403345089
27.26	2.061989885074079e-15	0.00017378132020315996	0.005485964150094227
27.310000000000002	2.0596287374901378e-15	0.00017358232633451785	0.005479665028279185
27.360000000000003	2.0572562667621043e-15	0.00017338237816879432	0.005473335738294135
27.410000000000004	2.0548723580545867e-15	0.0001731814660278401	0.005466975974356604
27.460000000000004	2.0524768941437727e-15	0.00017297958003221342	0.005460585424322936
27.51	2.0500697553454353e-15	0.0001727767100951127	0.005454163769496521
27.560000000000002	2.0476508194400893e-15	0.0001725728459160686	0.005447710684428449
27.610000000000003	2.0452199615951522e-15	0.00017236797697438405	0.005441225836710171
27.660000000000004	2.0427770542839933e-15	0.00017216209252231173	0.005434708886757876
27.710000000000004	2.040321967201662e-15	0.00017195518157795181	0.005428159487588028
27.76	2.0378545671771856e-15	0.0001717472329178606	0.0054215772845837545
27.810000000000002	2.035374718082214e-15	0.00017153823506935113	0.0054149619152515155
27.860000000000003	2.0328822807358727e-15	0.00017132817630247443	0.005408313008967655
27.910000000000004	2.0303771128055674e-15	0.0001711170446216595	0.005401630186714195
27.960000000000004	2.027859068703586e-15	0.000170904827756999	0.0053949130608034026
28.01	2.0253279994792474e-15	0.00017069151315515975	0.00538816123459053
28.060000000000002	2.0227837527063576e-15	0.0001704770879698977	0.005381374302174019
28.110000000000003	2.020226172365739e-15	0.0001702615390521578	0.005374551848082608
28.160000000000004	2.0176550987225398e-15	0.00017004485293973363	0.0053676934469485205
28.210000000000004	2.0150703681980604e-15	0.0001698270158464652	0.005360798663166059
28.26	2.0124718132357877e-15	0.0001696080136509486	0.005353867050534754
28.310000000000002	2.009859262161295e-15	0.00016938783188472857	0.005346898151886189
28.360000000000003	2.0072325390356834e-15	0.00016916645571994656	0.005339891498693608
28.410000000000004	2.004591463502186e-15	0.00016894386995641313	0.005332846610663325
28.460000000000004	2.001935850625534e-15	0.00016872005900806961	0.005325762995306831
28.51	1.9992655107236697e-15	0.0001684950068888055	0.005318640147492542
28.560000000000002	1.9965802491913542e-15	0.00016826869719759196	0.005311477548975929
28.610000000000003	1.993879866315186e-15	0.00016804111310289227	0.005304274667906787
28.660000000000004	1.991164157079498e-15	0.00016781223732630288	0.005297030958312196
28.710000000000004	1.9884329109626e-15	0.00016758205212538118	0.005289745859553778
28.76	1.9856859117227626e-15	0.00016735053927560846	0.005282418795757598
28.810000000000002	1.982922937173276e-15	0.00016711768005143226	0.005275049175214999
28.860000000000003	1.980143758945946e-15	0.0001668834552063342	0.0052676363897526095
28.910000000000004	1.977348142242237e-15	0.00016664784495185658	0.005260179814069449
28.960000000000004	1.974535845571292e-15	0.0001664108289355233	0.005252678805039092
29.01	1.9717066204739733e-15	0.00016617238621758227	0.005245132700974569
29.060000000000002	1.9688602112319686e-15	0.00016593249524648942	0.005237540820853505
29.110000000000003	1.965996354561001e-15	0.00016569113383305289	0.005229902463500903
29.160000000000004	1.9631147792870476e-15	0.0001654482791231451	0.005222216906726663
29.210000000000004	1.960215206004378e-15	0.00016520390756888308	0.005214483406414684
29.26	1.9572973467141862e-15	0.00016495799489817258	0.0052067011955602505
29.310000000000002	1.9543609044424184e-15	0.00016471051608249942	0.00519886948325202
29.360000000000003	1.9514055728353297e-15	0.0001644614453028435	0.0051909874535946724
29.410000000000004	1.9484310357311496e-15	0.00016421075591357954	0.005183054264567917
29.460000000000004	1.9454369667060976e-15	0.00016395842040421585	0.005175069046817176
29.51	1.94242302859287e-15	0.0001637044103588133	0.005167030902370928
29.560000000000002	1.939388872969488e-15	0.00016344869641290603	0.005158938903279105
29.610000000000003	1.9363341396162717e-15	0.00016319124820773624	0.005150792090166575
29.660000000000004	1.93325845593846e-15	0.00016293203434159344	0.005142589470695122
29.710000000000004	1.930161436351779e-15	0.000162671022318031	0.0051343300179267
29.76	1.9270426816279945e-15	0.00016240817849071045	0.005126012668580118
29.810000000000002	1.9239017781972446e-15	0.00016214346800460313	0.005117636321172573
29.860000000000003	1.920738297403553e-15	0.00016187685473324594	0.005109199834036468
29.910000000000004	1.9175517947096738e-15	0.00016160830121172688	0.005100702023201259
29.960000000000004	1.914341808846928e-15	0.00016133776856503478	0.005092141660128753
