r_lo_arcmin	r_hi_arcmin	r_arcmin	soft_count	hard_count	exposure_s_arcmin2	net_ct_s_arcmin2	error_ct_s_arcmin2	comet_model_ct_s_arcmin2	sky_ct_s_arcmin2
0.0	0.25	0.16666666666666666	798	19	4998.224774524555	0.15822143085127666	0.005668748064752997	0.46598337883220076	1.1546994380315043e-08
0.25	0.5	0.38888888888888884	1672	59	15025.585940198316	0.10957817144892038	0.002733460685065335	0.16229232013436104	1.1546994380315043e-08
0.5	0.75	0.6333333333333333	2191	92	24717.382018667588	0.08685921624574994	0.0019037450114530081	0.09644392949318026	1.1546994380315043e-08
0.75	1.0	0.8809523809523808	1952	108	29276.700422914248	0.06486830156659265	0.001519603336502233	0.06857112937363259	1.1546994380315043e-08
1.0	1.25	1.1296296296296295	2208	152	39634.494683628596	0.05376852273752461	0.001195826286010307	0.0530082897039398	1.1546994380315043e-08
1.25	1.5	1.3787878787878787	2198	211	50182.11466774706	0.0417231128562788	0.0009455081850047248	0.04326161570325741	1.1546994380315043e-08
1.5	1.75	1.628205128205128	2293	232	58207.98366849498	0.03736798681045729	0.0008330998289578529	0.03651609263568136	1.1546994380315043e-08
1.75	2.0	1.8777777777777775	2270	291	67448.51260964345	0.0314900537095853	0.0007177243275948813	0.031572435639223274	1.1546994380315043e-08
2.0	2.25	2.127450980392157	2345	282	74905.71484857723	0.029362824713307947	0.000656223240911918	0.027794584856949998	1.1546994380315043e-08
2.25	2.5	2.3771929824561404	2343	370	83357.85983074641	0.02583483940231455	0.000592147008595201	0.024825717405119744	1.1546994380315043e-08
2.5	2.75	2.626984126984127	2252	371	91549.1461682848	0.022556701117694315	0.000529028911538459	0.02241794124520274	1.1546994380315043e-08
2.75	3.0	2.876811594202898	2274	432	99002.34291928716	0.020760596343781777	0.0004930867442847817	0.02043483297127843	1.1546994380315043e-08
3.0	3.25	3.1266666666666665	2211	435	106487.8868514482	0.018713401830919636	0.00045239899268658204	0.01877601773006901	1.1546994380315043e-08
3.25	3.5	3.3765432098765427	2293	476	114388.79383155398	0.01792413176119812	0.00042944912463883174	0.017364929135321342	1.1546994380315043e-08
3.5	3.75	3.626436781609195	2173	499	121780.3366679226	0.015803989739635607	0.00039372361803080114	0.01614686638115926	1.1546994380315043e-08
3.75	4.0	3.876344086021505	2264	567	128363.79552294376	0.01539766237764398	0.0003822169490909011	0.015086893385930554	1.1546994380315043e-08
4.0	4.25	4.126262626262626	2221	564	134913.14112872788	0.014349325663927284	0.0003603417702476675	0.014157566024505708	1.1546994380315043e-08
4.25	4.5	4.376190476190476	2190	654	141439.71063218662	0.013172358287112003	0.000343111884666226	0.013335904926792907	1.1546994380315043e-08
4.5	4.75	4.626126126126126	2170	705	149037.4047479095	0.012213875805493456	0.00032512777840014076	0.012602971036610637	1.1546994380315043e-08
4.75	5.0	4.876068376068376	2298	690	154548.74102569884	0.012574761586716476	0.0003217197618603032	0.011945401936209257	1.1546994380315043e-08
5.0	5.25	5.126016260162602	2144	734	160102.68460569493	0.011108430114224322	0.0003014508228353447	0.011354224002079534	1.1546994380315043e-08
5.25	5.5	5.375968992248062	2137	792	166183.94366801946	0.010493760821249197	0.0002908958205944202	0.010818079454023258	1.1546994380315043e-08
5.5	5.75	5.625925925925926	2127	836	171228.03371200833	0.01000010236865232	0.00028239352513937673	0.010328794617669595	1.1546994380315043e-08
5.75	6.0	5.875886524822694	2189	890	175920.12395232244	0.009899244776464665	0.00027927195969699726	0.00988179069676478	1.1546994380315043e-08
6.0	6.25	6.125850340136053	2056	910	179550.81664684863	0.008957950575891998	0.0002662736749519072	0.009472110131535792	1.1546994380315043e-08
6.25	6.5	6.375816993464052	2060	901	183706.483308445	0.008782187669105882	0.00026034856893030763	0.009094415013578291	1.1546994380315043e-08
6.5	6.75	6.625786163522012	2069	954	185975.16373266894	0.008567782127913256	0.0002584277017547272	0.008745673034531222	1.1546994380315043e-08
6.75	7.0	6.875757575757575	2089	1073	189656.95403580889	0.008199828684305238	0.00025614137560921386	0.008422534555078763	1.1546994380315043e-08
7.0	7.25	7.125730994152046	2053	1091	191738.43498665947	0.007879636650679872	0.0002516665663607775	0.008122225061762498	1.1546994380315043e-08
7.25	7.5	7.375706214689265	2044	1044	194663.83834836003	0.007809529786615466	0.00024677129964368157	0.007842458934698142	1.1546994380315043e-08
7.5	7.75	7.625683060109289	2065	1082	196488.2409872785	0.007723354475802229	0.0002460953587756975	0.007581355787864954	1.1546994380315043e-08
7.75	8.0	7.875661375661375	2027	1170	200065.42507430774	0.007211066282224375	0.0002408781392294113	0.007336387566781258	1.1546994380315043e-08
8.0	8.25	8.125641025641025	2069	1205	200130.81796519237	0.007285711111354582	0.0002434206886877052	0.0071064837841687874	1.1546994380315043e-08
8.25	8.5	8.375621890547263	2030	1176	201700.17878311916	0.007102792328073937	0.00023915798451086626	0.006891127000055018	1.1546994380315043e-08
8.5	8.75	8.625603864734298	2033	1315	202576.88810484775	0.006761768533726507	0.00024006428452169837	0.006688230059164459	1.1546994380315043e-08
8.75	9.0	8.875586854460094	2055	1359	204548.440299582	0.006677109762565315	0.0002394088363930686	0.00649659066633334	1.1546994380315043e-08
9.0	9.25	9.125570776255707	1978	1336	204937.12505235305	0.006367177768874575	0.0002347929872453247	0.006315665700613741	1.1546994380315043e-08
9.25	9.5	9.375555555555556	1959	1392	206479.31472976352	0.0061068486245293655	0.0002327945765324893	0.006144619108833584	1.1546994380315043e-08
9.5	9.75	9.625541125541124	1952	1376	206372.7130311611	0.006088988486139441	0.00023235770618317851	0.0059823160325763345	1.1546994380315043e-08
9.75	10.0	9.875527426160337	1985	1463	206850.39710911017	0.0060079696646719374	0.00023457552966750012	0.005828204555217864	1.1546994380315043e-08
10.0	10.25	10.12551440329218	1997	1528	205622.90919496055	0.005928451093833133	0.0002373954065157152	0.0056818550316102235	1.1546994380315043e-08
10.25	10.5	10.375502008032129	1926	1529	205330.78845892826	0.005622122126902874	0.00023417729497330174	0.005542662671611705	1.1546994380315043e-08
10.5	10.75	10.625490196078431	1837	1537	202846.98347351342	0.005276379892691814	0.00023254314086781328	0.0054102105886264145	1.1546994380315043e-08
10.75	11.0	10.875478927203064	1848	1513	201439.59161989056	0.00537976015262886	0.00023442765933904058	0.005284019044440076	1.1546994380315043e-08
11.0	11.25	11.125468164794007	1807	1553	199847.6877596526	0.005141769007563353	0.00023465217274292938	0.005163126802799788	1.1546994380315043e-08
11.25	11.5	11.375457875457874	1755	1468	195877.5210161595	0.005167911441450526	0.00023537556516849833	0.00504757010927436	1.1546994380315043e-08
11.5	11.75	11.625448028673834	1641	1513	192213.33511783558	0.004646526738232035	0.00023399997302839715	0.004937299247029113	1.1546994380315043e-08
11.75	12.0	11.875438596491227	1634	1502	188536.05771371353	0.004694748981447809	0.0002379867993800785	0.004831738287780085	1.1546994380315043e-08
