mjd_utc	stereo_a	solar_orbiter	ace	wind	ace_scaled
61009.500000000					
61009.506944444					
61009.513888889					
61009.520833333					
61009.527777778					
61009.534722222					
61009.541666667	45344757	2.4044281e+08	79427503	1.3706955e+08	1.3502675e+08
61009.548611111	44974460	2.3247793e+08	74603200	1.387657e+08	1.2682544e+08
61009.555555556	44760213	2.2117605e+08	69766403	1.4056228e+08	1.1860288e+08
61009.562500000	44697095	2.1102758e+08	64702471	1.4004902e+08	1.099942e+08
61009.569444444	44707079	2.0342289e+08	60172187	1.3763893e+08	1.0229272e+08
61009.576388889	44717064	1.9836199e+08	58065456	1.3542971e+08	98711274
61009.583333333	44727049	1.9584488e+08	58974895	1.3180785e+08	1.0025732e+08
61009.590277778	44737034	1.9609252e+08	61758222	1.256311e+08	1.0498898e+08
61009.597222222	44747019	1.9334202e+08	65137654	1.1817713e+08	1.1073401e+08
61009.604166667	44757003	1.8580764e+08	68578101	1.1195461e+08	1.1658277e+08
61009.611111111	44766988	1.8077018e+08	72079561	1.0813618e+08	1.2253525e+08
61009.618055556	44776973	1.8599615e+08	75642037	1.0368329e+08	1.2859146e+08
61009.625000000	44852987	1.9814285e+08	77808339	98309359	1.3227418e+08
61009.631944444	45073556	2.0867339e+08	77841515	95116231	1.3233057e+08
61009.638888889	45451175	2.1565395e+08	77322473	93461163	1.314482e+08
61009.645833333	45985843	2.1766094e+08	77272676	95047571	1.3136355e+08
61009.652777778	46677562	2.1469437e+08	77290204	99462454	1.3139335e+08
61009.659722222	47526329	2.0675424e+08	75662319	1.038377e+08	1.2862594e+08
61009.666666667	48387087	1.9545945e+08	71893219	1.0760174e+08	1.2221847e+08
61009.673611111	49022617	1.8162178e+08	68112474	1.1019893e+08	1.1579121e+08
61009.680555556	49444718	1.7198532e+08	65443426	1.1228825e+08	1.1125382e+08
61009.687500000	49757343	1.6990319e+08	63534093	1.1408253e+08	1.0800796e+08
61009.694444444	49960493	1.6809459e+08	62384474	1.1559835e+08	1.0605361e+08
61009.701388889	50054167	1.5879299e+08	60994936	1.1752672e+08	1.0369139e+08
61009.708333333	49972336	1.4472146e+08	59497538	1.186025e+08	1.0114582e+08
61009.715277778	49636474	1.3362699e+08	58592434	1.1714568e+08	99607137
61009.722222222	49080280	1.2677743e+08	57271477	1.1373731e+08	97361511
61009.729166667	48409930	1.2295898e+08	55548049	1.0965579e+08	94431683
61009.736111111	47685406	1.2002999e+08	54582281	1.0581185e+08	92789878
61009.743055556	46906708	1.2155112e+08	55102156	1.0167367e+08	93673666
61009.750000000	46218897	1.273832e+08	54920415	96546560	93364705
61009.756944444	45850568	1.3358882e+08	53769790	92225728	91408643
61009.763888889	45712018	1.3942371e+08	53480258	89880626	90916439
61009.770833333	45630008	1.4407147e+08	53368314	88182239	90726135
61009.777777778	45604540	1.4613304e+08	52998302	85967019	90097113
61009.784722222	45635613	1.4556637e+08	53369855	82751601	90728754
61009.791666667	45723227	1.4431474e+08	55515617	78984734	94376548
61009.798611111	45867382	1.42934e+08	58903819	75421062	1.0013649e+08
61009.805555556	46021885	1.4008692e+08	62763338	72240164	1.0669767e+08
61009.812500000	46080561	1.366815e+08	66297842	69401731	1.1270633e+08
61009.819444444	45983426	1.3462294e+08	68909899	66363575	1.1714683e+08
61009.826388889	45730481	1.3135167e+08	70592058	63438473	1.200065e+08
61009.833333333	45321724	1.2571956e+08	73181565	61640429	1.2440866e+08
61009.840277778	44765779	1.2020364e+08	76319956	59995807	1.2974393e+08
61009.847222222	44140549	1.1594038e+08	78059377	57361660	1.3270094e+08
61009.854166667	43515320	1.1331033e+08	79083333	54755299	1.3444167e+08
61009.861111111	42890091	1.1349539e+08	79827480	53050094	1.3570672e+08
61009.868055556	42264861	1.1549995e+08	80291820	52250012	1.3649609e+08
61009.875000000	41639632	1.1678478e+08	80520341	52355052	1.3688458e+08
61009.881944444	41014402	1.1667854e+08	80652947	53365215	1.3711001e+08
61009.888888889	40389173	1.1565998e+08	80785553	55162630	1.3733544e+08
61009.895833333	39763943	1.1488868e+08	80918159	57260892	1.3756087e+08
61009.902777778	39138714	1.1504546e+08	81050765	59291465	1.377863e+08
61009.909722222	38513484	1.1512921e+08	81183371	61473382	1.3801173e+08
61009.916666667	38297616	1.1438502e+08	81315977	64058910	1.3823716e+08
61009.923611111	38529707	1.1302155e+08	81448583	67081281	1.3846259e+08
61009.930555556	38838993	1.1093029e+08	81581190	70540494	1.3868802e+08
61009.937500000	39225472	1.0804035e+08	81713796	74222095	1.3891345e+08
61009.944444444	39689146	1.045689e+08	81846402	77888879	1.3913888e+08
61009.951388889	40230014	1.015536e+08	81979008	81434319	1.3936431e+08
61009.958333333	40846811	99590402	82111614	84774631	1.3958974e+08
61009.965277778	41536529	98454762	82249121	87909816	1.3982351e+08
61009.972222222	42297424	97737299	82422350	90839874	1.4011799e+08
61009.979166667	43129497	96584260	82657219	93564804	1.4051727e+08
61009.986111111	44032747	94641255	82953728	96084608	1.4102134e+08
61009.993055556	45007176	92000743	83311878	98399284	1.4163019e+08
61010.000000000	45643420	89088506	83731668	1.0050883e+08	1.4234384e+08
61010.006944444	45890973	86344520	84213099	1.0241326e+08	1.4316227e+08
61010.013888889	46015119	83785453	84639707	1.0411255e+08	1.438875e+08
61010.020833333	45984812	81411304	84937141	1.0560672e+08	1.4439314e+08
61010.027777778	45884162	79222075	85148061	1.0691454e+08	1.447517e+08
61010.034722222	45734764	77217765	85273017	1.0808855e+08	1.4496413e+08
61010.041666667	45537884	75380176	85312010	1.0913587e+08	1.4503042e+08
61010.048611111	45296529	73664809	85260138	1.1002988e+08	1.4494223e+08
61010.055555556	45012443	72045361	85086581	1.1077269e+08	1.4464719e+08
61010.062500000	44685626	70521831	85098824	1.1139193e+08	1.44668e+08
61010.069444444	44316077	69026815	85331471	1.1191309e+08	1.450635e+08
61010.076388889	43903797	67539040	85485721	1.1233616e+08	1.4532573e+08
61010.083333333	43448786	66104633	85561574	1.1266115e+08	1.4545468e+08
61010.090277778	42962954	64723594	85559030	1.1286588e+08	1.4545035e+08
61010.097222222	42551780	63395925	85594551	1.1292793e+08	1.4551074e+08
61010.104166667	42246312	62121624	85742491	1.1284708e+08	1.4576224e+08
61010.111111111	41962439	60900692	85960188	1.1262333e+08	1.4613232e+08
61010.118055556	41678566	59733129	86247092	1.1230672e+08	1.4662006e+08
61010.125000000	41394693	58637131	86603203	1.119739e+08	1.4722545e+08
61010.131944444	41110820	57657201	87028521	1.116515e+08	1.4794849e+08
61010.138888889	40826947	56819639	87523047	1.1133739e+08	1.4878918e+08
61010.145833333	40542448	56124447	87753374	1.1100396e+08	1.4918074e+08
61010.152777778	40254316	55549043	87684902	1.1062571e+08	1.4906433e+08
61010.159722222	39960170	55022243	87616429	1.1022716e+08	1.4894793e+08
61010.166666667	39660010	54495443	87547956	1.0985241e+08	1.4883152e+08
61010.173611111	39353835	53968643	87479483	1.0954324e+08	1.4871512e+08
61010.180555556	39041645	53441843	87411010	1.0932205e+08	1.4859872e+08
61010.187500000	38723442	52915043	87342537	1.0918906e+08	1.4848231e+08
61010.194444444	38399224	52388243	87274064	1.0914428e+08	1.4836591e+08
61010.201388889	38068991	51872694	87205591	1.091877e+08	1.482495e+08
61010.208333333	37732745	51381390	87137118	1.0931934e+08	1.481331e+08
61010.215277778	37390483	50916075	87068645	1.0953917e+08	1.480167e+08
61010.222222222	37042208	50476748	87000172	1.0984722e+08	1.4790029e+08
61010.229166667	36688543	50063409	86953430	1.1024347e+08	1.4782083e+08
61010.236111111	36332497	49676058	86971457	1.1072792e+08	1.4785148e+08
61010.243055556	35976451	49314695	87075558	1.1127607e+08	1.4802845e+08
61010.250000000	35620405	48979320	87265734	1.1184381e+08	1.4835175e+08
61010.256944444	35264359	48669934	87541985	1.1241155e+08	1.4882137e+08
61010.263888889	34908313	48386535	87904310	1.1297929e+08	1.4943733e+08
61010.270833333	34552267	48129125	88352710	1.1354702e+08	1.5019961e+08
61010.277777778	34196221	47897703	88627344	1.1408472e+08	1.5066648e+08
61010.284722222	33840176	47681018	88248437	1.1449004e+08	1.5002234e+08
61010.291666667	33484130	47466076	86996056	1.1469069e+08	1.478933e+08
61010.298611111	33224731	47251134	84870202	1.1468667e+08	1.4427934e+08
61010.305555556	33167006	47036191	81870873	1.1447798e+08	1.3918048e+08
61010.312500000	33319334	46821249	78704861	1.12755e+08	1.3379826e+08
61010.319444444	33681715	46606307	76164567	1.0994006e+08	1.2947976e+08
61010.326388889	34254148	46391365	74335600	1.0818547e+08	1.2637052e+08
61010.333333333	35036633	46176422	73059306	1.0721491e+08	1.2420082e+08
61010.340277778	36029171	45961480	72041281	1.0633163e+08	1.2247018e+08
61010.347222222	37173731	45746538	71124694	1.0553565e+08	1.2091198e+08
61010.354166667	38405181	45531595	70288463	1.0482696e+08	1.1949039e+08
61010.361111111	39716417	45316653	69792428	1.0423561e+08	1.1864713e+08
61010.368055556	40367512	45101711	70116362	1.0382346e+08	1.1919782e+08
61010.375000000	40393709	44886769	71154635	1.0353566e+08	1.2096288e+08
61010.381944444	40473528	44671826	72558592	1.032855e+08	1.2334961e+08
61010.388888889	40501945	44456884	74458338	1.0307298e+08	1.2657917e+08
61010.395833333	40470579	44241942	76360142	1.0420369e+08	1.2981224e+08
61010.402777778	40379431	44027000	77510168	1.0619114e+08	1.3176728e+08
61010.409722222	40233536	43812134	77801499	1.068229e+08	1.3226255e+08
61010.416666667	40096174	43605621	77392790	1.0643244e+08	1.3156774e+08
61010.423611111	40025592	43415659	76578445	1.0579037e+08	1.3018336e+08
61010.430555556	40079819	43242247	75515295	1.0491342e+08	1.28376e+08
61010.437500000	40323988	43085386	74224422	1.0380157e+08	1.2618152e+08
61010.444444444	39890110	42945076	72705827	1.0245483e+08	1.2359991e+08
61010.451388889	39605858	42821317	70959510	1.0091366e+08	1.2063117e+08
61010.458333333	40398829	42714108	69524177	99305218	1.181911e+08
61010.465277778	41493855	42623450	69159763	97746783	1.175716e+08
61010.472222222	42890935	42549342	69538848	96275986	1.1821604e+08
61010.479166667	44590070	42491786	70012660	94903911	1.1902152e+08
61010.486111111	46423407	42450780	70481078	93694716	1.1981783e+08
61010.493055556	48180614	42426248	70944099	92708525	1.2060497e+08
61010.500000000	49760962	42409914	71401725	91888185	1.2138293e+08
61010.506944444	51106207	42393580	71853956	91159824	1.2215173e+08
61010.513888889	52216347	42377247	72300791	90496591	1.2291134e+08
61010.520833333	53091383	42360913	72742231	89876573	1.2366179e+08
61010.527777778	54606407	42344579	73178275	89287992	1.2440307e+08
61010.534722222	56673673	42328245	73608923	88730847	1.2513517e+08
61010.541666667	58330342	42311912	73821036	88205139	1.2549576e+08
61010.548611111	59576414	42295578	73403330	87695940	1.2478566e+08
61010.555555556	60411889	42279244	72365771	87235703	1.2302181e+08
61010.562500000	60836766	42262911	71161313	86871808	1.2097423e+08
61010.569444444	61018897	42246577	70034808	86604255	1.1905917e+08
61010.576388889	60876172	42230243	68986254	86433045	1.1727663e+08
61010.583333333	60022309	42213910	68015653	86329832	1.1562661e+08
61010.590277778	58600058	42197576	67123004	86248861	1.1410911e+08
61010.597222222	57004064	42181242	66308307	86182855	1.1272412e+08
61010.604166667	55349909	42164908	65571562	86153727	1.1147166e+08
61010.611111111	53637591	42148575	64912770	86173255	1.1035171e+08
61010.618055556	51867112	42132241	64331929	86241440	1.0936428e+08
61010.625000000	50038472	42115907	63829041	86358282	1.0850937e+08
61010.631944444	48151669	42099574	63404105	86508129	1.0778698e+08
61010.638888889	46206705	42083240	63244474	86620899	1.0751561e+08
61010.645833333	44203579	42066906	63311172	86642160	1.0762899e+08
61010.652777778	42142291	42050573	63377870	86550438	1.0774238e+08
61010.659722222	40310251	42042279	63444567	86261049	1.0785576e+08
61010.666666667	39131186	42056842	63511265	85739128	1.0796915e+08
61010.673611111	38462348	42101035	63495441	85030428	1.0794225e+08
61010.680555556	37909091	42174860	63278020	84152361	1.0757263e+08
61010.687500000	37355834	42278315	62822447	83104924	1.0679816e+08
61010.694444444	36842265	42411401	62148716	81942970	1.0565282e+08
61010.701388889	36413379	42574118	61287956	80794892	1.0418953e+08
61010.708333333	36074479	42766465	60366525	79734232	1.0262309e+08
61010.715277778	35825567	42988444	59505065	78760990	1.0115861e+08
61010.722222222	35666642	43240053	58709001	77875166	99805302
61010.729166667	35597704	43521293	57978333	77076761	98563166
61010.736111111	35618753	43832164	57283716	76387247	97382317
61010.743055556	35729789	44164626	56582853	75834107	96190850
61010.750000000	35930813	44503862	55862793	75396127	94966748
61010.756944444	36221823	44843098	55206057	75097029	93850297
61010.763888889	36602821	45182335	54731721	74987757	93043927
61010.770833333	37073806	45521571	54476340	75068313	92609778
61010.777777778	37595090	45860808	54419919	75283844	92513862
61010.784722222	38121679	46200044	54531329	75505958	92703260
61010.791666667	38648268	46539280	54684214	75661111	92963164
61010.798611111	39174857	46878517	54757930	75749305	93088481
61010.805555556	39701446	47217753	54747052	75770539	93069989
61010.812500000	40228035	47556990	54651582	75724813	92907689
61010.819444444	40754623	47896226	54500863	75612127	92651466
61010.826388889	41281212	48235462	54337191	75489683	92373226
61010.833333333	41826044	48574699	54173520	75441906	92094985
61010.840277778	42478667	48912874	54009849	75450553	91816744
61010.847222222	43310386	49242661	53846178	75472319	91538503
61010.854166667	44314542	49557790	53682507	75509365	91260262
61010.861111111	45482631	49858263	53520599	75561691	90985018
61010.868055556	46812809	50144079	53370709	75629297	90730205
61010.875000000	48301145	50415239	53241331	75712183	90510263
61010.881944444	49922182	50671742	53132466	75810350	90325193
61010.888888889	51654395	50913588	53044114	75923796	90174994
61010.895833333	53497784	51140778	52976274	76052523	90059666
61010.902777778	55452348	51353311	52928946	76196530	89979209
61010.909722222	57474792	51551187	52902131	76355818	89933623
61010.916666667	59484634	51734407	52895829	76530385	89922909
61010.923611111	61373378	51904031	52910039	76714755	89947065
61010.930555556	63069721	52067388	52944761	76901286	90006093
61010.937500000	64580322	52230745	52999996	77087817	90099992
61010.944444444	65913684	52394101	53073980	77274348	90225766
61010.951388889	67071652	52557458	53156459	77460618	90365980
61010.958333333	68058156	52720814	53238937	77644394	90506193
61010.965277778	68898653	52884171	53318875	77823702	90642088
61010.972222222	69614669	53047528	53388822	77998542	90760998
61010.979166667	70173825	53210884	53443869	78168914	90854578
61010.986111111	70530368	53374241	53484016	78334819	90922827
61010.993055556	70714220	53537598	53509263	78496256	90965747
61011.000000000	70787622	53700954	53519609	78657309	90983336
61011.006944444	70769518	53864311	53515056	78859741	90975595
61011.013888889	70659909	54027668	53563373	79141228	91057734
61011.020833333	70458795	54191024	54205525	79501770	92149392
61011.027777778	70166175	54354381	55498788	79941368	94347940
61011.034722222	69791195	54517738	56971414	80469908	96851403
61011.041666667	69362272	54681094	58536880	81100628	99512696
61011.048611111	68898683	54844680	60167040	81852340	1.0228397e+08
61011.055555556	68400426	55008732	61869343	82819032	1.0517788e+08
61011.062500000	67899880	55173255	63648699	84121734	1.0820279e+08
61011.069444444	67442799	55338250	64786818	85417858	1.1013759e+08
61011.076388889	67042556	55503717	65054932	85844243	1.1059338e+08
61011.083333333	66699151	55669655	65233263	85622268	1.1089655e+08
61011.090277778	66412583	55836065	65612510	85413701	1.1154127e+08
61011.097222222	66182854	56002947	66124902	85180866	1.1241233e+08
61011.104166667	66009962	56170301	66229475	84923764	1.1259011e+08
61011.111111111	65893908	56338126	65868954	84642393	1.1197722e+08
61011.118055556	65825547	56506423	65515086	84327129	1.1137565e+08
61011.125000000	65776461	56675192	65254393	83966967	1.1093247e+08
61011.131944444	65727375	56844203	65057341	83545068	1.1059748e+08
61011.138888889	65673067	57022134	64817158	82967445	1.1018917e+08
61011.145833333	65602367	57218164	64487290	82113067	1.0962839e+08
61011.152777778	65509327	57432562	64786028	81324522	1.1013625e+08
61011.159722222	65393947	57665329	65942138	81464971	1.1210164e+08
61011.166666667	65256228	57916464	67175400	82308956	1.1419818e+08
61011.173611111	65096168	58185967	68195114	83152957	1.1593169e+08
61011.180555556	64913769	58473839	69001280	83996980	1.1730218e+08
61011.187500000	64709030	58780080	69593898	84841025	1.1830963e+08
61011.194444444	64481952	59104689	69972968	85685092	1.1895405e+08
61011.201388889	64232533	59447666	70138490	86529182	1.1923543e+08
61011.208333333	63960775	59809012	70090464	87373294	1.1915379e+08
61011.215277778	63666677	60196308	69889112	88217428	1.1881149e+08
61011.222222222	63355461	60610233	69641207	89061585	1.1839005e+08
61011.229166667	63038297	61043611	69390740	89905764	1.1796426e+08
61011.236111111	62721134	61496171	69131806	90743647	1.1752407e+08
61011.243055556	62403970	61967913	68861062	91428015	1.170638e+08
61011.250000000	62086806	62458838	68578507	91904207	1.1658346e+08
61011.256944444	61769642	62968946	68284142	92258456	1.1608304e+08
61011.263888889	61452478	63498236	67977968	92490756	1.1556254e+08
61011.270833333	61135315	64046708	67659982	92601106	1.1502197e+08
61011.277777778	60816980	64614363	67330187	92589508	1.1446132e+08
61011.284722222	60495911	65224282	66982371	92455960	1.1387003e+08
61011.291666667	60171711	65920512	66608688	92200462	1.1323477e+08
61011.298611111	59844381	66716437	66207503	91823015	1.1255276e+08
61011.305555556	59513921	67589056	65778817	91323619	1.1182399e+08
61011.312500000	59180330	68500286	65325191	90702274	1.1105283e+08
61011.319444444	58843609	69427456	64852532	89965297	1.102493e+08
61011.326388889	58503759	70370568	64364181	89259908	1.0941911e+08
61011.333333333	58160778	71329622	63860138	88640764	1.0856223e+08
61011.340277778	57814666	72304616	63340404	88021621	1.0767869e+08
61011.347222222	57465425	73295552	62804979	87405579	1.0676846e+08
61011.354166667	57221632	74302430	62293772	86798723	1.0589941e+08
61011.361111111	57194545	75325249	61872954	86204035	1.0518402e+08
61011.368055556	57387238	76340927	61574997	85621515	1.046775e+08
61011.375000000	57800106	77305419	61407747	85051164	1.0439317e+08
61011.381944444	58433148	1.4429973e+08	61372838	84492980	1.0433383e+08
61011.388888889	59206595	1.4279019e+08	61470271	83946964	1.0449946e+08
61011.395833333	59987829	1.4193004e+08	61700046	83413117	1.0489008e+08
61011.402777778	60723999	1.4171929e+08	62062162	82891437	1.0550567e+08
61011.409722222	61415105	1.4183048e+08	62556619	82381926	1.0634625e+08
61011.416666667	62061146	1.4185909e+08	63183418	81884583	1.0741181e+08
61011.423611111	62662124	1.4172808e+08	63942559	81399408	1.0870235e+08
61011.430555556	63218038	1.414829e+08	64834041	80923299	1.1021787e+08
61011.437500000	63620309	1.4157694e+08	65813449	80450172	1.1188286e+08
61011.444444444	63758850	1.4241811e+08	66582973	80040148	1.1319105e+08
61011.451388889	63632152	1.4400642e+08	66889216	79840128	1.1371167e+08
61011.458333333	63240217	1.4597745e+08	66952251	79933911	1.1381883e+08
61011.465277778	62583042	1.4795763e+08	67005320	80289622	1.1390904e+08
61011.472222222	61740398	1.4971582e+08	67061586	80685692	1.140047e+08
61011.479166667	60844904	1.5100321e+08	67121050	80932423	1.1410578e+08
61011.486111111	59949410	1.5179302e+08	67183712	81029818	1.1421231e+08
61011.493055556	59053915	1.5208524e+08	67249572	80977874	1.1432427e+08
61011.500000000	58214449	1.5187987e+08	67318630	80776594	1.1444167e+08
61011.506944444	57513344	1.5117692e+08	67390885	80425975	1.1456451e+08
61011.513888889	56976902	1.4997639e+08	67388794	80087445	1.1456095e+08
61011.520833333	56605124	1.4827826e+08	67177820	80012371	1.1420229e+08
61011.527777778	56397832	1.4608255e+08	66928107	80227595	1.1377778e+08
61011.534722222	56322113	1.4338926e+08	66866792	80536082	1.1367355e+08
61011.541666667	56345239	1.4019838e+08	66773798	80767343	1.1351546e+08
61011.548611111	56467208	1.3650991e+08	66415888	80916695	1.1290701e+08
61011.555555556	56721624	1.3254586e+08	65779895	81205708	1.1182582e+08
61011.562500000	57147110	1.2855501e+08	64865820	81824078	1.1027189e+08
61011.569444444	57748683	1.2594229e+08	63917250	82771804	1.0865932e+08
61011.576388889	58526341	1.2706986e+08	63307164	84048887	1.0762218e+08
61011.583333333	59424056	1.3045579e+08	63164958	85630988	1.0738043e+08
61011.590277778	60359497	1.3363416e+08	63396892	87369097	1.0777472e+08
61011.597222222	61269645	1.3660494e+08	63812899	88977118	1.0848193e+08
61011.604166667	61781420	1.3936816e+08	64378142	90203683	1.0944284e+08
61011.611111111	61875523	1.419238e+08	65129938	90958848	1.1072089e+08
61011.618055556	61901747	1.4427187e+08	66043647	91436154	1.122742e+08
61011.625000000	61892823	1.4612309e+08	67118808	91867775	1.1410197e+08
61011.631944444	61848751	1.4711791e+08	68355422	92292343	1.1620422e+08
61011.638888889	61735926	1.4718608e+08	69753488	92709860	1.1858093e+08
61011.645833333	61515728	1.463276e+08	71313006	93120324	1.2123211e+08
61011.652777778	61183139	1.4411113e+08	72790390	93523735	1.2374366e+08
61011.659722222	60738159	1.3951271e+08	73812659	93920095	1.2548152e+08
61011.666666667	60180790	1.3440564e+08	74250419	94333741	1.2622571e+08
61011.673611111	59511029	1.3125587e+08	74197408	94913683	1.2613559e+08
61011.680555556	58766208	1.3006338e+08	73921240	95784592	1.2566611e+08
61011.687500000	58320701	1.3068062e+08	73595792	96946467	1.2511285e+08
61011.694444444	58194669	1.3212808e+08	73245243	98399310	1.2451691e+08
61011.701388889	58071229	1.3362465e+08	72894234	99999710	1.239202e+08
61011.708333333	57950383	1.356034e+08	72627538	1.0160219e+08	1.2346681e+08
61011.715277778	57832129	1.3855836e+08	72574867	1.0320466e+08	1.2337727e+08
61011.722222222	57716467	1.4263354e+08	72781620	1.0476451e+08	1.2372875e+08
61011.729166667	57603399	1.4786118e+08	73247797	1.0623489e+08	1.2452125e+08
61011.736111111	57492923	1.5329396e+08	73973398	1.076116e+08	1.2575478e+08
61011.743055556	57385039	1.5757919e+08	74680478	1.0889463e+08	1.2695681e+08
61011.750000000	57279748	1.6031144e+08	74984583	1.1008399e+08	1.2747379e+08
61011.756944444	57177050	1.6149072e+08	74799208	1.1117967e+08	1.2715865e+08
61011.763888889	57076331	1.6111701e+08	74336141	1.1218169e+08	1.2637144e+08
61011.770833333	56976294	1.593379e+08	73787169	1.1194288e+08	1.2543819e+08
61011.777777778	56904959	1.5713289e+08	73152292	1.1032644e+08	1.243589e+08
61011.784722222	56898780	1.5528307e+08	72431508	1.0805367e+08	1.2313356e+08
61011.791666667	56965509	1.5364467e+08	71540506	1.0510994e+08	1.2161886e+08
61011.798611111	57105146	1.520832e+08	70349574	1.0191086e+08	1.1959428e+08
61011.805555556	57317692	1.5052489e+08	68735937	98640197	1.1685109e+08
61011.812500000	57603146	1.4893753e+08	66590341	95344794	1.1320358e+08
61011.819444444	57961509	1.4732161e+08	63946694	92028859	1.0870938e+08
61011.826388889	58392780	1.4569167e+08	61148733	88692392	1.0395285e+08
61011.833333333	58896959	1.4406172e+08	58580913	85335392	99587552
61011.840277778	59474047	1.4243177e+08	56517859	81774639	96080360
61011.847222222	60142066	1.4080182e+08	55508710	77771657	94364806
61011.854166667	61054397	1.3917187e+08	55934486	74418342	95088626
61011.861111111	62317695	1.3754192e+08	57795188	71851493	98251819
61011.868055556	63895505	1.3591197e+08	60857042	70888452	1.0345697e+08
61011.875000000	65780075	1.3428202e+08	63264955	73851561	1.0755042e+08
61011.881944444	67971405	1.3265208e+08	63397610	79120575	1.0777594e+08
61011.888888889	70469496	1.3102213e+08	62727251	82840988	1.0663633e+08
61011.895833333	73274346	1.2939218e+08	63709609	83323439	1.0830633e+08
61011.902777778	76385956	1.2776223e+08	66923529	83143130	1.1377e+08
61011.909722222	79804327	1.2613228e+08	70591757	84825012	1.2000599e+08
61011.916666667	83438942	1.2450233e+08	73241717	88369087	1.2451092e+08
61011.923611111	87122535	1.2287238e+08	74525548	90438334	1.2669343e+08
61011.930555556	90760330	1.2124243e+08	73622539	90226875	1.2515832e+08
61011.937500000	94198947	1.1961249e+08	70733838	90265844	1.2024752e+08
61011.944444444	97303029	1.1798254e+08	66734390	90555244	1.1344846e+08
61011.951388889	1.0013931e+08	1.1635259e+08	61958959	89556447	1.0533023e+08
61011.958333333	1.0284997e+08	1.1472264e+08	58262638	84961731	99046485
61011.965277778	1.054884e+08	1.1317318e+08	57266744	77975741	97353465
61011.972222222	1.0780297e+08	1.1191355e+08	57576408	72311832	97879894
61011.979166667	1.095641e+08	1.110726e+08	56437777	69659365	95944220
61011.986111111	1.1065928e+08	1.113368e+08	52612039	68666540	89440466
61011.993055556	1.1087384e+08	1.1357869e+08	48792879	67586273	82947894
61012.000000000	1.1051985e+08	1.1798434e+08	47613356	65117640	80942706
61012.006944444	1.1038841e+08	1.2455373e+08	48391847	63789965	82266140
61012.013888889	1.1122255e+08	1.3171275e+08	50009002	65575988	85015304
61012.020833333	1.1218665e+08	1.3765014e+08	51312685	69039094	87231564
61012.027777778	1.1262221e+08	1.4212879e+08	52323744	72992381	88950364
61012.034722222	1.1300583e+08	1.4514868e+08	53638973	75031156	91186254
61012.041666667	1.1319534e+08	1.5027238e+08	55060364	75969606	93602618
61012.048611111	1.1313734e+08	1.5818146e+08	56205015	76803080	95548526
61012.055555556	1.1505136e+08	1.658661e+08	56259246	76888678	95640718
61012.062500000	1.1822913e+08	1.7319744e+08	59271975	76800921	1.0076236e+08
61012.069444444	1.2053306e+08	1.7948902e+08	65961753	75884825	1.1213498e+08
61012.076388889	1.2293198e+08	1.8386828e+08	71225852	78180749	1.2108395e+08
61012.083333333	1.2530283e+08	1.8614918e+08	73827038	82340430	1.2550597e+08
61012.090277778	1.2702179e+08	1.8633171e+08	73759217	83602521	1.2539067e+08
61012.097222222	1.2742257e+08	1.8599e+08	75250073	82341530	1.2792512e+08
61012.104166667	1.273408e+08	1.869353e+08	80020870	78470621	1.3603548e+08
61012.111111111	1.3003535e+08	1.8611051e+08	84558955	74266700	1.4375022e+08
61012.118055556	1.3417759e+08	1.8375177e+08	88045956	72272032	1.4967812e+08
61012.125000000	1.3775288e+08	1.7982692e+08	88429305	71672428	1.5032982e+08
61012.131944444	1.4087081e+08	1.7357388e+08	86918989	72339329	1.4776228e+08
61012.138888889	1.4099042e+08	1.6779315e+08	89156876	77963959	1.5156669e+08
61012.145833333	1.3973801e+08	1.6224749e+08	90443959	82545991	1.5375473e+08
61012.152777778	1.3936368e+08	1.5659682e+08	87165264	82831609	1.4818095e+08
61012.159722222	1.3911327e+08	1.5073831e+08	82847409	78924533	1.408406e+08
61012.166666667	1.3888828e+08	1.4686004e+08	80739965	73756416	1.3725794e+08
61012.173611111	1.3868871e+08	1.4460931e+08	82411930	73591615	1.4010028e+08
61012.180555556	1.3851456e+08	1.4144532e+08	82363470	77356868	1.400179e+08
61012.187500000	1.3839138e+08	1.3736807e+08	79251501	84987348	1.3472755e+08
61012.194444444	1.357878e+08	1.356718e+08	75692882	93780204	1.286779e+08
61012.201388889	1.3153254e+08	1.3676568e+08	73664051	1.0109741e+08	1.2522889e+08
61012.208333333	1.2764024e+08	1.4059281e+08	74746541	1.0693896e+08	1.2706912e+08
61012.215277778	1.2400132e+08	1.4688728e+08	77837554	1.1043807e+08	1.3232384e+08
61012.222222222	1.2118883e+08	1.5133821e+08	79892805	1.0854642e+08	1.3581777e+08
61012.229166667	1.1851434e+08	1.5335177e+08	79428136	1.0668981e+08	1.3502783e+08
61012.236111111	1.1597966e+08	1.5425375e+08	77889665	1.0741659e+08	1.3241243e+08
61012.243055556	1.1370565e+08	1.5474697e+08	78125427	1.0648358e+08	1.3281323e+08
61012.250000000	1.1181134e+08	1.5264334e+08	76909523	1.0438659e+08	1.3074619e+08
61012.256944444	1.1029674e+08	1.4830922e+08	74952027	1.0624299e+08	1.2741845e+08
61012.263888889	1.0916183e+08	1.4700457e+08	75633391	1.1030554e+08	1.2857676e+08
61012.270833333	1.0838108e+08	1.5143491e+08	75758290	1.1000639e+08	1.2878909e+08
61012.277777778	1.0788547e+08	1.5950969e+08	74941069	1.0466654e+08	1.2739982e+08
61012.284722222	1.0763158e+08	1.6547167e+08	72034894	97311034	1.2245932e+08
61012.291666667	1.076194e+08	1.6322807e+08	68825573	92767651	1.1700347e+08
61012.298611111	1.0784893e+08	1.5555641e+08	65926374	92512819	1.1207484e+08
61012.305555556	1.0832018e+08	1.4908262e+08	61319704	95397006	1.042435e+08
61012.312500000	1.0903314e+08	1.4487939e+08	57295614	96638326	97402544
61012.319444444	1.0991204e+08	1.4199715e+08	55861856	96479266	94965155
61012.326388889	1.107551e+08	1.3983595e+08	55075239	97008877	93627906
61012.333333333	1.1143632e+08	1.3840045e+08	56110626	97446326	95388064
61012.340277778	1.1195569e+08	1.3810236e+08	56879228	92160008	96694687
61012.347222222	1.1231323e+08	1.3664318e+08	54939611	82667561	93397338
61012.354166667	1.1250891e+08	1.3131741e+08	53506726	74649206	90961433
61012.361111111	1.1254276e+08	1.2421559e+08	53514242	70396804	90974212
61012.368055556	1.1241476e+08	1.2044962e+08	56776167	69385768	96519484
61012.375000000	1.1212492e+08	1.2263882e+08	61924356	68510640	1.052714e+08
61012.381944444	1.1167323e+08	1.2827158e+08	66350463	68314735	1.1279579e+08
61012.388888889	1.110597e+08	1.3253288e+08	70288176	65928725	1.194899e+08
61012.395833333	1.1027937e+08	1.3323825e+08	73055746	63622355	1.2419477e+08
61012.402777778	1.0939889e+08	1.3246564e+08	73639905	64269746	1.2518784e+08
61012.409722222	1.0849682e+08	1.3163682e+08	72736171	66796842	1.2365149e+08
61012.416666667	1.0758015e+08	1.3084249e+08	70377781	71724530	1.1964223e+08
61012.423611111	1.0664888e+08	1.350466e+08	67221912	78608525	1.1427725e+08
61012.430555556	1.05703e+08	1.4040155e+08	64780830	86283805	1.1012741e+08
61012.437500000	1.0474252e+08	1.3945702e+08	63934651	94031753	1.0868891e+08
61012.444444444	1.0376743e+08	1.3547002e+08	65087498	1.0185237e+08	1.1064875e+08
61012.451388889	1.0277774e+08	1.3048544e+08	63269358	1.0974566e+08	1.0755791e+08
61012.458333333	1.0177345e+08	1.2442642e+08	59081491	1.1525375e+08	1.0043853e+08
61012.465277778	1.0075455e+08	1.1729296e+08	57643952	1.1477879e+08	97994719
61012.472222222	99721047	1.1158503e+08	57724645	1.1246775e+08	98131897
61012.479166667	98677895	1.0924547e+08	58971710	1.1608844e+08	1.0025191e+08
61012.486111111	97632395	1.1406354e+08	62310671	1.2321033e+08	1.0592814e+08
61012.493055556	96586894	1.2375959e+08	66631789	1.2836086e+08	1.1327404e+08
61012.500000000	95541394	1.3246217e+08	70780039	1.3093621e+08	1.2032607e+08
61012.506944444	94495893	1.3608403e+08	74472259	1.3103062e+08	1.2660284e+08
61012.513888889	93450393	1.3836897e+08	77220221	1.2928197e+08	1.3127438e+08
61012.520833333	92404893	1.4676731e+08	77919114	1.2619132e+08	1.3246249e+08
61012.527777778	91359392	1.5171379e+08	75908253	1.2175869e+08	1.2904403e+08
61012.534722222	90313892	1.5135953e+08	74790752	1.1598406e+08	1.2714428e+08
61012.541666667	89204050	1.5228564e+08	75081403	1.1019951e+08	1.2763838e+08
61012.548611111	87960819	1.5449214e+08	73930941	1.0672249e+08	1.256826e+08
61012.555555556	86579494	1.5797902e+08	72196903	1.0556763e+08	1.2273474e+08
61012.562500000	85060075	1.6274628e+08	70063193	1.014793e+08	1.1910743e+08
61012.569444444	83402563	1.6289055e+08	66959445	93908444	1.1383106e+08
61012.576388889	81606956	1.5926971e+08	62988927	86633873	1.0708118e+08
61012.583333333	79673256	1.5765984e+08	58598242	79984463	99617012
61012.590277778	77601462	1.5656167e+08	54744732	74060378	93066044
61012.597222222	75391574	1.549836e+08	51942719	69114790	88302622
61012.604166667	73100841	1.5244811e+08	50314747	65586668	85535070
61012.611111111	70828328	1.5526347e+08	49688324	63476014	84470150
61012.618055556	69211062	1.6323365e+08	48907326	62782826	83142455
61012.625000000	68225476	1.6985439e+08	47107081	62910560	80082038
61012.631944444	68194880	1.751257e+08	44287589	63119899	75288901
61012.638888889	69644901	1.7888806e+08	40823411	63268072	69399798
61012.645833333	71398680	1.8069465e+08	37815826	63355078	64286905
61012.652777778	72695820	1.8025818e+08	35991554	63380918	61185641
61012.659722222	73536323	1.7757863e+08	35326917	63345591	60055759
61012.666666667	73920188	1.7265601e+08	35345958	63005713	60088129
61012.673611111	73978761	1.6568752e+08	35368814	62613286	60126984
61012.680555556	74132994	1.5734789e+08	35369389	62442278	60127961
61012.687500000	74615244	1.4811463e+08	35430207	62271269	60231352
61012.694444444	75326447	1.3972452e+08	35432311	62100261	60234928
61012.701388889	75640452	1.3519009e+08	35375700	61929252	60138690
61012.708333333	75685639	1.3254993e+08	35260374	61758244	59942636
61012.715277778	75237341	1.2708654e+08	35086334	61588040	59646768
61012.722222222	73774633	1.1951967e+08	34853579	61428471	59251084
61012.729166667	72474378	1.125665e+08	34569356	61288563	58767905
61012.736111111	72096968	1.0674406e+08	34254460	61168316	58232582
61012.743055556	72642406	1.0205235e+08	33946113	61067730	57708392
61012.750000000	74110690	98491377	33673673	61030624	57245244
61012.756944444	76370474	96061138	33442821	61101286	56852796
61012.763888889	79000808	94761633	33253559	61280181	56531050
61012.770833333	81712084	94592861	33105886	61567311	56280006
61012.777777778	83520034	93818033	33009375	61890214	56115938
61012.784722222	85389272	89424627	32974893	62166948	56057318
61012.791666667	87058699	83374045	33003731	62388031	56106343
61012.798611111	87587210	82546996	33095890	62552661	56263012
61012.805555556	88243682	90088725	33234245	62651005	56498217
61012.812500000	89013770	1.0076427e+08	33375928	62659412	56739077
61012.819444444	89515839	1.0883535e+08	33481640	62557073	56918789
61012.826388889	89382595	1.1330034e+08	33537836	62337807	57014320
61012.833333333	88582008	1.1468685e+08	33544513	61957795	57025673
61012.840277778	87072259	1.1480361e+08	33501674	61372749	56952845
61012.847222222	84843561	1.1493181e+08	33409317	60667095	56795838
61012.854166667	81939389	1.1507143e+08	33267442	59937742	56554651
61012.861111111	80374687	1.1522247e+08	33107042	59269171	56281971
61012.868055556	79395132	1.1538495e+08	32958715	58743325	56029816
61012.875000000	78455323	1.1555885e+08	32822070	58366779	55797519
61012.881944444	78551894	1.1358098e+08	32697107	58120680	55585081
61012.888888889	78897997	1.0574584e+08	32600947	57989082	55421611
61012.895833333	79904879	95018045	32569217	57986612	55367668
61012.902777778	81954177	86906136	32620416	58134077	55454707
61012.909722222	85294114	82572069	32742686	58437658	55662567
61012.916666667	88653604	83012428	32888706	58897356	55910800
61012.923611111	90890414	87674445	33018584	59513108	56131592
61012.930555556	92014330	94122431	33122017	60199307	56307430
61012.937500000	93135587	1.0130972e+08	33193134	60858388	56428328
61012.944444444	94429047	1.0918944e+08	33205582	61478333	56449490
61012.951388889	95701407	1.1509301e+08	33152648	62059143	56359501
61012.958333333	96975176	1.2129925e+08	33053970	62603720	56191748
61012.965277778	97379177	1.2906938e+08	32909547	63130919	55946230
61012.972222222	96364897	1.344626e+08	32719380	63634394	55622947
61012.979166667	93535431	1.3717735e+08	32483470	64040406	55221898
61012.986111111	89422311	1.51315e+08	32201815	64297510	54743085
61012.993055556	83273631	1.7065462e+08	31886274	64405706	54206666
61013.000000000	76405949	1.7843052e+08	31579305	64364994	53684819
61013.006944444	71713280	1.8041708e+08	31314168	64175437	53234086
61013.013888889	69489645	1.7987874e+08	31099400	63837750	52868981
61013.020833333	68581334	1.7786216e+08	30940875	63352587	52599487
61013.027777778	67782813	1.7441421e+08	30824378	62719948	52401443
61013.034722222	67066212	1.7220346e+08	30715159	61939833	52215770
61013.041666667	64384190	1.6895112e+08	30592678	61012241	52007553
61013.048611111	59973709	1.6339593e+08	30456937	59952912	51776794
61013.055555556	56143031	1.5947872e+08	30307936	58823297	51523491
61013.062500000	54413390	1.5750104e+08	30145674	57720552	51247645
61013.069444444	53578880	1.5226752e+08	29969490	56696124	50948134
61013.076388889	53033523	1.4570517e+08	29778641	55750012	50623689
61013.083333333	54007123	1.4046542e+08	29577904	54882217	50282437
61013.090277778	55043170	1.3781511e+08	29373911	54092738	49935649
61013.097222222	56157622	1.4263749e+08	29168426	53381576	49586325
61013.104166667	58989450	1.5066888e+08	28961450	52748730	49234465
61013.111111111	64596510	1.5746259e+08	28752981	52201592	48880069
61013.118055556	72978803	1.6198102e+08	28543021	51757694	48523136
61013.125000000	86214408	1.6422416e+08	28331570	51427175	48163668
61013.131944444	1.0399765e+08	1.6416929e+08	28118626	51194298	47801664
61013.138888889	1.1953335e+08	1.6839067e+08	27904190	51019904	47437124
61013.145833333	1.3196926e+08	1.8465031e+08	27688263	50880573	47070047
61013.152777778	1.4500094e+08	2.0345492e+08	27471504	50776306	46701557
61013.159722222	1.5642861e+08	2.2116707e+08	27254660	50707103	46332922
61013.166666667	1.6441813e+08	2.443581e+08	27037815	50672963	45964286
61013.173611111	1.7308819e+08	2.6473078e+08	26820971	50673887	45595650
61013.180555556	1.8254987e+08	2.7551412e+08	26604126	50709875	45227015
61013.187500000	1.8821728e+08	2.8156829e+08	26387282	50780926	44858379
61013.194444444	1.8901017e+08	2.877144e+08	26170437	50879650	44489743
61013.201388889	1.8492853e+08	2.9499004e+08	25953593	50988514	44121107
61013.208333333	1.7668516e+08	3.0339522e+08	25746051	51097379	43768287
61013.215277778	1.6545188e+08	3.1295266e+08	25573722	51206243	43475327
61013.222222222	1.5676079e+08	3.1708809e+08	25453210	51315107	43270457
61013.229166667	1.4760884e+08	3.0803952e+08	25384516	51423972	43153677
61013.236111111	1.3451985e+08	2.8639421e+08	25367640	51532836	43124987
61013.243055556	1.36004e+08	2.5992323e+08	25402581	51641701	43184388
61013.250000000	1.5309983e+08	2.3464529e+08	25489340	51750565	43331878
61013.256944444	1.6723272e+08	2.1066895e+08	25627917	51857402	43567459
61013.263888889	1.7562431e+08	1.8868661e+08	25813448	51959331	43882862
61013.270833333	1.8122149e+08	1.6890768e+08	26035762	52055496	44260795
61013.277777778	1.8404666e+08	1.5095776e+08	26289550	52145896	44692235
61013.284722222	1.8409984e+08	1.3555911e+08	26549624	52001695	45134361
61013.291666667	1.8138102e+08	1.2273784e+08	26772266	51691224	45512853
61013.298611111	1.75996e+08	1.1179786e+08	26922341	51528479	45767979
61013.305555556	1.689953e+08	1.0201736e+08	26983242	51530282	45871512
61013.312500000	1.6431932e+08	93393755	26954971	51696634	45823450
61013.319444444	1.6242305e+08	86710789	26837526	52008244	45623794
61013.326388889	1.4847303e+08	82032950	26630908	52379140	45272544
61013.333333333	1.2202164e+08	79360239	26379407	52742643	44844992
61013.340277778	97271325	78901363	26139592	53100777	44437306
61013.347222222	77647202	80051906	25928604	53456427	44078627
61013.354166667	70520397	81023307	25756616	53810446	43786247
61013.361111111	66148984	81350462	25628935	54162834	43569189
61013.368055556	57675935	81850233	25570750	54742431	43470275
61013.375000000	54289501	82735307	25616476	55480903	43548009
61013.381944444	55566802	83033796	25775340	56064254	43818077
61013.388888889	59478634	83190354	26051086	56475663	44286847
61013.395833333	64418667	83808442	26463855	56715129	44988553
61013.402777778	70848156	84494668	26974492	56801943	45856637
61013.409722222	79905038	85565013	27527453	56822076	46796670
61013.416666667	93251948	86235519	28078446	56831169	47733359
61013.423611111	1.1187484e+08	85957966	28570904	56772266	48570538
61013.430555556	1.3470595e+08	85316254	28992548	56599448	49287332
61013.437500000	1.5437413e+08	85396216	29343378	56355315	49883743
61013.444444444	1.8062132e+08	86183657	29623393	56106197	50359769
61013.451388889	2.1526361e+08	85907820	29832595	55875823	50715411
61013.458333333	2.3944942e+08	84329887	29970982	55664193	50950669
61013.465277778	2.4855634e+08	83117849	30038554	55471307	51065542
61013.472222222	2.4722115e+08	82548863	30031567	55297164	51053664
61013.479166667	2.4239325e+08	82022040	29929881	55141766	50880798
61013.486111111	2.3602907e+08	81147038	29772649	54997284	50613503
61013.493055556	2.2715889e+08	79543385	29615417	54853697	50346209
61013.500000000	2.141833e+08	78064019	29458185	54719847	50078914
61013.506944444	1.9611634e+08	77034623	29300953	54652692	49811620
61013.513888889	1.7295802e+08	75586953	29143721	54698151	49544325
61013.520833333	1.448211e+08	73617789	28983510	54806231	49271967
61013.527777778	1.1208045e+08	71606431	28816558	54899029	48988148
61013.534722222	80618826	69784539	28642079	54948637	48691534
61013.541666667	60679339	68152113	28460074	54955054	48382126
61013.548611111	56884386	66710049	28277603	54918281	48071925
61013.555555556	64597200	65459833	28105746	54838318	47779769
61013.562500000	76868365	64402053	27948526	54715164	47512494
61013.569444444	91308626	63536710	27805942	54556646	47270101
61013.576388889	1.0812881e+08	62863804	27677994	54372788	47052590
61013.583333333	1.2761635e+08	62314353	27564682	54165785	46859959
61013.590277778	1.4967739e+08	61793625	27466006	53935636	46692211
61013.597222222	1.7207404e+08	61275867	27381967	53678927	46549343
61013.604166667	1.9254949e+08	60761080	27315542	53398745	46436421
61013.611111111	2.1072889e+08	60249263	27270495	53105773	46359842
61013.618055556	2.257704e+08	59740417	27247611	52804194	46320938
61013.625000000	2.3709425e+08	59234542	27249788	52494006	46324639
61013.631944444	2.4470044e+08	58730740	27279873	52175210	46375784
61013.638888889	2.4963342e+08	58227528	27333793	51847806	46467448
61013.645833333	2.520031e+08	57724315	27407526	51511794	46592795
61013.652777778	2.4757518e+08	57221103	27501074	51167173	46751825
61013.659722222	2.3471909e+08	56717890	27614434	50813945	46944539
61013.666666667	2.1707811e+08	56214678	27747258	50452108	47170339
61013.673611111	1.9776147e+08	55716538	27896799	50081662	47424558
61013.680555556	1.8724097e+08	55236069	28060660	49706025	47703121
61013.687500000	1.8303323e+08	54780799	28238840	49329499	48006028
61013.694444444	1.7331823e+08	54350727	28431341	48958724	48333280
61013.701388889	1.593682e+08	53945853	28638162	48599877	48684875
61013.708333333	1.446492e+08	53566178	28856404	48253383	49055887
61013.715277778	1.3135508e+08	53211702	29076161	47919243	49429473
61013.722222222	1.1844138e+08	52882424	29290424	47597457	49793720
61013.729166667	1.0579819e+08	52578344	29499193	47288024	50148628
61013.736111111	97631408	52299463	29614420	46990945	50344513
61013.743055556	95192535	52045780	29462936	46706220	50086991
61013.750000000	94487651	51817295	29116407	46445122	49497892
61013.756944444	92501366	51608937	28769637	46225783	48908383
61013.763888889	80999769	51408105	28460645	46055065	48383097
61013.770833333	64627941	51207274	28189432	45932967	47922035
61013.777777778	55356268	51006442	27955997	45751139	47525196
61013.784722222	52028583	50805611	27760341	45467056	47192580
61013.791666667	51105009	50604779	27602463	45160995	46924188
61013.798611111	50334570	50403948	27482364	44847409	46720019
61013.805555556	49717264	50202552	27339430	44526297	46477030
61013.812500000	49253093	49999922	27029328	44197661	45949858
61013.819444444	48942057	49795951	26658605	43861500	45319628
61013.826388889	48292225	49590640	26502637	43518555	45054483
61013.833333333	47824899	49383988	26504752	43179383	45058078
61013.840277778	48099847	49175996	26493521	42846938	45038985
61013.847222222	48211719	48966663	26439308	42517193	44946824
61013.854166667	48196172	48755990	26323234	42193295	44749498
61013.861111111	48334063	48543976	26106564	41978157	44381159
61013.868055556	48415768	48330622	25769444	41908128	43808054
61013.875000000	48478003	48115927	25311873	41902504	43030185
61013.881944444	48560422	47907662	24746134	41946831	42068428
61013.888888889	48663023	47717427	24179032	42022518	41104354
61013.895833333	48785807	47549156	23788809	42090116	40440975
61013.902777778	48928774	47402955	23556971	42128771	40046850
61013.909722222	49583852	47278826	23381306	42150998	39748220
61013.916666667	50229742	47176767	23247173	42192522	39520194
61013.923611111	50306675	47096778	23133944	42250272	39327705
61013.930555556	50669506	47038861	23035631	42292886	39160572
61013.937500000	51207342	47004118	22971113	42314966	39050892
61013.944444444	51481850	46994089	22979125	42316196	39064513
61013.951388889	51586596	47009203	22960469	42296578	39032798
61013.958333333	51558679	47047445	22881964	42256110	38899338
61013.965277778	51415585	47091452	22869213	42194794	38877663
61013.972222222	51157315	47122612	22928044	42141881	38977675
61013.979166667	50783869	47137663	23024544	42170524	39141725
61013.986111111	50295245	47136603	23158715	42324630	39369815
61013.993055556	49691446	47119432	23325697	42590941	39653684
61014.000000000	48972470	47086151	23510578	42911903	39967983
61014.006944444	48138317	47036759	23703307	43292959	40295622
61014.013888889	47239482	46974900	23903882	43800033	40636599
61014.020833333	46333553	46915337	24124560	44441458	41011752
61014.027777778	45427624	46868761	24382952	45160796	41451018
61014.034722222	44521694	46834739	24803463	45909463	42165887
61014.041666667	43615765	46815289	25419276	46687459	43212768
61014.048611111	42709836	46820002	26092503	47494785	44357254
61014.055555556	41803907	46856454	26759729	48320782	45491539
61014.062500000	40897977	46924644	27407287	49122980	46592387
61014.069444444	39992048	47024573	28032907	49869534	47655941
61014.076388889	39086119	47156240	28641447	50560412	48690460
61014.083333333	38180190	47348731	29247820	51195613	49721293
61014.090277778	37274260	47947247	29862078	51751678	50765532
61014.097222222	36368331	48978779	30459239	52191210	51780707
61014.104166667	35462402	50120167	30983346	52508129	52671688
61014.111111111	34624896	51337372	31398068	52758875	53376715
61014.118055556	33943522	52630394	31698051	53021264	53886687
61014.125000000	33437564	53999233	31883296	53333357	54201603
61014.131944444	33107021	55415522	31953803	53703983	54321465
61014.138888889	32951893	56828318	31986722	54133142	54377428
61014.145833333	32972181	58215046	32094113	54569019	54559992
61014.152777778	33167884	59575705	32310883	54957070	54928502
61014.159722222	33539003	60910295	32637034	55294567	55482957
61014.166666667	34085537	62189730	33072564	55582851	56223359
61014.173611111	34807486	63068811	33536479	55832426	57012014
61014.180555556	35704851	63516903	33958859	56052459	57730061
61014.187500000	36092566	63841296	34369502	56242947	58428154
61014.194444444	35859612	64058812	34787127	56403893	59138116
61014.201388889	35560753	64160297	35211734	56506062	59859948
61014.208333333	35176706	64141586	35643323	56511392	60593650
61014.215277778	34707471	64031046	36081895	56411056	61339221
61014.222222222	34153048	63879620	36461695	56205054	61984882
61014.229166667	33513436	63709884	36684334	55953961	62363367
61014.236111111	32788636	63521837	36717171	55721118	62419190
61014.243055556	31978647	63315481	36560207	55509285	62152351
61014.250000000	31083470	63090815	36213441	55317123	61562850
61014.256944444	30103104	62847838	35757870	55134126	60788379
61014.263888889	29037550	62586551	35288394	54951129	59990270
61014.270833333	28571874	62306955	34818918	54768132	59192160
61014.277777778	28748669	62014039	34349441	54592007	58394050
61014.284722222	28925464	61716958	33879965	54435688	57595941
61014.291666667	29102260	61419878	33410489	54305235	56797831
61014.298611111	29564061	61122797	32936409	54195321	55991895
61014.305555556	30288702	60825717	32468290	54089806	55196093
61014.312500000	30948043	60525731	32024690	53977877	54441973
61014.319444444	31521122	60216295	31608999	53859534	53735299
61014.326388889	32007938	59893771	31221219	53734777	53076072
61014.333333333	32408491	59558160	30861348	53603606	52464291
61014.340277778	32722781	59209461	30529386	53466021	51899957
61014.347222222	32950808	58847675	30225334	53322022	51383069
61014.354166667	33092573	58472802	29949192	53171610	50913627
61014.361111111	33148074	58095513	29700960	53007911	50491632
61014.368055556	33117313	57745984	29480637	52817993	50117083
61014.375000000	33000289	57443719	29288224	52595794	49789981
61014.381944444	32511996	57188718	29128324	52346643	49518151
61014.388888889	31674601	56980981	28990373	52086679	49283634
61014.395833333	30814284	56823414	28855812	51826715	49054881
61014.402777778	29981348	56722561	28721252	51566751	48826128
61014.409722222	29211110	56682059	28587954	51306788	48599522
61014.416666667	28507582	56701909	28457227	51046824	48377287
61014.423611111	27870766	56782110	28329117	50786860	48159500
61014.430555556	27300662	56922662	28203624	50526896	47946160
61014.437500000	26797269	57132548	28080747	50275495	47737269
61014.444444444	26360587	57416938	27960486	50060806	47532826
61014.451388889	25990617	57749608	27842842	49902412	47332832
61014.458333333	25687358	58083415	27727815	49800315	47137285
61014.465277778	25450811	58393632	27615404	49754514	46946186
61014.472222222	25280975	58680260	27505609	49814045	46759536
61014.479166667	25179809	58943297	27398431	50048660	46577333
61014.486111111	25117972	59182744	27293870	50479077	46399579
61014.493055556	25060150	59398601	27190662	51099054	46224126
61014.500000000	25002328	59590868	27093380	51841430	46058746
61014.506944444	24944507	59759546	27009541	52645291	45916220
61014.513888889	24892057	59904633	26940828	53510635	45799408
61014.520833333	24855705	60017148	26892496	54428901	45717243
61014.527777778	24840806	60081249	27294169	55371940	46400088
61014.534722222	24847360	60194149	28347196	56320166	48190234
61014.541666667	24875368	60583513	29610818	57273581	50338390
61014.548611111	24924829	61351201	30867294	58232183	52474400
61014.555555556	24995742	62208654	32116627	59146938	54598266
61014.562500000	25088109	62889032	33358815	59928335	56709986
61014.569444444	25201929	63392335	34593859	60512864	58809561
61014.576388889	25337203	63718564	35821759	60883735	60896991
61014.583333333	25493929	63918792	37036635	61108106	62962279
61014.590277778	25672109	64353216	38230923	61246895	64992569
61014.597222222	25866370	65330960	39402940	61300099	66984999
61014.604166667	26065986	66852025	40547433	61267720	68930637
61014.611111111	26265602	68916410	41234776	61149758	70099120
61014.618055556	26465218	71206310	41263621	60946212	70148156
61014.625000000	26664834	73234269	41074728	60657083	69827037
61014.631944444	26864450	74852362	40885835	60282370	69505919
61014.638888889	27064066	76349152	40696941	59822073	69184800
61014.645833333	27263682	77991476	40508048	59295951	68863681
61014.652777778	27463298	79779335	40319155	58746794	68542563
61014.659722222	27662914	81712728	40130261	58197637	68221444
61014.666666667	27862530	83740583	39928894	57648481	67879119
61014.673611111	28062146	85502702	39696658	57099324	67484318
61014.680555556	28261762	86689960	39427632	56550167	67026975
61014.687500000	28496601	87305063	39121818	56001011	66507091
61014.694444444	28846075	87363366	38779216	55451854	65924666
61014.701388889	29354370	87094161	38399824	54902697	65279700
61014.708333333	30021487	86784876	37983643	54353541	64572193
61014.715277778	30847426	86506302	37530674	53804384	63802145
61014.722222222	31832187	86258231	37040915	53255227	62969556
61014.729166667	32975770	86036639	36514368	52706071	62074425
61014.736111111	34278175	85841914	35951032	52156040	61116754
61014.743055556	35739402	85681353	35350907	51602824	60096541
61014.750000000	37359450	85558055	34726467	51044983	59034994
61014.756944444	39138321	85472020	34096107	50482517	57963382
61014.763888889	41034034	85423249	33476671	49915426	56910340
61014.770833333	42837276	85409035	32913070	49343711	55952219
61014.777777778	44336528	85414023	32439292	48767370	55146797
61014.784722222	45590293	85425563	32055338	48186405	54494074
61014.791666667	46722147	85443657	31761206	47600815	53994051
61014.798611111	47752973	85468302	31556898	47010600	53646727
61014.805555556	48682772	85499708	31442413	46415761	53452102
61014.812500000	49511542	85541898	31414300	45816296	53404309
61014.819444444	50239284	85594484	31466226	45213080	53492585
61014.826388889	50865999	85650170	31595311	44631873	53712028
61014.833333333	51391686	85705855	31801553	44107088	54062640
61014.840277778	51816345	85761540	32084953	43648254	54544419
61014.847222222	52181955	85817225	32434586	43255371	55138797
61014.854166667	52662608	85872910	32805542	42928439	55769422
61014.861111111	53390411	85929848	33163833	42667457	56378517
61014.868055556	54199015	85994502	33498542	42472427	56947522
61014.875000000	54779224	86072085	33742334	42346508	57361967
61014.881944444	55139402	86162595	33838788	42301755	57525940
61014.888888889	55430763	86266033	33787905	42347060	57439438
61014.895833333	55653304	86382400	33593135	42482424	57108330
61014.902777778	55807027	86511694	33260812		56543380
61014.909722222	55891931	86653916	32856158		55855469
61014.916666667	55908017	86809067	32480564		55216959
61014.923611111	55864539	86954155	32157402		54667584
61014.930555556	55775665	87035654	31814578		54084783
61014.937500000	55646309	87023027	31395674		53372645
61014.944444444	55476471	86927965	30911339		52549276
61014.951388889	55329808	86783522	30412440		51701148
61014.958333333	55391940	86611060	29995614		50992544
61014.965277778	55633620	86410581	29717280		50519377
61014.972222222	55903636	86182084	29577439		50281646
61014.979166667	56201988	85925569	29576089		50279352
61014.986111111	56528677	85641037	29713232		50512494
61014.993055556	56883701	85329389	29926525		50875093
61015.000000000	57267067	84991878	30124635		51211880
61015.006944444	57669683	84651839	30294878		51501292
61015.013888889	58077543	84234551	30509981		51866967
61015.020833333	58485733	83764502	30826363		52404817
61015.027777778	58894255	83350954	31233374		53096736
61015.034722222	59303106	82954387	31691063		53874807
61015.041666667	59712289	82548228	32134026		54627845
61015.048611111	60121801	82132475	32489108		55231484
61015.055555556	60531645	81707129	32760365	55953740	55692620
61015.062500000	60941819	81272190	33000476	56113857	56100809
61015.069444444	61352324	80827657	33221014	56244021	56475723
61015.076388889	61763159	80372629	33433149	56344234	56836353
61015.083333333	62181888	79905853	33645252	56414494	57196928
61015.090277778	62760636	79426984	33853891	56454801	57551614
61015.097222222	63273683	79064271	34058432	56465157	57899335
61015.104166667	63638814	78823760	34195461	56445560	58132284
61015.111111111	64144088	78583250	34171649	56395238	58091804
61015.118055556	64803339	78342739	33957084	56309006	57727043
61015.125000000	65633085	78102228	33712492	56182446	57311236
61015.131944444	66636013	77778335	33705851	56015558	57299948
61015.138888889	67812124	77272330	33959367	55818744	57730925
61015.145833333	69161416	76669251	34290113	55606979	58293193
61015.152777778	70546588	76069481	34600215	55384838	58820366
61015.159722222	71781111	75473020	34878502	55153514	59293453
61015.166666667	72808186	74879868	35106546	54954621	59681127
61015.173611111	73475523	74290024	35277091	54832898	59971054
61015.180555556	74008680	73703489	35390137	54792656	60163233
61015.187500000	74489874	73120264	35509100	54833896	60365470
61015.194444444	74631045	72540347	35728524	54957388	60738492
61015.201388889	74418360	71963739	36090010	55168321	61353016
61015.208333333	73835299	71390439	36479404	55425262	62014986
61015.215277778	72879176	70903832	36701883	55665296	62393201
61015.222222222	71549992	70602644	36731188	55871356	62443019
61015.229166667	69885896	70401839	36696133	56043442	62383426
61015.236111111	68076151	70201035	36666517	56181555	62333078
61015.243055556	66315742	70000230	36627261	56284503	62266344
61015.250000000	64646452	69799426	36578367	56310670	62183223
61015.256944444	63066183	69598621	36519833	56215319	62083717
61015.263888889	61574937	69397816	36451661	55994137	61967824
61015.270833333	60172713	69197012	36373850	55647126	61835546
61015.277777778	58859511	68996207	36285184	55174285	61684812
61015.284722222	57635331	68803590	36173974	54582049	61495756
61015.291666667	56500174	68631374	36029752	53928066	61250578
61015.298611111	55454039	68483589	35852517	53280615	60949278
61015.305555556	54496926	68360233	35642269	52656764	60591857
61015.312500000	53590686	68261307	35400437	52056512	60180744
61015.319444444	52683357	68186811	35143530	51479859	59744000
61015.326388889	51766483	68136744	34886622	50926806	59307257
61015.333333333	50847514	68111107	34629714	50397352	58870514
61015.340277778	49928545	68103766	34372806	49891497	58433770
61015.347222222	49009575	68085166	34115898	49409241	57997027
61015.354166667	48090606	68031884	33858990	48950585	57560284
61015.361111111	47165303	67943920	33602082	48515528	57123540
61015.368055556	46220248	67813086	33345175	48097634	56686797
61015.375000000	45248355	67627169	33088267	47685105	56250053
61015.381944444	44249626	67382140	32831359	47272577	55813310
61015.388888889	43224061	67099955	32661192	46861889	55524026
61015.395833333	42224781	66832760	32709450	46534335	55606065
61015.402777778	41345337	66610745	33021079	46369366	56135834
61015.409722222	40626158	66433909	33225614	46366983	56483544
61015.416666667	40067244	66301231	33155561	46527184	56364453
61015.423611111	39668595	66181549	33060762	46818866	56203296
61015.430555556	39430211	66068150	32988094	47088814	56079759
61015.437500000	39352091	65984456	32937555	47214913	55993844
61015.444444444	39440571	65930468	32909147	47197166	55945549
61015.451388889	39690785	65906186	32902868	47035571	55934876
61015.458333333	40066358	65911609	32922603	47020277	55968425
61015.465277778	40542111	65946737	32975632	47541535	56058575
61015.472222222	41118044	65989616	32978612	48392627	56063640
61015.479166667	41741035	65988098	32799855	49181718	55759754
61015.486111111	42317533	65911994	32394420	49823784	55070513
61015.493055556	42807110	65761304	32132768	50318825	54625705
61015.500000000	43209765	65537052	32181424	50666842	54708421
61015.506944444	43520335	65276530	32273038	50898939	54864164
61015.513888889	43727243	65016009	32344199	51168331	54985138
61015.520833333	43824073	64755487	32394908	51597131	55071343
61015.527777778	43810827	64494966	32425164	52185340	55122779
61015.534722222	43705787	64234444	32434968	52932956	55139446
61015.541666667	43552413	63973922	32420436	53549831	55114741
61015.548611111	43375884	63713401	32374287	53654736	55036288
61015.555555556	43176200	63452879	32293125	53473607	54898312
61015.562500000	42953361	63192358	32194805	53329031	54731168
61015.569444444	42707366	62931836	32162124	53226578	54675610
61015.576388889	42438216	62671314	32260026	53166248	54842044
61015.583333333	42152806	62410793	32357939	53148041	55008497
61015.590277778	41864412	62150271	32333626	53170557	54967164
61015.597222222	41585835	61889750	32195419	53231998	54732213
61015.604166667	41323486	61629228	31943318	53333487	54303641
61015.611111111	41077367	61368706	31638204	53477179	53784946
61015.618055556	40847476	61111316	31391742	53663705	53365961
61015.625000000	40633815	60868107	31254719	53893066	53133022
61015.631944444	40436383	60646998	31227135	54156241	53086130
61015.638888889	40255181	60447988	31308991	54432169	53225284
61015.645833333	40110111	60271078	31482431	54708808	53520133
61015.652777778	40030944	60122298	31664658	54986159	53829918
61015.659722222	40027547	60061062	31790728	55264221	54044237
61015.666666667	40093025	60139609	31992183	55537054	54386712
61015.673611111	40219264	60303628	32363948	55793604	55018712
61015.680555556	40405043	60499955	32860952	56029155	55863618
61015.687500000	40650362	60728588	33474741	56242585	56907060
61015.694444444	40955221	60989529	34144437	56431737	58045542
61015.701388889	41319621	61279645	34753365	56595982	59080720
61015.708333333	41743562	61587888	35242076	56735317	59911529
61015.715277778	42227042	61906338	35606913	56849746	60531752
61015.722222222	42770063	62234995	35847876	56939266	60941389
61015.729166667	43352721	62573859	35964964	57003879	61140440
61015.736111111	43840475	62916901	35958179	57043585	61128904
61015.743055556	44021815	63204706	35827520	57056253	60906783
61015.750000000	43799868	63378232	35572986	57035544	60474076
61015.756944444	43174634	63458372	35239400	56983760	59906979
61015.763888889	42696183	63471674	34880034	56907415	59296058
61015.770833333	42969054	63422773	34503341	56806510	58655679
61015.777777778	43791699	63416731	34146296	56681044	58048703
61015.784722222	43971569	63473849	33888651	56531017	57610707
61015.791666667	43349652	63513996	33776842	56356429	57420631
61015.798611111	42703468	63537172	33814525	56157280	57484692
61015.805555556	42033020	63543378	34001699	55933569	57802889
61015.812500000	41338305	63532613	34338366	55685296	58375223
61015.819444444	40724096	63504878	34824525	55412462	59201693
61015.826388889	40392034	63460171	35442209	55117196	60251755
61015.833333333	40438994	63405298	36108981	54811778	61385268
61015.840277778	40864976	63373675	36760377	54506361	62492640
61015.847222222	41119908	63391919	37396394	54200943	63573870
61015.854166667	40599253	63455395	38017034	53901907	64628957
61015.861111111	39504559	63459042	38585320	53620557	65595044
61015.868055556	39028375	63382558	39026508	53361820	66345064
61015.875000000	39329712	63306075	39302826	53125694	66814804
61015.881944444	39631049	63229592	39414274	52912180	67004266
61015.888888889	39932386	63153108	39360853	52721277	66913449
61015.895833333	40233724	63076625	39142561	52552987	66542354
61015.902777778	40535061	63000141	38759400	52403202	65890980
61015.909722222	40836398	62923658	38229336	52265240	64989872
61015.916666667	41137735	62847174	37634805	52136526	63979169
61015.923611111	41439073	62770691	37040275	52017060	62968467
61015.930555556	41740410	62694207	36445744	51906842	61957764
61015.937500000	42041747	62617724	35851213	51799489	60947062
61015.944444444	42343084	62541241	35256682	51683698	59936360
61015.951388889	42644421	62464757	34662089	51554542	58925551
61015.958333333	42945759	62388274	34078446	51412022	57933359
61015.965277778	43247096	62311790	33545927	51256138	57028077
61015.972222222	43548433	62223074	33093631	51086889	56259173
61015.979166667	43849770	62092821	32721557	50904277	55626647
61015.986111111	44151108	61903958	32429706	50712406	55130500
61015.993055556	44452445	61656486	32218077	50517960	54770731
61016.000000000	44753782	61351006	32086670	50317559	54547340
61016.006944444	45055119	61083080	32035486	50094611	54460327
61016.013888889	45371136	60947664	32064525	49838481	54509692
61016.020833333	45774182	60944757	32173786	49549167	54695436
61016.027777778	46321928	61074360	32363269	49226671	55017557
61016.034722222	47014375	61289108	32633037	48870991	55476163
61016.041666667	47851522	61486259	32972077	48482129	56052532
61016.048611111	48833369	61610435	33340216	48060084	56678367
61016.055555556	49959916	61673867	33708355	47604855	57304203
61016.062500000	51231164	61705860	34076494	47112413	57930039
61016.069444444	52647111	61723488	34444632	46584662	58555875
61016.076388889	54207760	61726748	34786492	46038693	59137037
61016.083333333	55913108	61715040	35036618	45491619	59562250
61016.090277778	57236377	61606477	35155831	44960032	59764913
61016.097222222	58071547	61373368	35181118	44454569	59807900
61016.104166667	59498442	61069303	35160686	43975229	59773166
61016.111111111	61506392	60694283	35105763	43541431	59679796
61016.118055556	63425661	60295672	35009892	43181826	59516816
61016.125000000	65256249	59976213	34857570	42905645	59257869
61016.131944444	66998157	59791284	34639747	42712889	58887570
61016.138888889	68651385	59740885	34356424	42603557	58405921
61016.145833333	70215932	59825016	34007600	42581681	57812921
61016.152777778	71691798	60043678	33593276	42645355	57108569
61016.159722222	73078983	60396870	33139730	42744464	56337541
61016.166666667	74540965	60884593	32462209	42816807	55185755
61016.173611111	76005129	61493172	31596536	42844363	53714110
61016.180555556	76508034	62155341	30775150	42827133	52317754
61016.187500000	75492349	62817511	29972411	42765116	50953098
61016.194444444	73797832	63472924	29177093	42638895	49601059
61016.201388889	72094217	64095497	28395652	42279236	48272609
61016.208333333	70381506	64665904	27643441	41759633	46993850
61016.215277778	68659697	65184145	26891163	41304669	45714976
61016.222222222	66928791	65650220	26100623	40915625	44371060
61016.229166667	65188789	66064128	25285641	40592501	42985590
61016.236111111	63439688	66425871	24477423	40335298	41611619
61016.243055556	61681491	66735447	23712238	40177039	40310804
61016.250000000	59750720	66992857	23325241	40168768	39652910
61016.256944444	58246769	67198101	23385856	40251850	39755954
61016.263888889	58224419	67351179	23624657	40317499	40161918
61016.270833333	59089129	67426588	24019077	40333587	40832431
61016.277777778	60107687	67397397	24569115	40300116	41767495
61016.284722222	61433332	67281505	25270524	40395683	42959890
61016.291666667	63066064	67098239	26009819	40596598	44216692
61016.298611111	65005885	66847597	26715955	40699286	45417124
61016.305555556	67252792	66529582	27427128	40702466	46626117
61016.312500000	69806788	66144191	28129518	40606138	47820181
61016.319444444	72667870	65691426	28791919	40410302	48946262
61016.326388889	75777085	65171286	29378062	40114959	49942705
61016.333333333	78830622	64583772	29803000	39720107	50665100
61016.340277778	81583630	63928883	30053408	39302402	51090794
61016.347222222	83847363	63175112	30207370	38970630	51352530
61016.354166667	85214401	62304901	30290227	38777905	51493386
61016.361111111	85312828	61361643	30267791	38758020	51455245
61016.368055556	84357580	60430743	30087891	38885760	51149415
61016.375000000	82922347	59568163	29841933	39063019	50731286
61016.381944444	81212640	58839027	29639307	39218115	50386822
61016.388888889	79228460	58433838	29480013	39351983	50116023
61016.395833333					
61016.402777778					
61016.409722222					
61016.416666667					
61016.423611111					
61016.430555556					
