2025-11-08T00:00:00.000Z,655.7,8.2
2025-11-08T01:00:00.000Z,661.9,7.9
2025-11-08T02:00:00.000Z,656.6,7.8
2025-11-08T03:00:00.000Z,665.3,8.6
2025-11-08T04:00:00.000Z,657.8,7.9
2025-11-08T05:00:00.000Z,653.7,7.8
2025-11-08T06:00:00.000Z,651.9,8.3
2025-11-08T07:00:00.000Z,654.9,8.6
2025-11-08T08:00:00.000Z,657.3,9.2
2025-11-08T09:00:00.000Z,665.2,9.2
2025-11-08T10:00:00.000Z,647.4,9.5
2025-11-08T11:00:00.000Z,645.8,9.0
2025-11-08T12:00:00.000Z,660.8,9.5
2025-11-08T13:00:00.000Z,664.8,9.5
2025-11-08T14:00:00.000Z,640.9,9.0
2025-11-08T15:00:00.000Z,663.0,9.4
2025-11-08T16:00:00.000Z,663.8,8.4
2025-11-08T17:00:00.000Z,639.3,8.2
2025-11-08T18:00:00.000Z,646.9,8.4
2025-11-08T19:00:00.000Z,653.0,7.5
2025-11-08T20:00:00.000Z,625.1,7.6
2025-11-08T21:00:00.000Z,595.9,7.6
2025-11-08T22:00:00.000Z,594.6,7.3
2025-11-08T23:00:00.000Z,593.2,7.7
2025-11-09T00:00:00.000Z,577.9,7.7
2025-11-09T01:00:00.000Z,611.5,8.0
2025-11-09T02:00:00.000Z,629.1,9.3
2025-11-09T03:00:00.000Z,613.5,9.7
2025-11-09T04:00:00.000Z,615.5,9.1
2025-11-09T05:00:00.000Z,639.9,9.0
2025-11-09T06:00:00.000Z,665.9,8.5
2025-11-09T07:00:00.000Z,643.4,9.2
2025-11-09T08:00:00.000Z,622.6,8.9
2025-11-09T09:00:00.000Z,637.5,8.9
2025-11-09T10:00:00.000Z,631.1,9.3
2025-11-09T11:00:00.000Z,630.6,9.1
2025-11-09T12:00:00.000Z,627.7,8.8
2025-11-09T13:00:00.000Z,617.6,8.7
2025-11-09T14:00:00.000Z,600.6,8.8
2025-11-09T15:00:00.000Z,609.9,9.0
2025-11-09T16:00:00.000Z,618.9,9.5
2025-11-09T17:00:00.000Z,625.0,9.6
2025-11-09T18:00:00.000Z,622.6,9.5
2025-11-09T19:00:00.000Z,602.5,9.7
2025-11-09T20:00:00.000Z,606.7,9.2
2025-11-09T21:00:00.000Z,613.4,8.9
2025-11-09T22:00:00.000Z,608.5,8.9
2025-11-09T23:00:00.000Z,617.0,8.9
2025-11-10T00:00:00.000Z,-1.0E31,-1.0E31
2025-11-10T01:00:00.000Z,-1.0E31,-1.0E31
2025-11-10T02:00:00.000Z,-1.0E31,-1.0E31
2025-11-10T03:00:00.000Z,-1.0E31,-1.0E31
2025-11-10T04:00:00.000Z,661.6,9.1
2025-11-10T05:00:00.000Z,666.5,8.7
2025-11-10T06:00:00.000Z,642.8,8.7
2025-11-10T07:00:00.000Z,649.8,8.6
2025-11-10T08:00:00.000Z,666.6,8.4
2025-11-10T09:00:00.000Z,654.9,7.9
2025-11-10T10:00:00.000Z,635.2,7.5
2025-11-10T11:00:00.000Z,613.0,7.6
2025-11-10T12:00:00.000Z,590.9,7.9
2025-11-10T13:00:00.000Z,557.9,8.0
2025-11-10T14:00:00.000Z,560.0,7.6
2025-11-10T15:00:00.000Z,558.7,7.3
2025-11-10T16:00:00.000Z,545.5,7.2
2025-11-10T17:00:00.000Z,540.9,7.8
2025-11-10T18:00:00.000Z,551.6,7.8
2025-11-10T19:00:00.000Z,564.6,8.0
2025-11-10T20:00:00.000Z,555.9,7.9
2025-11-10T21:00:00.000Z,557.0,7.9
2025-11-10T22:00:00.000Z,563.0,8.3
2025-11-10T23:00:00.000Z,555.3,7.9
2025-11-11T00:00:00.000Z,551.1,8.1
2025-11-11T01:00:00.000Z,548.9,8.1
2025-11-11T02:00:00.000Z,542.9,7.7
2025-11-11T03:00:00.000Z,567.9,8.1
2025-11-11T04:00:00.000Z,580.5,7.8
2025-11-11T05:00:00.000Z,573.4,7.2
2025-11-11T06:00:00.000Z,592.4,7.1
2025-11-11T07:00:00.000Z,601.9,7.0
2025-11-11T08:00:00.000Z,592.0,7.9
2025-11-11T09:00:00.000Z,602.1,8.1
2025-11-11T10:00:00.000Z,588.2,9.3
2025-11-11T11:00:00.000Z,626.3,10.2
2025-11-11T12:00:00.000Z,652.8,10.1
2025-11-11T13:00:00.000Z,650.2,10.4
2025-11-11T14:00:00.000Z,652.3,10.7
2025-11-11T15:00:00.000Z,710.2,14.3
2025-11-11T16:00:00.000Z,903.1,47.0
2025-11-11T17:00:00.000Z,828.2,25.5
2025-11-11T18:00:00.000Z,827.6,40.1
2025-11-11T19:00:00.000Z,855.0,29.3
2025-11-11T20:00:00.000Z,811.1,24.1
2025-11-11T21:00:00.000Z,810.8,11.4
2025-11-11T22:00:00.000Z,796.1,19.6
2025-11-11T23:00:00.000Z,762.3,25.4
2025-11-12T00:00:00.000Z,750.1,23.0
2025-11-12T01:00:00.000Z,729.1,29.1
2025-11-12T02:00:00.000Z,719.0,36.8
2025-11-12T03:00:00.000Z,711.5,15.0
2025-11-12T04:00:00.000Z,711.4,16.2
2025-11-12T05:00:00.000Z,708.1,23.8
2025-11-12T06:00:00.000Z,700.1,15.8
2025-11-12T07:00:00.000Z,711.8,11.6
2025-11-12T08:00:00.000Z,742.7,12.7
2025-11-12T09:00:00.000Z,949.8,4.1
2025-11-12T10:00:00.000Z,888.5,2.5
2025-11-12T11:00:00.000Z,977.7,3.3
2025-11-12T12:00:00.000Z,847.1,2.6
2025-11-12T13:00:00.000Z,811.5,2.3
2025-11-12T14:00:00.000Z,832.5,2.6
2025-11-12T15:00:00.000Z,780.9,3.2
2025-11-12T16:00:00.000Z,870.6,4.0
2025-11-12T17:00:00.000Z,846.9,5.6
2025-11-12T18:00:00.000Z,766.9,8.7
2025-11-12T19:00:00.000Z,799.5,16.7
2025-11-12T20:00:00.000Z,781.0,25.0
2025-11-12T21:00:00.000Z,769.1,19.9
2025-11-12T22:00:00.000Z,770.1,19.0
2025-11-12T23:00:00.000Z,748.0,16.2
2025-11-13T00:00:00.000Z,742.5,14.1
2025-11-13T01:00:00.000Z,732.4,13.3
2025-11-13T02:00:00.000Z,733.0,15.4
2025-11-13T03:00:00.000Z,762.4,17.0
2025-11-13T04:00:00.000Z,765.1,15.9
2025-11-13T05:00:00.000Z,775.5,8.0
2025-11-13T06:00:00.000Z,758.2,3.0
2025-11-13T07:00:00.000Z,748.2,2.9
2025-11-13T08:00:00.000Z,740.4,3.5
2025-11-13T09:00:00.000Z,729.1,2.6
2025-11-13T10:00:00.000Z,712.1,3.2
2025-11-13T11:00:00.000Z,701.0,1.9
2025-11-13T12:00:00.000Z,689.9,1.5
2025-11-13T13:00:00.000Z,692.3,0.7
2025-11-13T14:00:00.000Z,669.8,3.7
2025-11-13T15:00:00.000Z,664.2,3.7
2025-11-13T16:00:00.000Z,654.9,4.1
2025-11-13T17:00:00.000Z,650.4,2.2
2025-11-13T18:00:00.000Z,627.7,3.4
2025-11-13T19:00:00.000Z,625.3,4.2
2025-11-13T20:00:00.000Z,625.8,14.9
2025-11-13T21:00:00.000Z,603.4,7.9
2025-11-13T22:00:00.000Z,635.2,6.6
2025-11-13T23:00:00.000Z,634.0,3.6
2025-11-14T00:00:00.000Z,635.9,4.5
2025-11-14T01:00:00.000Z,702.8,13.9
2025-11-14T02:00:00.000Z,710.7,12.3
2025-11-14T03:00:00.000Z,712.4,12.2
2025-11-14T04:00:00.000Z,713.2,13.4
2025-11-14T05:00:00.000Z,697.8,11.0
2025-11-14T06:00:00.000Z,691.9,10.7
2025-11-14T07:00:00.000Z,687.0,11.3
2025-11-14T08:00:00.000Z,666.1,12.9
2025-11-14T09:00:00.000Z,636.9,8.9
2025-11-14T10:00:00.000Z,618.2,10.6
2025-11-14T11:00:00.000Z,597.7,9.7
2025-11-14T12:00:00.000Z,567.0,6.3
2025-11-14T13:00:00.000Z,560.0,3.8
2025-11-14T14:00:00.000Z,539.1,3.0
2025-11-14T15:00:00.000Z,527.2,2.6
2025-11-14T16:00:00.000Z,529.6,2.9
2025-11-14T17:00:00.000Z,525.3,2.3
2025-11-14T18:00:00.000Z,506.3,2.5
2025-11-14T19:00:00.000Z,553.1,3.6
2025-11-14T20:00:00.000Z,518.6,3.3
2025-11-14T21:00:00.000Z,508.1,3.2
2025-11-14T22:00:00.000Z,490.9,3.2
2025-11-14T23:00:00.000Z,506.7,3.8
2025-11-15T00:00:00.000Z,511.9,3.7
2025-11-15T01:00:00.000Z,515.2,4.5
2025-11-15T02:00:00.000Z,516.0,4.8
2025-11-15T03:00:00.000Z,531.3,5.5
2025-11-15T04:00:00.000Z,559.6,6.8
2025-11-15T05:00:00.000Z,549.9,6.5
2025-11-15T06:00:00.000Z,562.8,6.9
2025-11-15T07:00:00.000Z,560.8,6.7
2025-11-15T08:00:00.000Z,551.5,6.2
2025-11-15T09:00:00.000Z,569.7,5.5
2025-11-15T10:00:00.000Z,584.3,5.2
2025-11-15T11:00:00.000Z,608.1,5.3
2025-11-15T12:00:00.000Z,608.7,5.0
2025-11-15T13:00:00.000Z,627.5,5.4
2025-11-15T14:00:00.000Z,635.3,6.0
2025-11-15T15:00:00.000Z,670.8,8.1
2025-11-15T16:00:00.000Z,857.9,16.8
2025-11-15T17:00:00.000Z,882.4,16.6
2025-11-15T18:00:00.000Z,845.3,14.2
2025-11-15T19:00:00.000Z,819.4,14.4
2025-11-15T20:00:00.000Z,773.8,12.9
2025-11-15T21:00:00.000Z,751.7,12.0
2025-11-15T22:00:00.000Z,767.0,9.6
2025-11-15T23:00:00.000Z,730.9,9.2
2025-11-16T00:00:00.000Z,755.4,8.8
2025-11-16T01:00:00.000Z,735.1,11.0
2025-11-16T02:00:00.000Z,717.6,9.4
2025-11-16T03:00:00.000Z,720.3,11.3
2025-11-16T04:00:00.000Z,715.5,12.1
2025-11-16T05:00:00.000Z,694.3,10.0
2025-11-16T06:00:00.000Z,689.1,9.0
2025-11-16T07:00:00.000Z,712.7,5.8
2025-11-16T08:00:00.000Z,716.0,4.8
2025-11-16T09:00:00.000Z,713.0,4.3
2025-11-16T10:00:00.000Z,693.2,3.5
2025-11-16T11:00:00.000Z,675.2,2.9
2025-11-16T12:00:00.000Z,655.2,3.2
2025-11-16T13:00:00.000Z,633.1,3.8
2025-11-16T14:00:00.000Z,587.2,5.2
2025-11-16T15:00:00.000Z,574.7,5.3
2025-11-16T16:00:00.000Z,605.6,5.8
2025-11-16T17:00:00.000Z,-1.0E31,-1.0E31
2025-11-16T18:00:00.000Z,-1.0E31,-1.0E31
2025-11-16T19:00:00.000Z,-1.0E31,-1.0E31
2025-11-16T20:00:00.000Z,-1.0E31,-1.0E31
2025-11-16T21:00:00.000Z,524.6,10.8
2025-11-16T22:00:00.000Z,527.5,9.6
2025-11-16T23:00:00.000Z,521.9,10.4
2025-11-17T00:00:00.000Z,509.7,10.6
2025-11-17T01:00:00.000Z,530.7,9.6
2025-11-17T02:00:00.000Z,522.7,8.5
2025-11-17T03:00:00.000Z,518.2,7.7
2025-11-17T04:00:00.000Z,531.8,7.8
2025-11-17T05:00:00.000Z,521.3,7.7
2025-11-17T06:00:00.000Z,516.5,7.6
2025-11-17T07:00:00.000Z,532.2,7.4
2025-11-17T08:00:00.000Z,549.9,6.0
2025-11-17T09:00:00.000Z,542.9,5.1
2025-11-17T10:00:00.000Z,570.0,4.7
2025-11-17T11:00:00.000Z,552.3,4.8
2025-11-17T12:00:00.000Z,545.6,4.7
2025-11-17T13:00:00.000Z,544.0,5.4
2025-11-17T14:00:00.000Z,545.1,5.9
2025-11-17T15:00:00.000Z,555.5,6.0
2025-11-17T16:00:00.000Z,548.6,5.4
2025-11-17T17:00:00.000Z,539.5,5.3
2025-11-17T18:00:00.000Z,546.3,5.2
2025-11-17T19:00:00.000Z,546.3,5.3
2025-11-17T20:00:00.000Z,561.9,5.0
2025-11-17T21:00:00.000Z,547.2,4.8
2025-11-17T22:00:00.000Z,536.8,4.8
2025-11-17T23:00:00.000Z,525.4,4.5
2025-11-18T00:00:00.000Z,526.1,4.7
2025-11-18T01:00:00.000Z,519.8,4.5
2025-11-18T02:00:00.000Z,492.2,4.0
2025-11-18T03:00:00.000Z,469.0,3.9
2025-11-18T04:00:00.000Z,469.7,3.8
2025-11-18T05:00:00.000Z,464.1,4.8
2025-11-18T06:00:00.000Z,476.3,4.9
2025-11-18T07:00:00.000Z,500.4,6.8
2025-11-18T08:00:00.000Z,514.0,7.4
2025-11-18T09:00:00.000Z,498.1,7.5
2025-11-18T10:00:00.000Z,494.7,8.3
2025-11-18T11:00:00.000Z,490.6,9.0
2025-11-18T12:00:00.000Z,477.9,9.6
2025-11-18T13:00:00.000Z,485.8,9.7
2025-11-18T14:00:00.000Z,470.4,10.2
2025-11-18T15:00:00.000Z,468.2,10.2
2025-11-18T16:00:00.000Z,496.1,9.0
2025-11-18T17:00:00.000Z,488.1,9.5
2025-11-18T18:00:00.000Z,469.6,10.4
2025-11-18T19:00:00.000Z,449.1,10.7
2025-11-18T20:00:00.000Z,449.8,10.8
2025-11-18T21:00:00.000Z,448.0,10.9
2025-11-18T22:00:00.000Z,465.3,11.6
2025-11-18T23:00:00.000Z,452.0,11.3
2025-11-19T00:00:00.000Z,442.0,10.7
2025-11-19T01:00:00.000Z,454.8,10.7
2025-11-19T02:00:00.000Z,450.2,10.4
2025-11-19T03:00:00.000Z,462.7,10.1
2025-11-19T04:00:00.000Z,448.4,9.7
2025-11-19T05:00:00.000Z,447.2,9.7
2025-11-19T06:00:00.000Z,429.2,10.6
2025-11-19T07:00:00.000Z,456.7,10.0
2025-11-19T08:00:00.000Z,456.9,10.0
2025-11-19T09:00:00.000Z,441.3,12.6
2025-11-19T10:00:00.000Z,445.3,16.4
2025-11-19T11:00:00.000Z,439.9,17.8
2025-11-19T12:00:00.000Z,429.3,17.9
2025-11-19T13:00:00.000Z,437.6,17.7
2025-11-19T14:00:00.000Z,425.3,17.5
2025-11-19T15:00:00.000Z,411.1,17.2
2025-11-19T16:00:00.000Z,422.1,17.2
2025-11-19T17:00:00.000Z,426.6,16.6
2025-11-19T18:00:00.000Z,404.2,16.7
2025-11-19T19:00:00.000Z,392.0,16.3
2025-11-19T20:00:00.000Z,400.0,16.8
2025-11-19T21:00:00.000Z,397.5,17.5
2025-11-19T22:00:00.000Z,394.8,16.1
2025-11-19T23:00:00.000Z,394.8,15.4
2025-11-20T00:00:00.000Z,386.2,17.8
2025-11-20T01:00:00.000Z,386.2,17.3
2025-11-20T02:00:00.000Z,373.8,16.4
2025-11-20T03:00:00.000Z,376.2,18.2
2025-11-20T04:00:00.000Z,380.8,19.8
2025-11-20T05:00:00.000Z,379.5,21.4
2025-11-20T06:00:00.000Z,384.3,21.6
2025-11-20T07:00:00.000Z,366.6,21.5
2025-11-20T08:00:00.000Z,371.3,22.0
2025-11-20T09:00:00.000Z,379.9,25.4
2025-11-20T10:00:00.000Z,393.4,28.4
2025-11-20T11:00:00.000Z,379.2,29.0
2025-11-20T12:00:00.000Z,365.0,26.8
2025-11-20T13:00:00.000Z,379.2,27.0
2025-11-20T14:00:00.000Z,391.6,23.2
2025-11-20T15:00:00.000Z,389.2,23.7
2025-11-20T16:00:00.000Z,374.8,24.9
2025-11-20T17:00:00.000Z,366.2,25.7
2025-11-20T18:00:00.000Z,367.4,24.8
2025-11-20T19:00:00.000Z,346.9,25.1
2025-11-20T20:00:00.000Z,368.0,32.4
2025-11-20T21:00:00.000Z,377.2,34.0
2025-11-20T22:00:00.000Z,377.8,32.5
2025-11-20T23:00:00.000Z,370.7,35.3
2025-11-21T00:00:00.000Z,372.2,35.6
2025-11-21T01:00:00.000Z,403.1,18.6
2025-11-21T02:00:00.000Z,466.2,10.9
2025-11-21T03:00:00.000Z,464.9,10.3
2025-11-21T04:00:00.000Z,481.4,7.1
2025-11-21T05:00:00.000Z,500.3,5.9
2025-11-21T06:00:00.000Z,502.9,5.5
2025-11-21T07:00:00.000Z,511.3,4.6
2025-11-21T08:00:00.000Z,498.5,5.0
2025-11-21T09:00:00.000Z,493.2,6.4
2025-11-21T10:00:00.000Z,489.0,6.0
2025-11-21T11:00:00.000Z,506.2,5.8
2025-11-21T12:00:00.000Z,483.1,7.0
2025-11-21T13:00:00.000Z,503.6,5.9
2025-11-21T14:00:00.000Z,487.7,5.2
2025-11-21T15:00:00.000Z,408.0,10.0
2025-11-21T16:00:00.000Z,410.3,12.9
2025-11-21T17:00:00.000Z,428.1,11.3
2025-11-21T18:00:00.000Z,482.1,11.3
2025-11-21T19:00:00.000Z,504.2,11.9
2025-11-21T20:00:00.000Z,535.1,11.6
2025-11-21T21:00:00.000Z,548.3,9.5
2025-11-21T22:00:00.000Z,564.4,10.4
2025-11-21T23:00:00.000Z,575.8,9.1
2025-11-22T00:00:00.000Z,573.8,8.2
2025-11-22T01:00:00.000Z,564.6,7.3
2025-11-22T02:00:00.000Z,533.1,7.6
2025-11-22T03:00:00.000Z,522.3,8.7
2025-11-22T04:00:00.000Z,523.3,10.1
2025-11-22T05:00:00.000Z,513.9,9.8
2025-11-22T06:00:00.000Z,510.2,8.2
2025-11-22T07:00:00.000Z,506.6,9.1
2025-11-22T08:00:00.000Z,501.8,8.3
2025-11-22T09:00:00.000Z,498.2,9.0
2025-11-22T10:00:00.000Z,501.4,9.7
2025-11-22T11:00:00.000Z,501.0,10.8
2025-11-22T12:00:00.000Z,500.0,9.5
2025-11-22T13:00:00.000Z,514.1,11.8
2025-11-22T14:00:00.000Z,536.2,13.2
2025-11-22T15:00:00.000Z,553.1,13.0
2025-11-22T16:00:00.000Z,560.7,9.6
2025-11-22T17:00:00.000Z,607.1,9.2
2025-11-22T18:00:00.000Z,602.1,9.4
2025-11-22T19:00:00.000Z,596.1,9.1
2025-11-22T20:00:00.000Z,604.9,6.8
2025-11-22T21:00:00.000Z,602.8,6.8
2025-11-22T22:00:00.000Z,595.8,6.7
2025-11-22T23:00:00.000Z,581.6,6.3
2025-11-23T00:00:00.000Z,570.3,5.8
2025-11-23T01:00:00.000Z,566.2,5.1
2025-11-23T02:00:00.000Z,568.3,4.4
2025-11-23T03:00:00.000Z,551.1,3.8
2025-11-23T04:00:00.000Z,520.4,3.5
2025-11-23T05:00:00.000Z,488.6,3.7
2025-11-23T06:00:00.000Z,468.9,4.7
2025-11-23T07:00:00.000Z,448.6,5.4
2025-11-23T08:00:00.000Z,442.7,5.7
2025-11-23T09:00:00.000Z,438.4,6.2
2025-11-23T10:00:00.000Z,434.9,6.9
2025-11-23T11:00:00.000Z,436.9,7.4
2025-11-23T12:00:00.000Z,432.0,8.5
2025-11-23T13:00:00.000Z,426.2,8.1
2025-11-23T14:00:00.000Z,428.5,8.4
2025-11-23T15:00:00.000Z,425.1,9.1
2025-11-23T16:00:00.000Z,421.5,9.1
2025-11-23T17:00:00.000Z,423.9,9.4
2025-11-23T18:00:00.000Z,-1.0E31,-1.0E31
2025-11-23T19:00:00.000Z,-1.0E31,-1.0E31
2025-11-23T20:00:00.000Z,-1.0E31,-1.0E31
2025-11-23T21:00:00.000Z,-1.0E31,-1.0E31
2025-11-23T22:00:00.000Z,395.6,14.0
2025-11-23T23:00:00.000Z,393.4,16.8
2025-11-24T00:00:00.000Z,398.4,24.9
2025-11-24T01:00:00.000Z,395.8,23.8
2025-11-24T02:00:00.000Z,390.1,21.6
2025-11-24T03:00:00.000Z,384.4,22.9
2025-11-24T04:00:00.000Z,380.1,23.5
2025-11-24T05:00:00.000Z,379.5,21.0
2025-11-24T06:00:00.000Z,377.4,21.5
2025-11-24T07:00:00.000Z,363.9,19.2
2025-11-24T08:00:00.000Z,365.2,20.8
2025-11-24T09:00:00.000Z,364.6,21.5
2025-11-24T10:00:00.000Z,371.4,22.1
2025-11-24T11:00:00.000Z,373.4,23.3
2025-11-24T12:00:00.000Z,366.8,28.3
2025-11-24T13:00:00.000Z,369.1,33.2
2025-11-24T14:00:00.000Z,374.4,37.5
2025-11-24T15:00:00.000Z,369.2,41.1
2025-11-24T16:00:00.000Z,374.3,57.9
2025-11-24T17:00:00.000Z,391.1,56.1
2025-11-24T18:00:00.000Z,410.4,25.9
2025-11-24T19:00:00.000Z,443.6,23.2
2025-11-24T20:00:00.000Z,452.5,22.6
2025-11-24T21:00:00.000Z,464.9,24.2
2025-11-24T22:00:00.000Z,489.2,23.7
2025-11-24T23:00:00.000Z,510.7,15.2
2025-11-25T00:00:00.000Z,526.2,16.2
2025-11-25T01:00:00.000Z,544.0,16.3
2025-11-25T02:00:00.000Z,556.6,16.5
2025-11-25T03:00:00.000Z,620.2,11.1
2025-11-25T04:00:00.000Z,658.2,9.7
2025-11-25T05:00:00.000Z,744.2,7.7
2025-11-25T06:00:00.000Z,774.5,7.8
2025-11-25T07:00:00.000Z,797.7,8.6
2025-11-25T08:00:00.000Z,793.8,8.4
2025-11-25T09:00:00.000Z,763.8,9.1
2025-11-25T10:00:00.000Z,739.3,11.0
2025-11-25T11:00:00.000Z,716.3,10.9
2025-11-25T12:00:00.000Z,720.6,9.8
2025-11-25T13:00:00.000Z,737.0,9.9
2025-11-25T14:00:00.000Z,798.4,5.6
2025-11-25T15:00:00.000Z,781.8,4.7
2025-11-25T16:00:00.000Z,691.8,6.6
2025-11-25T17:00:00.000Z,697.8,7.1
2025-11-25T18:00:00.000Z,672.2,7.4
2025-11-25T19:00:00.000Z,703.9,7.9
2025-11-25T20:00:00.000Z,685.3,8.6
2025-11-25T21:00:00.000Z,679.7,7.6
2025-11-25T22:00:00.000Z,663.5,7.0
2025-11-25T23:00:00.000Z,685.5,7.2
2025-11-26T00:00:00.000Z,686.9,7.2
2025-11-26T01:00:00.000Z,685.9,6.9
2025-11-26T02:00:00.000Z,674.5,6.2
2025-11-26T03:00:00.000Z,691.6,6.0
2025-11-26T04:00:00.000Z,694.3,6.7
2025-11-26T05:00:00.000Z,700.0,6.2
2025-11-26T06:00:00.000Z,723.3,6.0
2025-11-26T07:00:00.000Z,724.5,5.8
2025-11-26T08:00:00.000Z,722.9,5.2
2025-11-26T09:00:00.000Z,720.4,5.0
2025-11-26T10:00:00.000Z,684.0,4.5
2025-11-26T11:00:00.000Z,687.7,5.3
2025-11-26T12:00:00.000Z,676.9,5.2
2025-11-26T13:00:00.000Z,677.5,5.4
2025-11-26T14:00:00.000Z,667.3,5.4
2025-11-26T15:00:00.000Z,667.7,5.4
2025-11-26T16:00:00.000Z,668.5,5.5
2025-11-26T17:00:00.000Z,652.9,5.3
2025-11-26T18:00:00.000Z,666.7,5.3
2025-11-26T19:00:00.000Z,669.7,5.2
2025-11-26T20:00:00.000Z,639.5,5.4
2025-11-26T21:00:00.000Z,680.3,5.4
2025-11-26T22:00:00.000Z,691.3,5.9
2025-11-26T23:00:00.000Z,657.1,6.2
2025-11-27T00:00:00.000Z,647.6,6.0
2025-11-27T01:00:00.000Z,652.7,5.4
2025-11-27T02:00:00.000Z,693.5,5.9
2025-11-27T03:00:00.000Z,676.5,5.7
2025-11-27T04:00:00.000Z,673.0,6.1
2025-11-27T05:00:00.000Z,690.1,6.0
2025-11-27T06:00:00.000Z,712.4,6.6
2025-11-27T07:00:00.000Z,721.6,6.4
2025-11-27T08:00:00.000Z,743.3,5.8
2025-11-27T09:00:00.000Z,771.4,4.3
2025-11-27T10:00:00.000Z,793.5,4.2
2025-11-27T11:00:00.000Z,786.9,4.4
2025-11-27T12:00:00.000Z,810.7,4.0
2025-11-27T13:00:00.000Z,806.7,3.9
2025-11-27T14:00:00.000Z,798.5,4.1
2025-11-27T15:00:00.000Z,785.1,3.8
2025-11-27T16:00:00.000Z,781.3,3.6
2025-11-27T17:00:00.000Z,751.6,3.2
2025-11-27T18:00:00.000Z,723.5,3.1
2025-11-27T19:00:00.000Z,712.2,3.0
2025-11-27T20:00:00.000Z,700.6,3.1
2025-11-27T21:00:00.000Z,718.8,3.0
2025-11-27T22:00:00.000Z,707.0,3.0
2025-11-27T23:00:00.000Z,698.2,3.2
2025-11-28T00:00:00.000Z,706.9,3.8
2025-11-28T01:00:00.000Z,707.4,4.2
2025-11-28T02:00:00.000Z,700.8,4.2
2025-11-28T03:00:00.000Z,679.4,4.0
2025-11-28T04:00:00.000Z,676.8,3.8
2025-11-28T05:00:00.000Z,663.5,4.2
2025-11-28T06:00:00.000Z,677.7,4.0
2025-11-28T07:00:00.000Z,663.0,4.2
2025-11-28T08:00:00.000Z,660.1,4.3
2025-11-28T09:00:00.000Z,678.5,4.9
2025-11-28T10:00:00.000Z,672.0,6.2
2025-11-28T11:00:00.000Z,663.5,6.0
2025-11-28T12:00:00.000Z,661.9,6.0
2025-11-28T13:00:00.000Z,674.2,5.9
2025-11-28T14:00:00.000Z,650.2,6.2
2025-11-28T15:00:00.000Z,640.3,6.2
2025-11-28T16:00:00.000Z,654.4,6.3
2025-11-28T17:00:00.000Z,643.2,6.1
2025-11-28T18:00:00.000Z,651.4,5.8
2025-11-28T19:00:00.000Z,666.6,5.9
2025-11-28T20:00:00.000Z,643.1,5.6
2025-11-28T21:00:00.000Z,649.6,5.2
2025-11-28T22:00:00.000Z,626.7,5.1
2025-11-28T23:00:00.000Z,622.6,5.2
2025-11-29T00:00:00.000Z,621.0,4.9
2025-11-29T01:00:00.000Z,622.9,5.1
2025-11-29T02:00:00.000Z,591.0,4.8
2025-11-29T03:00:00.000Z,591.7,4.8
2025-11-29T04:00:00.000Z,596.5,5.0
2025-11-29T05:00:00.000Z,588.5,5.2
2025-11-29T06:00:00.000Z,591.8,5.0
2025-11-29T07:00:00.000Z,598.7,5.1
2025-11-29T08:00:00.000Z,570.3,5.2
2025-11-29T09:00:00.000Z,571.9,4.9
2025-11-29T10:00:00.000Z,563.5,4.9
2025-11-29T11:00:00.000Z,580.4,5.4
2025-11-29T12:00:00.000Z,559.5,5.8
2025-11-29T13:00:00.000Z,554.1,5.9
2025-11-29T14:00:00.000Z,542.4,4.9
2025-11-29T15:00:00.000Z,551.9,4.8
2025-11-29T16:00:00.000Z,561.2,5.1
2025-11-29T17:00:00.000Z,557.0,5.1
2025-11-29T18:00:00.000Z,552.9,5.4
2025-11-29T19:00:00.000Z,568.8,6.1
2025-11-29T20:00:00.000Z,578.1,5.9
2025-11-29T21:00:00.000Z,551.4,6.2
2025-11-29T22:00:00.000Z,567.1,6.0
2025-11-29T23:00:00.000Z,556.6,6.1
2025-11-30T00:00:00.000Z,563.0,6.2
2025-11-30T01:00:00.000Z,550.3,6.3
2025-11-30T02:00:00.000Z,539.5,5.9
2025-11-30T03:00:00.000Z,535.4,5.6
2025-11-30T04:00:00.000Z,523.2,5.4
2025-11-30T05:00:00.000Z,512.4,5.9
2025-11-30T06:00:00.000Z,503.2,5.7
2025-11-30T07:00:00.000Z,503.6,6.0
2025-11-30T08:00:00.000Z,518.3,5.9
2025-11-30T09:00:00.000Z,514.4,5.9
2025-11-30T10:00:00.000Z,531.1,6.0
2025-11-30T11:00:00.000Z,528.6,6.2
2025-11-30T12:00:00.000Z,529.6,6.5
2025-11-30T13:00:00.000Z,528.3,6.4
2025-11-30T14:00:00.000Z,520.3,6.4
2025-11-30T15:00:00.000Z,540.8,6.7
2025-11-30T16:00:00.000Z,490.3,6.7
2025-11-30T17:00:00.000Z,494.3,6.3
2025-11-30T18:00:00.000Z,499.2,6.3
2025-11-30T19:00:00.000Z,503.1,6.7
2025-11-30T20:00:00.000Z,506.8,6.5
2025-11-30T21:00:00.000Z,489.5,6.4
2025-11-30T22:00:00.000Z,491.1,6.9
2025-11-30T23:00:00.000Z,484.5,6.9
2025-12-01T00:00:00.000Z,498.7,7.5
2025-12-01T01:00:00.000Z,508.8,7.2
2025-12-01T02:00:00.000Z,507.4,7.2
2025-12-01T03:00:00.000Z,-1.0E31,-1.0E31
2025-12-01T04:00:00.000Z,-1.0E31,-1.0E31
2025-12-01T05:00:00.000Z,-1.0E31,-1.0E31
2025-12-01T06:00:00.000Z,-1.0E31,-1.0E31
2025-12-01T07:00:00.000Z,464.2,7.6
2025-12-01T08:00:00.000Z,475.2,7.3
2025-12-01T09:00:00.000Z,-1.0E31,-1.0E31
2025-12-01T10:00:00.000Z,461.4,6.6
2025-12-01T11:00:00.000Z,472.3,6.8
2025-12-01T12:00:00.000Z,465.0,6.2
2025-12-01T13:00:00.000Z,464.5,6.5
2025-12-01T14:00:00.000Z,458.2,7.1
2025-12-01T15:00:00.000Z,468.7,7.4
2025-12-01T16:00:00.000Z,480.7,7.7
2025-12-01T17:00:00.000Z,474.6,6.8
2025-12-01T18:00:00.000Z,471.8,6.9
2025-12-01T19:00:00.000Z,491.7,6.6
2025-12-01T20:00:00.000Z,485.5,6.9
2025-12-01T21:00:00.000Z,477.7,6.9
2025-12-01T22:00:00.000Z,465.1,7.2
2025-12-01T23:00:00.000Z,457.7,7.0
2025-12-02T00:00:00.000Z,450.7,6.5
2025-12-02T01:00:00.000Z,471.4,6.7
2025-12-02T02:00:00.000Z,456.2,6.4
2025-12-02T03:00:00.000Z,449.8,6.4
2025-12-02T04:00:00.000Z,476.6,6.8
2025-12-02T05:00:00.000Z,458.8,6.5
2025-12-02T06:00:00.000Z,440.8,6.3
2025-12-02T07:00:00.000Z,454.0,6.4
2025-12-02T08:00:00.000Z,445.8,6.1
2025-12-02T09:00:00.000Z,441.9,6.4
2025-12-02T10:00:00.000Z,440.6,6.7
2025-12-02T11:00:00.000Z,463.1,7.5
2025-12-02T12:00:00.000Z,448.4,6.9
2025-12-02T13:00:00.000Z,438.9,6.8
2025-12-02T14:00:00.000Z,458.1,6.5
2025-12-02T15:00:00.000Z,467.4,7.0
2025-12-02T16:00:00.000Z,478.7,6.9
2025-12-02T17:00:00.000Z,474.1,6.1
2025-12-02T18:00:00.000Z,473.9,6.4
2025-12-02T19:00:00.000Z,465.6,6.0
2025-12-02T20:00:00.000Z,461.5,5.9
2025-12-02T21:00:00.000Z,456.9,6.2
2025-12-02T22:00:00.000Z,451.3,6.7
2025-12-02T23:00:00.000Z,442.0,6.7
2025-12-03T00:00:00.000Z,435.2,6.8
2025-12-03T01:00:00.000Z,427.5,6.8
2025-12-03T02:00:00.000Z,418.8,6.9
2025-12-03T03:00:00.000Z,414.6,6.6
2025-12-03T04:00:00.000Z,397.9,8.0
2025-12-03T05:00:00.000Z,389.6,8.8
2025-12-03T06:00:00.000Z,392.8,10.0
2025-12-03T07:00:00.000Z,380.0,11.2
2025-12-03T08:00:00.000Z,377.6,11.5
2025-12-03T09:00:00.000Z,373.1,11.2
2025-12-03T10:00:00.000Z,368.3,11.8
2025-12-03T11:00:00.000Z,369.3,11.3
2025-12-03T12:00:00.000Z,366.7,12.8
2025-12-03T13:00:00.000Z,364.7,13.6
2025-12-03T14:00:00.000Z,370.7,14.7
2025-12-03T15:00:00.000Z,380.3,15.1
2025-12-03T16:00:00.000Z,371.5,15.4
2025-12-03T17:00:00.000Z,368.1,18.0
2025-12-03T18:00:00.000Z,375.4,21.2
2025-12-03T19:00:00.000Z,369.7,25.9
2025-12-03T20:00:00.000Z,372.4,23.1
2025-12-03T21:00:00.000Z,376.1,29.9
2025-12-03T22:00:00.000Z,381.9,38.1
2025-12-03T23:00:00.000Z,386.7,37.6
2025-12-04T00:00:00.000Z,387.1,37.3
2025-12-04T01:00:00.000Z,395.0,29.0
2025-12-04T02:00:00.000Z,384.7,32.3
2025-12-04T03:00:00.000Z,379.2,32.6
2025-12-04T04:00:00.000Z,392.3,27.9
2025-12-04T05:00:00.000Z,408.4,24.6
2025-12-04T06:00:00.000Z,402.8,26.4
2025-12-04T07:00:00.000Z,395.3,28.1
2025-12-04T08:00:00.000Z,381.6,30.0
2025-12-04T09:00:00.000Z,375.2,29.3
2025-12-04T10:00:00.000Z,390.3,24.0
2025-12-04T11:00:00.000Z,388.2,28.3
2025-12-04T12:00:00.000Z,392.8,31.0
2025-12-04T13:00:00.000Z,396.8,37.6
2025-12-04T14:00:00.000Z,419.8,25.4
2025-12-04T15:00:00.000Z,451.2,22.0
2025-12-04T16:00:00.000Z,453.5,24.5
2025-12-04T17:00:00.000Z,433.3,23.7
2025-12-04T18:00:00.000Z,432.2,23.8
2025-12-04T19:00:00.000Z,433.2,30.5
2025-12-04T20:00:00.000Z,417.9,20.9
2025-12-04T21:00:00.000Z,395.8,16.7
2025-12-04T22:00:00.000Z,396.8,17.2
2025-12-04T23:00:00.000Z,419.3,15.2
2025-12-05T00:00:00.000Z,433.8,19.4
2025-12-05T01:00:00.000Z,531.5,12.7
2025-12-05T02:00:00.000Z,572.3,15.2
2025-12-05T03:00:00.000Z,596.6,12.1
2025-12-05T04:00:00.000Z,623.8,8.8
2025-12-05T05:00:00.000Z,624.6,9.9
2025-12-05T06:00:00.000Z,619.3,13.6
2025-12-05T07:00:00.000Z,625.3,13.4
2025-12-05T08:00:00.000Z,649.3,10.2
2025-12-05T09:00:00.000Z,631.4,12.0
2025-12-05T10:00:00.000Z,649.5,12.0
2025-12-05T11:00:00.000Z,663.5,12.6
2025-12-05T12:00:00.000Z,636.3,11.8
2025-12-05T13:00:00.000Z,-1.0E31,-1.0E31
2025-12-05T14:00:00.000Z,-1.0E31,-1.0E31
2025-12-05T15:00:00.000Z,-1.0E31,-1.0E31
2025-12-05T16:00:00.000Z,-1.0E31,-1.0E31
2025-12-05T17:00:00.000Z,-1.0E31,-1.0E31
2025-12-05T18:00:00.000Z,-1.0E31,-1.0E31
2025-12-05T19:00:00.000Z,-1.0E31,-1.0E31
2025-12-05T20:00:00.000Z,-1.0E31,-1.0E31
2025-12-05T21:00:00.000Z,-1.0E31,-1.0E31
2025-12-05T22:00:00.000Z,-1.0E31,-1.0E31
2025-12-05T23:00:00.000Z,-1.0E31,-1.0E31
2025-12-06T00:00:00.000Z,-1.0E31,-1.0E31
2025-12-06T01:00:00.000Z,-1.0E31,-1.0E31
2025-12-06T02:00:00.000Z,-1.0E31,-1.0E31
2025-12-06T03:00:00.000Z,-1.0E31,-1.0E31
2025-12-06T04:00:00.000Z,-1.0E31,-1.0E31
2025-12-06T05:00:00.000Z,-1.0E31,-1.0E31
2025-12-06T06:00:00.000Z,-1.0E31,-1.0E31
2025-12-06T07:00:00.000Z,-1.0E31,-1.0E31
2025-12-06T08:00:00.000Z,-1.0E31,-1.0E31
2025-12-06T09:00:00.000Z,-1.0E31,-1.0E31
2025-12-06T10:00:00.000Z,-1.0E31,-1.0E31
2025-12-06T11:00:00.000Z,-1.0E31,-1.0E31
2025-12-06T12:00:00.000Z,-1.0E31,-1.0E31
2025-12-06T13:00:00.000Z,-1.0E31,-1.0E31
2025-12-06T14:00:00.000Z,779.8,5.1
2025-12-06T15:00:00.000Z,753.7,5.3
2025-12-06T16:00:00.000Z,728.0,5.4
2025-12-06T17:00:00.000Z,708.0,5.5
2025-12-06T18:00:00.000Z,706.9,5.6
2025-12-06T19:00:00.000Z,715.2,6.7
2025-12-06T20:00:00.000Z,704.2,6.7
2025-12-06T21:00:00.000Z,702.6,7.5
2025-12-06T22:00:00.000Z,699.0,7.5
2025-12-06T23:00:00.000Z,681.6,6.3
2025-12-07T00:00:00.000Z,706.2,6.5
2025-12-07T01:00:00.000Z,692.1,7.7
2025-12-07T02:00:00.000Z,694.2,8.1
2025-12-07T03:00:00.000Z,703.3,8.2
2025-12-07T04:00:00.000Z,682.9,7.7
2025-12-07T05:00:00.000Z,684.5,7.3
2025-12-07T06:00:00.000Z,688.5,7.7
2025-12-07T07:00:00.000Z,677.6,7.6
2025-12-07T08:00:00.000Z,687.4,7.5
2025-12-07T09:00:00.000Z,708.6,7.3
2025-12-07T10:00:00.000Z,698.8,5.9
2025-12-07T11:00:00.000Z,704.8,4.8
2025-12-07T12:00:00.000Z,709.7,2.7
2025-12-07T13:00:00.000Z,689.8,2.6
2025-12-07T14:00:00.000Z,681.4,2.7
2025-12-07T15:00:00.000Z,682.1,2.8
2025-12-07T16:00:00.000Z,655.9,2.9
2025-12-07T17:00:00.000Z,644.8,2.9
2025-12-07T18:00:00.000Z,634.3,2.9
2025-12-07T19:00:00.000Z,640.1,3.6
2025-12-07T20:00:00.000Z,643.7,3.5
2025-12-07T21:00:00.000Z,646.7,3.4
2025-12-07T22:00:00.000Z,617.6,2.9
2025-12-07T23:00:00.000Z,604.2,2.8
2025-12-08T00:00:00.000Z,599.7,3.0
2025-12-08T01:00:00.000Z,597.5,3.0
2025-12-08T02:00:00.000Z,579.8,2.4
2025-12-08T03:00:00.000Z,564.6,2.3
2025-12-08T04:00:00.000Z,554.2,2.3
2025-12-08T05:00:00.000Z,548.6,2.5
2025-12-08T06:00:00.000Z,536.4,2.9
2025-12-08T07:00:00.000Z,523.4,3.2
2025-12-08T08:00:00.000Z,520.3,3.5
2025-12-08T09:00:00.000Z,511.4,4.1
2025-12-08T10:00:00.000Z,487.1,4.3
2025-12-08T11:00:00.000Z,483.0,3.6
2025-12-08T12:00:00.000Z,463.6,3.3
2025-12-08T13:00:00.000Z,456.0,4.0
2025-12-08T14:00:00.000Z,446.5,4.3
2025-12-08T15:00:00.000Z,429.9,4.2
2025-12-08T16:00:00.000Z,414.0,4.1
2025-12-08T17:00:00.000Z,406.9,4.2
2025-12-08T18:00:00.000Z,-1.0E31,-1.0E31
2025-12-08T19:00:00.000Z,-1.0E31,-1.0E31
2025-12-08T20:00:00.000Z,-1.0E31,-1.0E31
2025-12-08T21:00:00.000Z,-1.0E31,-1.0E31
2025-12-08T22:00:00.000Z,-1.0E31,-1.0E31
2025-12-08T23:00:00.000Z,-1.0E31,-1.0E31
2025-12-09T00:00:00.000Z,-1.0E31,-1.0E31
2025-12-09T01:00:00.000Z,-1.0E31,-1.0E31
2025-12-09T02:00:00.000Z,-1.0E31,-1.0E31
2025-12-09T03:00:00.000Z,-1.0E31,-1.0E31
2025-12-09T04:00:00.000Z,411.2,5.9
2025-12-09T05:00:00.000Z,401.2,5.5
2025-12-09T06:00:00.000Z,391.0,5.9
2025-12-09T07:00:00.000Z,399.9,6.5
2025-12-09T08:00:00.000Z,421.7,7.9
2025-12-09T09:00:00.000Z,406.0,8.6
2025-12-09T10:00:00.000Z,406.5,9.1
2025-12-09T11:00:00.000Z,413.0,7.1
2025-12-09T12:00:00.000Z,-1.0E31,-1.0E31
2025-12-09T13:00:00.000Z,-1.0E31,-1.0E31
2025-12-09T14:00:00.000Z,-1.0E31,-1.0E31
2025-12-09T15:00:00.000Z,-1.0E31,-1.0E31
2025-12-09T16:00:00.000Z,-1.0E31,-1.0E31
2025-12-09T17:00:00.000Z,-1.0E31,-1.0E31
2025-12-09T18:00:00.000Z,-1.0E31,-1.0E31
2025-12-09T19:00:00.000Z,-1.0E31,-1.0E31
2025-12-09T20:00:00.000Z,-1.0E31,-1.0E31
2025-12-09T21:00:00.000Z,-1.0E31,-1.0E31
2025-12-09T22:00:00.000Z,-1.0E31,-1.0E31
2025-12-09T23:00:00.000Z,-1.0E31,-1.0E31
2025-12-10T00:00:00.000Z,421.2,24.7
2025-12-10T01:00:00.000Z,428.1,20.5
2025-12-10T02:00:00.000Z,423.6,22.0
2025-12-10T03:00:00.000Z,416.5,18.1
2025-12-10T04:00:00.000Z,421.1,15.2
2025-12-10T05:00:00.000Z,435.3,19.6
2025-12-10T06:00:00.000Z,441.2,18.2
2025-12-10T07:00:00.000Z,446.9,19.8
2025-12-10T08:00:00.000Z,448.1,17.3
2025-12-10T09:00:00.000Z,454.5,23.0
2025-12-10T10:00:00.000Z,475.3,35.9
2025-12-10T11:00:00.000Z,474.4,33.2
2025-12-10T12:00:00.000Z,459.5,27.2
2025-12-10T13:00:00.000Z,444.5,25.7
2025-12-10T14:00:00.000Z,430.6,26.6
2025-12-10T15:00:00.000Z,436.0,19.9
2025-12-10T16:00:00.000Z,438.8,14.1
2025-12-10T17:00:00.000Z,442.9,8.2
2025-12-10T18:00:00.000Z,429.7,5.8
2025-12-10T19:00:00.000Z,410.6,7.9
2025-12-10T20:00:00.000Z,401.3,14.5
2025-12-10T21:00:00.000Z,421.4,3.4
2025-12-10T22:00:00.000Z,417.2,1.8
2025-12-10T23:00:00.000Z,417.6,2.1
2025-12-11T00:00:00.000Z,416.7,3.2
2025-12-11T01:00:00.000Z,422.5,3.9
2025-12-11T02:00:00.000Z,420.4,5.4
2025-12-11T03:00:00.000Z,423.2,4.4
2025-12-11T04:00:00.000Z,412.9,4.5
2025-12-11T05:00:00.000Z,426.3,7.3
2025-12-11T06:00:00.000Z,448.0,9.2
2025-12-11T07:00:00.000Z,462.2,8.5
2025-12-11T08:00:00.000Z,439.5,11.2
2025-12-11T09:00:00.000Z,437.6,14.2
2025-12-11T10:00:00.000Z,443.7,20.8
2025-12-11T11:00:00.000Z,441.5,25.2
2025-12-11T12:00:00.000Z,430.1,25.7
2025-12-11T13:00:00.000Z,428.8,22.7
2025-12-11T14:00:00.000Z,429.4,19.0
2025-12-11T15:00:00.000Z,424.1,17.5
2025-12-11T16:00:00.000Z,455.3,22.7
2025-12-11T17:00:00.000Z,494.9,34.7
2025-12-11T18:00:00.000Z,470.0,49.8
2025-12-11T19:00:00.000Z,481.4,44.1
2025-12-11T20:00:00.000Z,484.6,17.8
2025-12-11T21:00:00.000Z,474.9,13.3
2025-12-11T22:00:00.000Z,475.4,14.5
2025-12-11T23:00:00.000Z,459.3,10.8
2025-12-12T00:00:00.000Z,465.5,12.1
2025-12-12T01:00:00.000Z,456.8,21.9
2025-12-12T02:00:00.000Z,436.0,21.4
2025-12-12T03:00:00.000Z,429.7,16.1
2025-12-12T04:00:00.000Z,427.1,19.2
2025-12-12T05:00:00.000Z,426.9,30.0
2025-12-12T06:00:00.000Z,430.1,39.7
2025-12-12T07:00:00.000Z,425.0,50.3
2025-12-12T08:00:00.000Z,414.3,28.4
2025-12-12T09:00:00.000Z,412.0,16.9
2025-12-12T10:00:00.000Z,411.2,15.0
2025-12-12T11:00:00.000Z,420.6,13.1
2025-12-12T12:00:00.000Z,426.8,11.6
2025-12-12T13:00:00.000Z,427.2,9.9
2025-12-12T14:00:00.000Z,425.0,12.2
2025-12-12T15:00:00.000Z,420.5,16.1
2025-12-12T16:00:00.000Z,417.0,19.7
2025-12-12T17:00:00.000Z,415.9,25.9
2025-12-12T18:00:00.000Z,423.9,29.1
2025-12-12T19:00:00.000Z,427.3,31.9
2025-12-12T20:00:00.000Z,432.2,35.3
2025-12-12T21:00:00.000Z,433.7,22.1
2025-12-12T22:00:00.000Z,438.4,33.4
2025-12-12T23:00:00.000Z,444.3,41.5
2025-12-13T00:00:00.000Z,431.5,51.4
2025-12-13T01:00:00.000Z,442.0,39.5
2025-12-13T02:00:00.000Z,438.3,25.4
2025-12-13T03:00:00.000Z,456.5,21.9
2025-12-13T04:00:00.000Z,479.6,28.6
2025-12-13T05:00:00.000Z,468.9,18.0
2025-12-13T06:00:00.000Z,465.8,19.3
2025-12-13T07:00:00.000Z,480.1,18.2
2025-12-13T08:00:00.000Z,518.9,15.0
2025-12-13T09:00:00.000Z,484.3,15.7
2025-12-13T10:00:00.000Z,468.1,15.4
2025-12-13T11:00:00.000Z,459.2,14.5
2025-12-13T12:00:00.000Z,484.5,15.4
2025-12-13T13:00:00.000Z,509.6,14.7
2025-12-13T14:00:00.000Z,518.4,11.5
2025-12-13T15:00:00.000Z,564.1,8.2
2025-12-13T16:00:00.000Z,586.9,7.2
2025-12-13T17:00:00.000Z,554.4,7.9
2025-12-13T18:00:00.000Z,538.8,8.3
2025-12-13T19:00:00.000Z,537.8,8.9
2025-12-13T20:00:00.000Z,538.5,8.1
2025-12-13T21:00:00.000Z,556.0,7.5
2025-12-13T22:00:00.000Z,570.1,8.5
2025-12-13T23:00:00.000Z,569.6,8.3
2025-12-14T00:00:00.000Z,599.4,8.6
2025-12-14T01:00:00.000Z,595.0,8.9
2025-12-14T02:00:00.000Z,584.4,9.1
2025-12-14T03:00:00.000Z,591.3,8.6
2025-12-14T04:00:00.000Z,606.5,7.5
2025-12-14T05:00:00.000Z,620.5,6.9
2025-12-14T06:00:00.000Z,630.9,6.9
2025-12-14T07:00:00.000Z,615.7,6.6
2025-12-14T08:00:00.000Z,644.7,5.9
2025-12-14T09:00:00.000Z,619.2,5.5
2025-12-14T10:00:00.000Z,620.9,5.5
2025-12-14T11:00:00.000Z,616.1,5.2
2025-12-14T12:00:00.000Z,611.9,5.1
2025-12-14T13:00:00.000Z,622.4,5.1
2025-12-14T14:00:00.000Z,619.4,4.7
2025-12-14T15:00:00.000Z,646.4,4.4
2025-12-14T16:00:00.000Z,588.8,4.7
2025-12-14T17:00:00.000Z,590.8,4.7
2025-12-14T18:00:00.000Z,611.6,4.7
2025-12-14T19:00:00.000Z,592.3,4.5
2025-12-14T20:00:00.000Z,579.8,4.2
2025-12-14T21:00:00.000Z,569.1,4.2
2025-12-14T22:00:00.000Z,598.6,3.9
2025-12-14T23:00:00.000Z,595.8,3.8
2025-12-15T00:00:00.000Z,547.2,4.2
2025-12-15T01:00:00.000Z,545.7,4.5
2025-12-15T02:00:00.000Z,557.4,4.3
2025-12-15T03:00:00.000Z,-1.0E31,-1.0E31
2025-12-15T04:00:00.000Z,-1.0E31,-1.0E31
2025-12-15T05:00:00.000Z,-1.0E31,-1.0E31
2025-12-15T06:00:00.000Z,-1.0E31,-1.0E31
2025-12-15T07:00:00.000Z,534.0,6.2
2025-12-15T08:00:00.000Z,531.7,6.2
2025-12-15T09:00:00.000Z,498.0,6.5
2025-12-15T10:00:00.000Z,494.7,7.7
2025-12-15T11:00:00.000Z,492.0,7.8
2025-12-15T12:00:00.000Z,498.1,8.1
2025-12-15T13:00:00.000Z,501.5,8.6
2025-12-15T14:00:00.000Z,490.1,8.8
2025-12-15T15:00:00.000Z,485.7,8.6
2025-12-15T16:00:00.000Z,491.7,6.8
2025-12-15T17:00:00.000Z,489.0,6.4
2025-12-15T18:00:00.000Z,476.9,6.5
2025-12-15T19:00:00.000Z,465.7,5.7
2025-12-15T20:00:00.000Z,467.0,5.3
2025-12-15T21:00:00.000Z,466.6,4.9
2025-12-15T22:00:00.000Z,451.8,7.7
2025-12-15T23:00:00.000Z,442.0,7.1
2025-12-16T00:00:00.000Z,447.6,7.3
2025-12-16T01:00:00.000Z,441.1,7.2
2025-12-16T02:00:00.000Z,432.7,8.2
2025-12-16T03:00:00.000Z,433.7,9.1
2025-12-16T04:00:00.000Z,435.3,9.6
2025-12-16T05:00:00.000Z,435.8,11.9
2025-12-16T06:00:00.000Z,434.1,14.6
2025-12-16T07:00:00.000Z,438.4,15.8
2025-12-16T08:00:00.000Z,436.1,19.8
2025-12-16T09:00:00.000Z,427.1,23.8
2025-12-16T10:00:00.000Z,432.2,29.4
2025-12-16T11:00:00.000Z,465.6,22.5
2025-12-16T12:00:00.000Z,521.7,11.6
2025-12-16T13:00:00.000Z,548.2,11.7
2025-12-16T14:00:00.000Z,555.9,12.1
2025-12-16T15:00:00.000Z,562.4,11.8
2025-12-16T16:00:00.000Z,570.5,11.5
2025-12-16T17:00:00.000Z,565.8,10.9
2025-12-16T18:00:00.000Z,578.2,9.2
2025-12-16T19:00:00.000Z,611.1,7.4
2025-12-16T20:00:00.000Z,617.5,6.4
2025-12-16T21:00:00.000Z,623.5,5.4
2025-12-16T22:00:00.000Z,610.1,5.3
2025-12-16T23:00:00.000Z,593.5,5.7
2025-12-17T00:00:00.000Z,576.9,5.5
2025-12-17T01:00:00.000Z,574.5,6.2
2025-12-17T02:00:00.000Z,592.3,6.1
2025-12-17T03:00:00.000Z,612.4,6.7
2025-12-17T04:00:00.000Z,646.2,6.8
2025-12-17T05:00:00.000Z,647.4,6.2
2025-12-17T06:00:00.000Z,663.3,6.5
2025-12-17T07:00:00.000Z,670.5,7.1
2025-12-17T08:00:00.000Z,665.3,6.7
2025-12-17T09:00:00.000Z,656.0,6.4
2025-12-17T10:00:00.000Z,662.0,6.4
2025-12-17T11:00:00.000Z,647.6,6.3
2025-12-17T12:00:00.000Z,656.7,6.7
2025-12-17T13:00:00.000Z,657.4,6.2
2025-12-17T14:00:00.000Z,643.9,6.5
2025-12-17T15:00:00.000Z,664.1,6.4
2025-12-17T16:00:00.000Z,676.5,6.4
2025-12-17T17:00:00.000Z,657.3,6.7
2025-12-17T18:00:00.000Z,661.1,7.0
2025-12-17T19:00:00.000Z,639.3,6.6
2025-12-17T20:00:00.000Z,648.9,6.8
2025-12-17T21:00:00.000Z,650.2,6.7
2025-12-17T22:00:00.000Z,641.9,6.5
2025-12-17T23:00:00.000Z,638.3,6.5
2025-12-18T00:00:00.000Z,623.9,6.4
2025-12-18T01:00:00.000Z,609.5,5.9
2025-12-18T02:00:00.000Z,637.0,6.3
2025-12-18T03:00:00.000Z,629.0,6.8
2025-12-18T04:00:00.000Z,646.4,7.1
2025-12-18T05:00:00.000Z,637.6,7.2
2025-12-18T06:00:00.000Z,621.5,6.9
2025-12-18T07:00:00.000Z,627.5,6.9
2025-12-18T08:00:00.000Z,633.3,6.5
2025-12-18T09:00:00.000Z,632.8,6.4
2025-12-18T10:00:00.000Z,654.3,6.0
2025-12-18T11:00:00.000Z,643.7,6.0
2025-12-18T12:00:00.000Z,625.5,5.6
2025-12-18T13:00:00.000Z,619.9,5.6
2025-12-18T14:00:00.000Z,597.8,5.1
2025-12-18T15:00:00.000Z,611.0,5.2
2025-12-18T16:00:00.000Z,608.5,4.4
2025-12-18T17:00:00.000Z,593.4,4.3
2025-12-18T18:00:00.000Z,601.7,5.0
2025-12-18T19:00:00.000Z,608.5,5.4
2025-12-18T20:00:00.000Z,584.9,5.3
2025-12-18T21:00:00.000Z,612.9,5.9
2025-12-18T22:00:00.000Z,606.2,5.8
2025-12-18T23:00:00.000Z,586.0,5.7
2025-12-19T00:00:00.000Z,565.9,5.6
2025-12-19T01:00:00.000Z,568.2,5.9
2025-12-19T02:00:00.000Z,566.6,5.3
2025-12-19T03:00:00.000Z,558.2,5.3
2025-12-19T04:00:00.000Z,550.6,5.1
2025-12-19T05:00:00.000Z,544.5,5.0
2025-12-19T06:00:00.000Z,575.9,5.4
2025-12-19T07:00:00.000Z,554.5,5.4
2025-12-19T08:00:00.000Z,542.7,5.5
2025-12-19T09:00:00.000Z,544.0,6.0
2025-12-19T10:00:00.000Z,520.6,6.2
2025-12-19T11:00:00.000Z,517.7,5.8
2025-12-19T12:00:00.000Z,513.4,5.4
2025-12-19T13:00:00.000Z,501.7,5.1
2025-12-19T14:00:00.000Z,492.9,4.6
2025-12-19T15:00:00.000Z,488.5,5.0
2025-12-19T16:00:00.000Z,481.0,5.3
2025-12-19T17:00:00.000Z,487.4,5.8
2025-12-19T18:00:00.000Z,482.4,6.1
2025-12-19T19:00:00.000Z,492.5,6.0
2025-12-19T20:00:00.000Z,474.0,5.7
2025-12-19T21:00:00.000Z,478.6,5.8
2025-12-19T22:00:00.000Z,474.7,6.1
2025-12-19T23:00:00.000Z,464.8,6.1
2025-12-20T00:00:00.000Z,470.6,5.8
2025-12-20T01:00:00.000Z,467.5,5.9
2025-12-20T02:00:00.000Z,458.7,5.2
2025-12-20T03:00:00.000Z,458.0,5.1
2025-12-20T04:00:00.000Z,452.9,5.2
2025-12-20T05:00:00.000Z,438.1,4.9
2025-12-20T06:00:00.000Z,421.9,5.4
2025-12-20T07:00:00.000Z,426.8,5.2
2025-12-20T08:00:00.000Z,432.6,6.3
2025-12-20T09:00:00.000Z,434.3,5.9
2025-12-20T10:00:00.000Z,430.4,6.3
2025-12-20T11:00:00.000Z,430.0,5.8
2025-12-20T12:00:00.000Z,408.1,6.2
2025-12-20T13:00:00.000Z,408.8,7.6
2025-12-20T14:00:00.000Z,409.4,8.9
2025-12-20T15:00:00.000Z,403.6,9.9
2025-12-20T16:00:00.000Z,387.6,10.0
2025-12-20T17:00:00.000Z,381.6,10.3
2025-12-20T18:00:00.000Z,393.1,11.3
2025-12-20T19:00:00.000Z,392.2,11.6
2025-12-20T20:00:00.000Z,391.1,13.0
2025-12-20T21:00:00.000Z,385.0,14.2
2025-12-20T22:00:00.000Z,385.8,14.7
2025-12-20T23:00:00.000Z,381.7,14.2
2025-12-21T00:00:00.000Z,378.5,14.2
2025-12-21T01:00:00.000Z,378.4,14.5
2025-12-21T02:00:00.000Z,381.0,13.7
2025-12-21T03:00:00.000Z,375.9,14.9
2025-12-21T04:00:00.000Z,366.5,15.1
2025-12-21T05:00:00.000Z,365.0,15.2
2025-12-21T06:00:00.000Z,345.7,17.4
2025-12-21T07:00:00.000Z,364.9,21.5
2025-12-21T08:00:00.000Z,363.2,24.7
2025-12-21T09:00:00.000Z,347.9,20.6
2025-12-21T10:00:00.000Z,342.0,21.8
2025-12-21T11:00:00.000Z,340.5,23.0
2025-12-21T12:00:00.000Z,339.4,26.3
2025-12-21T13:00:00.000Z,342.9,28.9
2025-12-21T14:00:00.000Z,347.1,41.4
2025-12-21T15:00:00.000Z,356.6,51.7
2025-12-21T16:00:00.000Z,349.0,56.4
2025-12-21T17:00:00.000Z,351.2,69.0
2025-12-21T18:00:00.000Z,352.4,88.7
2025-12-21T19:00:00.000Z,354.3,71.8
2025-12-21T20:00:00.000Z,367.9,38.8
2025-12-21T21:00:00.000Z,392.3,51.6
2025-12-21T22:00:00.000Z,405.1,64.6
2025-12-21T23:00:00.000Z,472.8,23.0
2025-12-22T00:00:00.000Z,-1.0E31,-1.0E31
2025-12-22T01:00:00.000Z,-1.0E31,-1.0E31
2025-12-22T02:00:00.000Z,-1.0E31,-1.0E31
2025-12-22T03:00:00.000Z,-1.0E31,-1.0E31
2025-12-22T04:00:00.000Z,694.1,18.0
2025-12-22T05:00:00.000Z,762.2,10.3
2025-12-22T06:00:00.000Z,798.3,5.4
2025-12-22T07:00:00.000Z,763.2,5.6
2025-12-22T08:00:00.000Z,750.0,6.3
2025-12-22T09:00:00.000Z,752.3,5.5
2025-12-22T10:00:00.000Z,747.9,5.1
2025-12-22T11:00:00.000Z,759.1,4.8
2025-12-22T12:00:00.000Z,755.1,5.5
2025-12-22T13:00:00.000Z,742.0,5.6
2025-12-22T14:00:00.000Z,736.0,5.5
2025-12-22T15:00:00.000Z,743.0,5.4
2025-12-22T16:00:00.000Z,739.4,5.1
2025-12-22T17:00:00.000Z,741.0,4.7
2025-12-22T18:00:00.000Z,749.8,4.5
2025-12-22T19:00:00.000Z,742.2,4.7
2025-12-22T20:00:00.000Z,738.8,4.8
2025-12-22T21:00:00.000Z,750.5,5.2
2025-12-22T22:00:00.000Z,754.1,5.3
2025-12-22T23:00:00.000Z,743.8,5.3
2025-12-23T00:00:00.000Z,740.1,4.7
2025-12-23T01:00:00.000Z,773.1,4.8
2025-12-23T02:00:00.000Z,840.5,3.7
2025-12-23T03:00:00.000Z,838.2,3.7
2025-12-23T04:00:00.000Z,819.3,3.5
2025-12-23T05:00:00.000Z,805.6,3.7
2025-12-23T06:00:00.000Z,784.2,3.6
2025-12-23T07:00:00.000Z,790.5,3.9
2025-12-23T08:00:00.000Z,797.8,4.6
2025-12-23T09:00:00.000Z,765.1,4.8
2025-12-23T10:00:00.000Z,771.8,4.7
2025-12-23T11:00:00.000Z,784.3,4.7
2025-12-23T12:00:00.000Z,760.9,4.6
2025-12-23T13:00:00.000Z,746.7,4.3
2025-12-23T14:00:00.000Z,733.1,4.1
2025-12-23T15:00:00.000Z,727.7,4.1
2025-12-23T16:00:00.000Z,720.9,4.0
2025-12-23T17:00:00.000Z,718.9,4.2
2025-12-23T18:00:00.000Z,738.9,4.6
2025-12-23T19:00:00.000Z,736.4,5.0
2025-12-23T20:00:00.000Z,739.6,4.8
2025-12-23T21:00:00.000Z,740.9,5.1
2025-12-23T22:00:00.000Z,745.7,5.2
2025-12-23T23:00:00.000Z,758.3,5.5
2025-12-24T00:00:00.000Z,755.6,5.6
2025-12-24T01:00:00.000Z,759.7,5.9
2025-12-24T02:00:00.000Z,747.3,5.6
2025-12-24T03:00:00.000Z,753.0,5.2
2025-12-24T04:00:00.000Z,727.4,5.1
2025-12-24T05:00:00.000Z,741.2,4.9
2025-12-24T06:00:00.000Z,765.0,4.7
2025-12-24T07:00:00.000Z,749.5,5.0
2025-12-24T08:00:00.000Z,758.3,5.0
2025-12-24T09:00:00.000Z,761.3,4.9
2025-12-24T10:00:00.000Z,747.5,4.5
2025-12-24T11:00:00.000Z,731.2,5.0
2025-12-24T12:00:00.000Z,719.3,5.3
2025-12-24T13:00:00.000Z,707.8,4.9
2025-12-24T14:00:00.000Z,724.8,5.1
2025-12-24T15:00:00.000Z,724.1,4.9
2025-12-24T16:00:00.000Z,719.6,4.9
2025-12-24T17:00:00.000Z,725.8,4.8
2025-12-24T18:00:00.000Z,688.4,4.5
2025-12-24T19:00:00.000Z,716.2,5.5
2025-12-24T20:00:00.000Z,741.1,6.2
2025-12-24T21:00:00.000Z,756.2,6.3
2025-12-24T22:00:00.000Z,741.1,6.0
2025-12-24T23:00:00.000Z,737.4,6.1
2025-12-25T00:00:00.000Z,755.1,6.0
2025-12-25T01:00:00.000Z,724.5,5.9
2025-12-25T02:00:00.000Z,728.6,5.7
2025-12-25T03:00:00.000Z,739.7,5.9
2025-12-25T04:00:00.000Z,758.2,5.5
2025-12-25T05:00:00.000Z,723.3,5.3
2025-12-25T06:00:00.000Z,746.1,5.0
2025-12-25T07:00:00.000Z,736.5,4.6
2025-12-25T08:00:00.000Z,730.1,4.6
2025-12-25T09:00:00.000Z,731.4,4.9
2025-12-25T10:00:00.000Z,738.1,5.0
2025-12-25T11:00:00.000Z,744.2,5.0
2025-12-25T12:00:00.000Z,765.6,5.1
2025-12-25T13:00:00.000Z,771.5,5.2
2025-12-25T14:00:00.000Z,766.6,5.0
2025-12-25T15:00:00.000Z,783.4,4.8
2025-12-25T16:00:00.000Z,790.5,4.8
2025-12-25T17:00:00.000Z,780.9,5.1
2025-12-25T18:00:00.000Z,774.5,4.0
2025-12-25T19:00:00.000Z,782.1,3.8
2025-12-25T20:00:00.000Z,782.3,3.9
2025-12-25T21:00:00.000Z,738.6,3.3
2025-12-25T22:00:00.000Z,712.0,3.4
2025-12-25T23:00:00.000Z,661.3,3.4
2025-12-26T00:00:00.000Z,644.8,3.9
2025-12-26T01:00:00.000Z,640.4,4.3
2025-12-26T02:00:00.000Z,666.1,4.6
2025-12-26T03:00:00.000Z,665.4,5.0
2025-12-26T04:00:00.000Z,668.9,4.9
2025-12-26T05:00:00.000Z,662.9,5.0
2025-12-26T06:00:00.000Z,656.0,5.1
2025-12-26T07:00:00.000Z,648.9,5.1
2025-12-26T08:00:00.000Z,655.8,4.9
2025-12-26T09:00:00.000Z,644.4,5.0
2025-12-26T10:00:00.000Z,647.1,4.7
2025-12-26T11:00:00.000Z,660.8,4.6
2025-12-26T12:00:00.000Z,634.2,4.4
2025-12-26T13:00:00.000Z,641.1,4.4
2025-12-26T14:00:00.000Z,617.8,4.3
2025-12-26T15:00:00.000Z,617.9,4.0
2025-12-26T16:00:00.000Z,615.3,4.2
2025-12-26T17:00:00.000Z,615.8,4.3
2025-12-26T18:00:00.000Z,604.2,4.6
2025-12-26T19:00:00.000Z,622.1,4.4
2025-12-26T20:00:00.000Z,614.2,4.7
2025-12-26T21:00:00.000Z,612.6,4.5
2025-12-26T22:00:00.000Z,614.7,4.8
2025-12-26T23:00:00.000Z,595.4,4.8
2025-12-27T00:00:00.000Z,605.3,5.2
2025-12-27T01:00:00.000Z,610.6,4.6
2025-12-27T02:00:00.000Z,592.0,5.5
2025-12-27T03:00:00.000Z,599.3,5.3
2025-12-27T04:00:00.000Z,592.6,4.9
2025-12-27T05:00:00.000Z,579.3,4.9
2025-12-27T06:00:00.000Z,573.2,4.8
2025-12-27T07:00:00.000Z,574.6,4.6
2025-12-27T08:00:00.000Z,573.4,4.5
2025-12-27T09:00:00.000Z,574.2,4.0
2025-12-27T10:00:00.000Z,541.1,3.8
2025-12-27T11:00:00.000Z,525.5,3.8
2025-12-27T12:00:00.000Z,484.5,5.2
2025-12-27T13:00:00.000Z,473.3,5.4
2025-12-27T14:00:00.000Z,489.8,5.2
2025-12-27T15:00:00.000Z,496.7,5.6
2025-12-27T16:00:00.000Z,489.0,5.2
2025-12-27T17:00:00.000Z,485.9,5.4
2025-12-27T18:00:00.000Z,484.1,5.2
2025-12-27T19:00:00.000Z,475.1,5.9
2025-12-27T20:00:00.000Z,472.5,7.5
2025-12-27T21:00:00.000Z,462.8,7.2
2025-12-27T22:00:00.000Z,464.2,7.6
2025-12-27T23:00:00.000Z,468.9,7.9
2025-12-28T00:00:00.000Z,470.8,7.8
2025-12-28T01:00:00.000Z,443.4,7.5
2025-12-28T02:00:00.000Z,443.7,7.3
2025-12-28T03:00:00.000Z,415.3,6.6
2025-12-28T04:00:00.000Z,423.8,7.2
2025-12-28T05:00:00.000Z,428.2,7.3
2025-12-28T06:00:00.000Z,425.3,7.5
2025-12-28T07:00:00.000Z,416.9,7.5
2025-12-28T08:00:00.000Z,421.0,7.6
2025-12-28T09:00:00.000Z,416.5,7.6
2025-12-28T10:00:00.000Z,401.9,7.8
2025-12-28T11:00:00.000Z,393.6,8.8
2025-12-28T12:00:00.000Z,394.7,9.3
2025-12-28T13:00:00.000Z,389.2,10.5
2025-12-28T14:00:00.000Z,393.8,8.5
2025-12-28T15:00:00.000Z,389.9,8.6
2025-12-28T16:00:00.000Z,374.0,8.2
2025-12-28T17:00:00.000Z,379.2,7.7
2025-12-28T18:00:00.000Z,381.1,9.2
2025-12-28T19:00:00.000Z,373.9,8.7
2025-12-28T20:00:00.000Z,371.6,9.6
2025-12-28T21:00:00.000Z,368.7,10.2
2025-12-28T22:00:00.000Z,380.9,8.5
2025-12-28T23:00:00.000Z,378.6,8.6
2025-12-29T00:00:00.000Z,-1.0E31,-1.0E31
2025-12-29T01:00:00.000Z,-1.0E31,-1.0E31
2025-12-29T02:00:00.000Z,-1.0E31,-1.0E31
2025-12-29T03:00:00.000Z,-1.0E31,-1.0E31
2025-12-29T04:00:00.000Z,-1.0E31,-1.0E31
2025-12-29T05:00:00.000Z,-1.0E31,-1.0E31
2025-12-29T06:00:00.000Z,-1.0E31,-1.0E31
2025-12-29T07:00:00.000Z,-1.0E31,-1.0E31
2025-12-29T08:00:00.000Z,-1.0E31,-1.0E31
2025-12-29T09:00:00.000Z,-1.0E31,-1.0E31
2025-12-29T10:00:00.000Z,-1.0E31,-1.0E31
2025-12-29T11:00:00.000Z,-1.0E31,-1.0E31
2025-12-29T12:00:00.000Z,-1.0E31,-1.0E31
2025-12-29T13:00:00.000Z,-1.0E31,-1.0E31
2025-12-29T14:00:00.000Z,-1.0E31,-1.0E31
2025-12-29T15:00:00.000Z,-1.0E31,-1.0E31
2025-12-29T16:00:00.000Z,-1.0E31,-1.0E31
2025-12-29T17:00:00.000Z,-1.0E31,-1.0E31
2025-12-29T18:00:00.000Z,-1.0E31,-1.0E31
2025-12-29T19:00:00.000Z,-1.0E31,-1.0E31
2025-12-29T20:00:00.000Z,-1.0E31,-1.0E31
2025-12-29T21:00:00.000Z,-1.0E31,-1.0E31
2025-12-29T22:00:00.000Z,-1.0E31,-1.0E31
2025-12-29T23:00:00.000Z,362.2,6.7
