mjd_utc	longitude_deg	radius_au
60979.999199276	-170.146031583	1.359573601
60980.040865943	-170.215188219	1.359677784
60980.082532609	-170.284333566	1.359783668
60980.124199276	-170.353467454	1.359891254
60980.165865943	-170.422589714	1.360000540
60980.207532609	-170.491700174	1.360111526
60980.249199276	-170.560798666	1.360224211
60980.290865943	-170.629885020	1.360338596
60980.332532609	-170.698959066	1.360454679
60980.374199276	-170.768020634	1.360572461
60980.415865943	-170.837069557	1.360691941
60980.457532609	-170.906105665	1.360813118
60980.499199276	-170.975128788	1.360935992
60980.540865943	-171.044138760	1.361060562
60980.582532609	-171.113135412	1.361186828
60980.624199276	-171.182118574	1.361314790
60980.665865943	-171.251088081	1.361444446
60980.707532609	-171.320043763	1.361575797
60980.749199276	-171.388985453	1.361708842
60980.790865943	-171.457912985	1.361843580
60980.832532609	-171.526826190	1.361980011
60980.874199276	-171.595724903	1.362118134
60980.915865943	-171.664608957	1.362257949
60980.957532609	-171.733478185	1.362399455
60980.999199276	-171.802332420	1.362542652
60981.040865943	-171.871171498	1.362687539
60981.082532609	-171.939995252	1.362834115
60981.124199276	-172.008803517	1.362982380
60981.165865943	-172.077596128	1.363132334
60981.207532609	-172.146372919	1.363283975
60981.249199276	-172.215133726	1.363437304
60981.290865943	-172.283878384	1.363592319
60981.332532609	-172.352606729	1.363749020
60981.374199276	-172.421318596	1.363907407
60981.415865943	-172.490013823	1.364067478
60981.457532609	-172.558692245	1.364229233
60981.499199276	-172.627353699	1.364392672
60981.540865943	-172.695998022	1.364557794
60981.582532609	-172.764625052	1.364724597
60981.624199276	-172.833234624	1.364893083
60981.665865943	-172.901826579	1.365063249
60981.707532609	-172.970400752	1.365235095
60981.749199276	-173.038956983	1.365408621
60981.790865943	-173.107495109	1.365583826
60981.832532609	-173.176014971	1.365760709
60981.874199276	-173.244516406	1.365939270
60981.915865943	-173.312999254	1.366119507
60981.957532609	-173.381463354	1.366301421
60981.999199276	-173.449908547	1.366485010
60982.040865943	-173.518334673	1.366670273
60982.082532609	-173.586741571	1.366857211
60982.124199276	-173.655129083	1.367045822
60982.165865943	-173.723497049	1.367236105
60982.207532609	-173.791845311	1.367428060
60982.249199276	-173.860173711	1.367621686
60982.290865943	-173.928482089	1.367816983
60982.332532609	-173.996770289	1.368013949
60982.374199276	-174.065038152	1.368212583
60982.415865943	-174.133285522	1.368412886
60982.457532609	-174.201512241	1.368614856
60982.499199276	-174.269718153	1.368818493
60982.540865943	-174.337903101	1.369023795
60982.582532609	-174.406066930	1.369230762
60982.624199276	-174.474209482	1.369439393
60982.665865943	-174.542330604	1.369649688
60982.707532609	-174.610430140	1.369861645
60982.749199276	-174.678507934	1.370075263
60982.790865943	-174.746563833	1.370290543
60982.832532609	-174.814597683	1.370507482
60982.874199276	-174.882609328	1.370726081
60982.915865943	-174.950598617	1.370946338
60982.957532609	-175.018565394	1.371168253
60982.999199276	-175.086509509	1.371391824
60983.040865943	-175.154430807	1.371617051
60983.082532609	-175.222329137	1.371843933
60983.124199276	-175.290204347	1.372072469
60983.165865943	-175.358056285	1.372302658
60983.207532609	-175.425884799	1.372534500
60983.249199276	-175.493689740	1.372767993
60983.290865943	-175.561470956	1.373003136
60983.332532609	-175.629228297	1.373239930
60983.374199276	-175.696961613	1.373478372
60983.415865943	-175.764670754	1.373718462
60983.457532609	-175.832355572	1.373960199
60983.499199276	-175.900015917	1.374203581
60983.540865943	-175.967651641	1.374448609
60983.582532609	-176.035262595	1.374695282
60983.624199276	-176.102848632	1.374943597
60983.665865943	-176.170409604	1.375193555
60983.707532609	-176.237945365	1.375445154
60983.749199276	-176.305455766	1.375698393
60983.790865943	-176.372940663	1.375953272
60983.832532609	-176.440399908	1.376209790
60983.874199276	-176.507833356	1.376467945
60983.915865943	-176.575240862	1.376727736
60983.957532609	-176.642622281	1.376989164
60983.999199276	-176.709977467	1.377252225
60984.040865943	-176.777306278	1.377516921
60984.082532609	-176.844608568	1.377783249
60984.124199276	-176.911884195	1.378051208
60984.165865943	-176.979133014	1.378320798
60984.207532609	-177.046354885	1.378592018
60984.249199276	-177.113549663	1.378864867
60984.290865943	-177.180717208	1.379139342
60984.332532609	-177.247857376	1.379415445
60984.374199276	-177.314970028	1.379693173
60984.415865943	-177.382055022	1.379972525
60984.457532609	-177.449112218	1.380253501
60984.499199276	-177.516141476	1.380536100
60984.540865942	-177.583142655	1.380820319
60984.582532609	-177.650115616	1.381106159
60984.624199276	-177.717060222	1.381393618
60984.665865942	-177.783976332	1.381682696
60984.707532609	-177.850863809	1.381973390
60984.749199275	-177.917722515	1.382265701
60984.790865942	-177.984552312	1.382559626
60984.832532608	-178.051353064	1.382855165
60984.874199275	-178.118124634	1.383152317
60984.915865942	-178.184866885	1.383451081
60984.957532608	-178.251579683	1.383751455
60984.999199275	-178.318262891	1.384053438
60985.040865942	-178.384916375	1.384357030
60985.082532608	-178.451539999	1.384662229
60985.124199275	-178.518133630	1.384969034
60985.165865942	-178.584697134	1.385277445
60985.207532608	-178.651230377	1.385587459
60985.249199275	-178.717733227	1.385899075
60985.290865942	-178.784205550	1.386212294
60985.332532608	-178.850647216	1.386527112
60985.374199275	-178.917058091	1.386843530
60985.415865942	-178.983438045	1.387161546
60985.457532608	-179.049786946	1.387481159
60985.499199275	-179.116104665	1.387802368
60985.540865942	-179.182391070	1.388125171
60985.582532608	-179.248646033	1.388449568
60985.624199275	-179.314869424	1.388775557
60985.665865942	-179.381061114	1.389103137
60985.707532608	-179.447220975	1.389432307
60985.749199275	-179.513348878	1.389763066
60985.790865942	-179.579444697	1.390095412
60985.832532608	-179.645508303	1.390429345
60985.874199275	-179.711539571	1.390764862
60985.915865942	-179.777538374	1.391101964
60985.957532608	-179.843504585	1.391440648
60985.999199275	-179.909438081	1.391780913
60986.040865942	-179.975338734	1.392122759
60986.082532608	-180.041206422	1.392466184
60986.124199275	-180.107041019	1.392811186
60986.165865942	-180.172842402	1.393157766
60986.207532608	-180.238610447	1.393505920
60986.249199275	-180.304345032	1.393855648
60986.290865942	-180.370046035	1.394206949
60986.332532608	-180.435713332	1.394559822
60986.374199275	-180.501346804	1.394914265
60986.415865942	-180.566946327	1.395270277
60986.457532608	-180.632511783	1.395627856
60986.499199275	-180.698043050	1.395987003
60986.540865942	-180.763540008	1.396347714
60986.582532608	-180.829002539	1.396709989
60986.624199275	-180.894430523	1.397073827
60986.665865942	-180.959823842	1.397439226
60986.707532608	-181.025182377	1.397806185
60986.749199275	-181.090506012	1.398174703
60986.790865942	-181.155794628	1.398544778
60986.832532608	-181.221048109	1.398916410
60986.874199275	-181.286266339	1.399289596
60986.915865942	-181.351449202	1.399664336
60986.957532608	-181.416596583	1.400040628
60986.999199275	-181.481708366	1.400418471
60987.040865942	-181.546784436	1.400797863
60987.082532608	-181.611824681	1.401178804
60987.124199275	-181.676828986	1.401561292
60987.165865942	-181.741797239	1.401945325
60987.207532608	-181.806729325	1.402330902
60987.249199275	-181.871625134	1.402718022
60987.290865942	-181.936484553	1.403106684
60987.332532608	-182.001307471	1.403496885
60987.374199275	-182.066093776	1.403888626
60987.415865942	-182.130843360	1.404281904
60987.457532608	-182.195556110	1.404676718
60987.499199275	-182.260231919	1.405073067
60987.540865942	-182.324870677	1.405470949
60987.582532608	-182.389472274	1.405870363
60987.624199275	-182.454036604	1.406271308
60987.665865942	-182.518563558	1.406673782
60987.707532608	-182.583053028	1.407077783
60987.749199275	-182.647504909	1.407483312
60987.790865942	-182.711919093	1.407890365
60987.832532608	-182.776295476	1.408298941
60987.874199275	-182.840633950	1.408709040
60987.915865942	-182.904934412	1.409120660
60987.957532608	-182.969196757	1.409533799
60987.999199275	-183.033420880	1.409948457
60988.040865942	-183.097606678	1.410364630
60988.082532608	-183.161754048	1.410782319
60988.124199275	-183.225862888	1.411201522
60988.165865942	-183.289933094	1.411622237
60988.207532608	-183.353964565	1.412044463
60988.249199275	-183.417957200	1.412468199
60988.290865942	-183.481910898	1.412893442
60988.332532608	-183.545825559	1.413320192
60988.374199275	-183.609701082	1.413748447
60988.415865942	-183.673537369	1.414178206
60988.457532608	-183.737334319	1.414609467
60988.499199275	-183.801091835	1.415042229
60988.540865942	-183.864809818	1.415476491
60988.582532608	-183.928488172	1.415912250
60988.624199275	-183.992126798	1.416349506
60988.665865942	-184.055725599	1.416788256
60988.707532608	-184.119284481	1.417228500
60988.749199275	-184.182803346	1.417670236
60988.790865942	-184.246282100	1.418113463
60988.832532608	-184.309720648	1.418558179
60988.874199275	-184.373118895	1.419004382
60988.915865942	-184.436476748	1.419452072
60988.957532608	-184.499794112	1.419901246
60988.999199275	-184.563070896	1.420351903
60989.040865942	-184.626307006	1.420804042
60989.082532608	-184.689502350	1.421257661
60989.124199275	-184.752656838	1.421712758
60989.165865942	-184.815770377	1.422169333
60989.207532608	-184.878842877	1.422627384
60989.249199275	-184.941874247	1.423086908
60989.290865942	-185.004864399	1.423547906
60989.332532608	-185.067813243	1.424010374
60989.374199275	-185.130720689	1.424474312
60989.415865942	-185.193586650	1.424939718
60989.457532608	-185.256411038	1.425406591
60989.499199275	-185.319193766	1.425874928
60989.540865942	-185.381934745	1.426344729
60989.582532608	-185.444633891	1.426815993
60989.624199275	-185.507291116	1.427288716
60989.665865942	-185.569906336	1.427762899
60989.707532608	-185.632479465	1.428238539
60989.749199275	-185.695010418	1.428715634
60989.790865942	-185.757499112	1.429194185
60989.832532608	-185.819945462	1.429674187
60989.874199275	-185.882349386	1.430155641
60989.915865942	-185.944710801	1.430638545
60989.957532608	-186.007029624	1.431122897
60989.999199275	-186.069305774	1.431608695
60990.040865942	-186.131539169	1.432095939
60990.082532608	-186.193729728	1.432584626
60990.124199275	-186.255877370	1.433074754
60990.165865941	-186.317982017	1.433566323
60990.207532608	-186.380043588	1.434059331
60990.249199274	-186.442062004	1.434553776
60990.290865941	-186.504037186	1.435049657
60990.332532608	-186.565969057	1.435546971
60990.374199274	-186.627857539	1.436045718
60990.415865941	-186.689702554	1.436545896
60990.457532607	-186.751504026	1.437047503
60990.499199274	-186.813261879	1.437550538
60990.540865941	-186.874976036	1.438054999
60990.582532607	-186.936646422	1.438560885
60990.624199274	-186.998272963	1.439068193
60990.665865941	-187.059855583	1.439576923
60990.707532607	-187.121394209	1.440087073
60990.749199274	-187.182888768	1.440598641
60990.790865941	-187.244339186	1.441111625
60990.832532607	-187.305745390	1.441626025
60990.874199274	-187.367107309	1.442141837
60990.915865941	-187.428424870	1.442659062
60990.957532607	-187.489698003	1.443177697
60990.999199274	-187.550926636	1.443697740
60991.040865941	-187.612110700	1.444219190
60991.082532607	-187.673250125	1.444742046
60991.124199274	-187.734344840	1.445266305
60991.165865941	-187.795394777	1.445791966
60991.207532607	-187.856399868	1.446319028
60991.249199274	-187.917360044	1.446847489
60991.290865941	-187.978275238	1.447377347
60991.332532607	-188.039145383	1.447908600
60991.374199274	-188.099970412	1.448441248
60991.415865941	-188.160750258	1.448975287
60991.457532607	-188.221484856	1.449510718
60991.499199274	-188.282174141	1.450047538
60991.540865941	-188.342818048	1.450585745
60991.582532607	-188.403416512	1.451125338
60991.624199274	-188.463969469	1.451666315
60991.665865941	-188.524476855	1.452208675
60991.707532607	-188.584938608	1.452752416
60991.749199274	-188.645354665	1.453297535
60991.790865941	-188.705724964	1.453844033
60991.832532607	-188.766049443	1.454391907
60991.874199274	-188.826328040	1.454941155
60991.915865941	-188.886560696	1.455491775
60991.957532607	-188.946747348	1.456043767
60991.999199274	-189.006887938	1.456597128
60992.040865941	-189.066982406	1.457151857
60992.082532607	-189.127030692	1.457707952
60992.124199274	-189.187032739	1.458265411
60992.165865941	-189.246988488	1.458824233
60992.207532607	-189.306897880	1.459384417
60992.249199274	-189.366760860	1.459945959
60992.290865941	-189.426577370	1.460508860
60992.332532607	-189.486347353	1.461073117
60992.374199274	-189.546070753	1.461638728
60992.415865941	-189.605747516	1.462205692
60992.457532607	-189.665377586	1.462774007
60992.499199274	-189.724960907	1.463343672
60992.540865941	-189.784497427	1.463914684
60992.582532607	-189.843987091	1.464487043
60992.624199274	-189.903429845	1.465060746
60992.665865941	-189.962825638	1.465635792
60992.707532607	-190.022174416	1.466212179
60992.749199274	-190.081476126	1.466789905
60992.790865941	-190.140730719	1.467368969
60992.832532607	-190.199938142	1.467949370
60992.874199274	-190.259098344	1.468531105
60992.915865941	-190.318211276	1.469114172
60992.957532607	-190.377276887	1.469698571
60992.999199274	-190.436295128	1.470284299
60993.040865941	-190.495265950	1.470871354
60993.082532607	-190.554189304	1.471459736
60993.124199274	-190.613065142	1.472049442
60993.165865941	-190.671893416	1.472640470
60993.207532607	-190.730674079	1.473232820
60993.249199274	-190.789407084	1.473826489
60993.290865941	-190.848092384	1.474421475
60993.332532607	-190.906729933	1.475017777
60993.374199274	-190.965319686	1.475615394
60993.415865941	-191.023861597	1.476214323
60993.457532607	-191.082355622	1.476814563
60993.499199274	-191.140801717	1.477416112
60993.540865941	-191.199199836	1.478018968
60993.582532607	-191.257549937	1.478623130
60993.624199274	-191.315851976	1.479228596
60993.665865941	-191.374105911	1.479835365
60993.707532607	-191.432311699	1.480443434
60993.749199274	-191.490469299	1.481052802
60993.790865941	-191.548578669	1.481663467
60993.832532607	-191.606639768	1.482275428
60993.874199274	-191.664652555	1.482888682
60993.915865941	-191.722616989	1.483503229
60993.957532607	-191.780533032	1.484119066
60993.999199274	-191.838400644	1.484736192
60994.040865941	-191.896219786	1.485354605
60994.082532607	-191.953990418	1.485974304
60994.124199274	-192.011712503	1.486595286
60994.165865941	-192.069386003	1.487217550
60994.207532607	-192.127010881	1.487841094
60994.249199274	-192.184587099	1.488465916
60994.290865941	-192.242114622	1.489092016
60994.332532607	-192.299593412	1.489719390
60994.374199274	-192.357023434	1.490348038
60994.415865941	-192.414404653	1.490977958
60994.457532607	-192.471737033	1.491609147
60994.499199274	-192.529020540	1.492241605
60994.540865941	-192.586255140	1.492875330
60994.582532607	-192.643440799	1.493510319
60994.624199274	-192.700577484	1.494146571
60994.665865941	-192.757665161	1.494784085
60994.707532607	-192.814703797	1.495422858
60994.749199274	-192.871693362	1.496062890
60994.790865941	-192.928633822	1.496704178
60994.832532607	-192.985525147	1.497346720
60994.874199274	-193.042367305	1.497990515
60994.915865941	-193.099160266	1.498635562
60994.957532607	-193.155903999	1.499281857
60994.999199274	-193.212598474	1.499929401
60995.040865940	-193.269243663	1.500578190
60995.082532607	-193.325839535	1.501228224
60995.124199273	-193.382386062	1.501879501
60995.165865940	-193.438883216	1.502532018
60995.207532607	-193.495330968	1.503185774
60995.249199273	-193.551729292	1.503840768
60995.290865940	-193.608078159	1.504496998
60995.332532606	-193.664377544	1.505154461
60995.374199273	-193.720627419	1.505813157
60995.415865940	-193.776827758	1.506473084
60995.457532606	-193.832978536	1.507134239
60995.499199273	-193.889079728	1.507796621
60995.540865940	-193.945131308	1.508460229
60995.582532606	-194.001133252	1.509125061
60995.624199273	-194.057085535	1.509791114
60995.665865940	-194.112988134	1.510458388
60995.707532606	-194.168841025	1.511126881
60995.749199273	-194.224644186	1.511796590
60995.790865940	-194.280397592	1.512467514
60995.832532606	-194.336101223	1.513139652
60995.874199273	-194.391755056	1.513813002
60995.915865940	-194.447359069	1.514487561
60995.957532606	-194.502913240	1.515163329
60995.999199273	-194.558417550	1.515840303
60996.040865940	-194.613871978	1.516518483
60996.082532606	-194.669276502	1.517197865
60996.124199273	-194.724631104	1.517878449
60996.165865940	-194.779935764	1.518560232
60996.207532606	-194.835190463	1.519243213
60996.249199273	-194.890395182	1.519927391
60996.290865940	-194.945549902	1.520612763
60996.332532606	-195.000654606	1.521299328
60996.374199273	-195.055709275	1.521987084
60996.415865940	-195.110713893	1.522676030
60996.457532606	-195.165668442	1.523366163
60996.499199273	-195.220572906	1.524057482
60996.540865940	-195.275427268	1.524749986
60996.582532606	-195.330231512	1.525443672
60996.624199273	-195.384985623	1.526138538
60996.665865940	-195.439689585	1.526834584
60996.707532606	-195.494343384	1.527531808
60996.749199273	-195.548947005	1.528230207
60996.790865940	-195.603500433	1.528929780
60996.832532606	-195.658003655	1.529630525
60996.874199273	-195.712456657	1.530332441
60996.915865940	-195.766859425	1.531035526
60996.957532606	-195.821211948	1.531739778
60996.999199273	-195.875514211	1.532445195
60997.040865940	-195.929766204	1.533151776
60997.082532606	-195.983967914	1.533859519
60997.124199273	-196.038119329	1.534568423
60997.165865940	-196.092220439	1.535278485
60997.207532606	-196.146271232	1.535989704
60997.249199273	-196.200271697	1.536702078
60997.290865940	-196.254221825	1.537415605
60997.332532606	-196.308121606	1.538130285
60997.374199273	-196.361971030	1.538846114
60997.415865940	-196.415770087	1.539563092
60997.457532606	-196.469518769	1.540281216
60997.499199273	-196.523217067	1.541000486
60997.540865940	-196.576864973	1.541720898
60997.582532606	-196.630462478	1.542442453
60997.624199273	-196.684009575	1.543165147
60997.665865940	-196.737506257	1.543888979
60997.707532606	-196.790952517	1.544613947
60997.749199273	-196.844348348	1.545340051
60997.790865940	-196.897693743	1.546067287
60997.832532606	-196.950988696	1.546795655
60997.874199273	-197.004233202	1.547525152
60997.915865940	-197.057427255	1.548255778
60997.957532606	-197.110570849	1.548987529
60997.999199273	-197.163663981	1.549720405
60998.040865940	-197.216706645	1.550454404
60998.082532606	-197.269698837	1.551189525
60998.124199273	-197.322640554	1.551925764
60998.165865940	-197.375531791	1.552663122
60998.207532606	-197.428372545	1.553401595
60998.249199273	-197.481162814	1.554141183
60998.290865940	-197.533902594	1.554881884
60998.332532606	-197.586591883	1.555623695
60998.374199273	-197.639230679	1.556366616
60998.415865940	-197.691818979	1.557110645
60998.457532606	-197.744356784	1.557855779
60998.499199273	-197.796844090	1.558602018
60998.540865940	-197.849280898	1.559349359
60998.582532606	-197.901667206	1.560097802
60998.624199273	-197.954003014	1.560847343
60998.665865940	-198.006288323	1.561597982
60998.707532606	-198.058523132	1.562349717
60998.749199273	-198.110707441	1.563102545
60998.790865940	-198.162841252	1.563856467
60998.832532606	-198.214924566	1.564611479
60998.874199273	-198.266957384	1.565367580
60998.915865940	-198.318939707	1.566124769
60998.957532606	-198.370871537	1.566883043
60998.999199273	-198.422752878	1.567642402
60999.040865940	-198.474583730	1.568402843
60999.082532606	-198.526364098	1.569164364
60999.124199273	-198.578093983	1.569926965
60999.165865940	-198.629773389	1.570690643
60999.207532606	-198.681402320	1.571455397
60999.249199273	-198.732980780	1.572221225
60999.290865940	-198.784508773	1.572988125
60999.332532606	-198.835986303	1.573756096
60999.374199273	-198.887413374	1.574525136
60999.415865939	-198.938789993	1.575295243
60999.457532606	-198.990116163	1.576066416
60999.499199272	-199.041391891	1.576838653
60999.540865939	-199.092617182	1.577611952
60999.582532605	-199.143792042	1.578386312
60999.624199272	-199.194916478	1.579161731
60999.665865939	-199.245990495	1.579938208
60999.707532605	-199.297014102	1.580715740
60999.749199272	-199.347987304	1.581494326
60999.790865939	-199.398910109	1.582273965
60999.832532605	-199.449782525	1.583054654
60999.874199272	-199.500604560	1.583836393
60999.915865939	-199.551376221	1.584619178
60999.957532605	-199.602097517	1.585403010
60999.999199272	-199.652768457	1.586187886
61000.040865939	-199.703389049	1.586973804
61000.082532605	-199.753959302	1.587760764
61000.124199272	-199.804479227	1.588548762
61000.165865939	-199.854948832	1.589337798
61000.207532605	-199.905368127	1.590127870
61000.249199272	-199.955737122	1.590918976
61000.290865939	-200.006055829	1.591711115
61000.332532605	-200.056324256	1.592504284
61000.374199272	-200.106542416	1.593298483
61000.415865939	-200.156710319	1.594093710
61000.457532605	-200.206827976	1.594889963
61000.499199272	-200.256895399	1.595687240
61000.540865939	-200.306912601	1.596485540
61000.582532605	-200.356879592	1.597284861
61000.624199272	-200.406796385	1.598085201
61000.665865939	-200.456662993	1.598886560
61000.707532605	-200.506479429	1.599688935
61000.749199272	-200.556245704	1.600492324
61000.790865939	-200.605961833	1.601296726
61000.832532605	-200.655627830	1.602102140
61000.874199272	-200.705243707	1.602908564
61000.915865939	-200.754809478	1.603715995
61000.957532605	-200.804325158	1.604524433
61000.999199272	-200.853790761	1.605333876
61001.040865939	-200.903206302	1.606144323
61001.082532605	-200.952571795	1.606955770
61001.124199272	-201.001887256	1.607768218
61001.165865939	-201.051152699	1.608581665
61001.207532605	-201.100368141	1.609396108
61001.249199272	-201.149533596	1.610211546
61001.290865939	-201.198649081	1.611027978
61001.332532605	-201.247714612	1.611845401
61001.374199272	-201.296730205	1.612663816
61001.415865939	-201.345695877	1.613483218
61001.457532605	-201.394611645	1.614303608
61001.499199272	-201.443477525	1.615124984
61001.540865939	-201.492293534	1.615947343
61001.582532605	-201.541059691	1.616770685
61001.624199272	-201.589776013	1.617595008
61001.665865939	-201.638442518	1.618420309
61001.707532605	-201.687059223	1.619246589
61001.749199272	-201.735626147	1.620073844
61001.790865939	-201.784143309	1.620902073
61001.832532605	-201.832610726	1.621731275
61001.874199272	-201.881028419	1.622561449
61001.915865939	-201.929396405	1.623392592
61001.957532605	-201.977714705	1.624224703
61001.999199272	-202.025983338	1.625057780
61002.040865939	-202.074202323	1.625891822
61002.082532605	-202.122371681	1.626726827
61002.124199272	-202.170491431	1.627562794
61002.165865939	-202.218561593	1.628399721
61002.207532605	-202.266582189	1.629237607
61002.249199272	-202.314553239	1.630076449
61002.290865939	-202.362474763	1.630916247
61002.332532605	-202.410346783	1.631756998
61002.374199272	-202.458169320	1.632598702
61002.415865939	-202.505942395	1.633441356
61002.457532605	-202.553666031	1.634284960
61002.499199272	-202.601340248	1.635129511
61002.540865939	-202.648965070	1.635975007
61002.582532605	-202.696540517	1.636821448
61002.624199272	-202.744066613	1.637668832
61002.665865939	-202.791543380	1.638517157
61002.707532605	-202.838970840	1.639366422
61002.749199272	-202.886349017	1.640216625
61002.790865939	-202.933677934	1.641067764
61002.832532605	-202.980957614	1.641919838
61002.874199272	-203.028188081	1.642772846
61002.915865939	-203.075369358	1.643626786
61002.957532605	-203.122501468	1.644481656
61002.999199272	-203.169584437	1.645337455
61003.040865939	-203.216618288	1.646194181
61003.082532605	-203.263603046	1.647051832
61003.124199272	-203.310538735	1.647910408
61003.165865939	-203.357425379	1.648769906
61003.207532605	-203.404263004	1.649630326
61003.249199272	-203.451051635	1.650491665
61003.290865939	-203.497791297	1.651353922
61003.332532605	-203.544482015	1.652217095
61003.374199272	-203.591123814	1.653081184
61003.415865939	-203.637716722	1.653946185
61003.457532605	-203.684260763	1.654812099
61003.499199272	-203.730755963	1.655678923
61003.540865938	-203.777202349	1.656546656
61003.582532605	-203.823599947	1.657415296
61003.624199271	-203.869948784	1.658284841
61003.665865938	-203.916248886	1.659155291
61003.707532604	-203.962500281	1.660026644
61003.749199271	-204.008702994	1.660898898
61003.790865938	-204.054857054	1.661772051
61003.832532604	-204.100962487	1.662646103
61003.874199271	-204.147019322	1.663521051
61003.915865938	-204.193027586	1.664396895
61003.957532604	-204.238987306	1.665273632
61003.999199271	-204.284898511	1.666151261
61004.040865938	-204.330761228	1.667029781
61004.082532604	-204.376575487	1.667909190
61004.124199271	-204.422341314	1.668789486
61004.165865938	-204.468058740	1.669670669
61004.207532604	-204.513727792	1.670552736
61004.249199271	-204.559348500	1.671435686
61004.290865938	-204.604920892	1.672319518
61004.332532604	-204.650444998	1.673204230
61004.374199271	-204.695920847	1.674089821
61004.415865938	-204.741348468	1.674976288
61004.457532604	-204.786727891	1.675863632
61004.499199271	-204.832059146	1.676751849
61004.540865938	-204.877342262	1.677640940
61004.582532604	-204.922577270	1.678530901
61004.624199271	-204.967764199	1.679421732
61004.665865938	-205.012903081	1.680313431
61004.707532604	-205.057993944	1.681205997
61004.749199271	-205.103036821	1.682099429
61004.790865938	-205.148031741	1.682993724
61004.832532604	-205.192978736	1.683888881
61004.874199271	-205.237877836	1.684784899
61004.915865938	-205.282729072	1.685681777
61004.957532604	-205.327532476	1.686579513
61004.999199271	-205.372288080	1.687478105
61005.040865938	-205.416995914	1.688377552
61005.082532604	-205.461656010	1.689277852
61005.124199271	-205.506268400	1.690179005
61005.165865938	-205.550833116	1.691081008
61005.207532604	-205.595350189	1.691983860
61005.249199271	-205.639819653	1.692887560
61005.290865938	-205.684241539	1.693792107
61005.332532604	-205.728615879	1.694697498
61005.374199271	-205.772942707	1.695603732
61005.415865938	-205.817222054	1.696510808
61005.457532604	-205.861453953	1.697418725
61005.499199271	-205.905638438	1.698327481
61005.540865938	-205.949775542	1.699237074
61005.582532604	-205.993865296	1.700147504
61005.624199271	-206.037907736	1.701058768
61005.665865938	-206.081902893	1.701970865
61005.707532604	-206.125850802	1.702883795
61005.749199271	-206.169751496	1.703797554
61005.790865938	-206.213605009	1.704712143
61005.832532604	-206.257411374	1.705627559
61005.874199271	-206.301170626	1.706543801
61005.915865938	-206.344882798	1.707460868
61005.957532604	-206.388547925	1.708378758
61005.999199271	-206.432166041	1.709297470
61006.040865938	-206.475737180	1.710217003
61006.082532604	-206.519261377	1.711137354
61006.124199271	-206.562738667	1.712058523
61006.165865938	-206.606169083	1.712980508
61006.207532604	-206.649552661	1.713903308
61006.249199271	-206.692889436	1.714826921
61006.290865938	-206.736179443	1.715751346
61006.332532604	-206.779422717	1.716676582
61006.374199271	-206.822619293	1.717602627
61006.415865938	-206.865769206	1.718529480
61006.457532604	-206.908872492	1.719457139
61006.499199271	-206.951929187	1.720385603
61006.540865938	-206.994939326	1.721314870
61006.582532604	-207.037902944	1.722244939
61006.624199271	-207.080820078	1.723175810
61006.665865938	-207.123690764	1.724107479
61006.707532604	-207.166515037	1.725039947
61006.749199271	-207.209292934	1.725973211
61006.790865938	-207.252024491	1.726907271
61006.832532604	-207.294709744	1.727842124
61006.874199271	-207.337348730	1.728777770
61006.915865938	-207.379941484	1.729714206
61006.957532604	-207.422488045	1.730651433
61006.999199271	-207.464988448	1.731589448
61007.040865938	-207.507442730	1.732528249
61007.082532604	-207.549850929	1.733467836
61007.124199271	-207.592213080	1.734408208
61007.165865938	-207.634529222	1.735349362
61007.207532604	-207.676799391	1.736291298
61007.249199271	-207.719023624	1.737234014
61007.290865938	-207.761201959	1.738177508
61007.332532604	-207.803334433	1.739121780
61007.374199271	-207.845421084	1.740066828
61007.415865937	-207.887461949	1.741012651
61007.457532604	-207.929457067	1.741959246
61007.499199270	-207.971406473	1.742906614
61007.540865937	-208.013310208	1.743854753
61007.582532603	-208.055168307	1.744803660
61007.624199270	-208.096980810	1.745753336
61007.665865937	-208.138747755	1.746703778
61007.707532603	-208.180469179	1.747654986
61007.749199270	-208.222145121	1.748606957
61007.790865937	-208.263775619	1.749559691
61007.832532603	-208.305360712	1.750513186
61007.874199270	-208.346900437	1.751467441
61007.915865937	-208.388394834	1.752422454
61007.957532603	-208.429843942	1.753378225
61007.999199270	-208.471247798	1.754334752
61008.040865937	-208.512606441	1.755292033
61008.082532603	-208.553919911	1.756250067
61008.124199270	-208.595188247	1.757208853
61008.165865937	-208.636411486	1.758168390
61008.207532603	-208.677589669	1.759128676
61008.249199270	-208.718722835	1.760089710
61008.290865937	-208.759811022	1.761051491
61008.332532603	-208.800854270	1.762014017
61008.374199270	-208.841852619	1.762977287
61008.415865937	-208.882806107	1.763941300
61008.457532603	-208.923714774	1.764906054
61008.499199270	-208.964578660	1.765871548
61008.540865937	-209.005397805	1.766837782
61008.582532603	-209.046172247	1.767804752
61008.624199270	-209.086902027	1.768772459
61008.665865937	-209.127587185	1.769740900
61008.707532603	-209.168227760	1.770710076
61008.749199270	-209.208823792	1.771679983
61008.790865937	-209.249375322	1.772650622
61008.832532603	-209.289882389	1.773621990
61008.874199270	-209.330345033	1.774594087
61008.915865937	-209.370763295	1.775566910
61008.957532603	-209.411137215	1.776540460
61008.999199270	-209.451466833	1.777514734
61009.040865937	-209.491752190	1.778489732
61009.082532603	-209.531993325	1.779465452
61009.124199270	-209.572190280	1.780441892
61009.165865937	-209.612343095	1.781419052
61009.207532603	-209.652451811	1.782396930
61009.249199270	-209.692516467	1.783375525
61009.290865937	-209.732537106	1.784354835
61009.332532603	-209.772513767	1.785334860
61009.374199270	-209.812446491	1.786315599
61009.415865937	-209.852335320	1.787297049
61009.457532603	-209.892180294	1.788279209
61009.499199270	-209.931981454	1.789262079
61009.540865937	-209.971738841	1.790245657
61009.582532603	-210.011452496	1.791229942
61009.624199270	-210.051122461	1.792214933
61009.665865937	-210.090748776	1.793200628
61009.707532603	-210.130331482	1.794187026
61009.749199270	-210.169870622	1.795174125
61009.790865937	-210.209366236	1.796161926
61009.832532603	-210.248818365	1.797150425
61009.874199270	-210.288227052	1.798139623
61009.915865937	-210.327592337	1.799129518
61009.957532603	-210.366914262	1.800120108
61009.999199270	-210.406192868	1.801111393
61010.040865937	-210.445428198	1.802103371
61010.082532603	-210.484620292	1.803096041
61010.124199270	-210.523769193	1.804089402
61010.165865937	-210.562874942	1.805083452
61010.207532603	-210.601937580	1.806078190
61010.249199270	-210.640957150	1.807073616
61010.290865937	-210.679933694	1.808069727
61010.332532603	-210.718867253	1.809066523
61010.374199270	-210.757757870	1.810064002
61010.415865937	-210.796605586	1.811062163
61010.457532603	-210.835410443	1.812061005
61010.499199270	-210.874172483	1.813060527
61010.540865937	-210.912891749	1.814060728
61010.582532603	-210.951568282	1.815061606
61010.624199270	-210.990202125	1.816063160
61010.665865937	-211.028793320	1.817065389
61010.707532603	-211.067341909	1.818068291
61010.749199270	-211.105847934	1.819071866
61010.790865937	-211.144311438	1.820076113
61010.832532603	-211.182732463	1.821081029
61010.874199270	-211.221111051	1.822086615
61010.915865937	-211.259447245	1.823092868
61010.957532603	-211.297741087	1.824099788
61010.999199270	-211.335992620	1.825107373
61011.040865936	-211.374201886	1.826115622
61011.082532603	-211.412368928	1.827124534
61011.124199269	-211.450493788	1.828134108
61011.165865936	-211.488576509	1.829144343
61011.207532603	-211.526617133	1.830155237
61011.249199269	-211.564615703	1.831166789
61011.290865936	-211.602572262	1.832178999
61011.332532602	-211.640486853	1.833191864
61011.374199269	-211.678359518	1.834205384
61011.415865936	-211.716190300	1.835219558
61011.457532602	-211.753979241	1.836234384
61011.499199269	-211.791726386	1.837249861
61011.540865936	-211.829431775	1.838265988
61011.582532602	-211.867095454	1.839282765
61011.624199269	-211.904717463	1.840300189
61011.665865936	-211.942297846	1.841318259
61011.707532602	-211.979836647	1.842336975
61011.749199269	-212.017333907	1.843356336
61011.790865936	-212.054789671	1.844376339
61011.832532602	-212.092203980	1.845396985
61011.874199269	-212.129576879	1.846418271
61011.915865936	-212.166908410	1.847440197
61011.957532602	-212.204198616	1.848462762
61011.999199269	-212.241447541	1.849485964
61012.040865936	-212.278655227	1.850509802
61012.082532602	-212.315821717	1.851534275
61012.124199269	-212.352947055	1.852559383
61012.165865936	-212.390031285	1.853585123
61012.207532602	-212.427074448	1.854611495
61012.249199269	-212.464076589	1.855638497
61012.290865936	-212.501037750	1.856666129
61012.332532602	-212.537957975	1.857694389
61012.374199269	-212.574837308	1.858723277
61012.415865936	-212.611675791	1.859752791
61012.457532602	-212.648473467	1.860782929
61012.499199269	-212.685230381	1.861813692
61012.540865936	-212.721946575	1.862845077
61012.582532602	-212.758622093	1.863877084
61012.624199269	-212.795256978	1.864909711
61012.665865936	-212.831851273	1.865942958
61012.707532602	-212.868405022	1.866976822
61012.749199269	-212.904918269	1.868011305
61012.790865936	-212.941391056	1.869046403
61012.832532602	-212.977823428	1.870082116
61012.874199269	-213.014215427	1.871118443
61012.915865936	-213.050567097	1.872155383
61012.957532602	-213.086878482	1.873192934
61012.999199269	-213.123149624	1.874231096
61013.040865936	-213.159380569	1.875269868
61013.082532602	-213.195571358	1.876309247
61013.124199269	-213.231722036	1.877349234
61013.165865936	-213.267832646	1.878389828
61013.207532602	-213.303903231	1.879431026
61013.249199269	-213.339933836	1.880472829
61013.290865936	-213.375924503	1.881515234
61013.332532602	-213.411875277	1.882558241
61013.374199269	-213.447786200	1.883601849
61013.415865936	-213.483657317	1.884646057
61013.457532602	-213.519488670	1.885690863
61013.499199269	-213.555280305	1.886736267
61013.540865936	-213.591032263	1.887782267
61013.582532602	-213.626744589	1.888828863
61013.624199269	-213.662417326	1.889876053
61013.665865936	-213.698050519	1.890923836
61013.707532602	-213.733644210	1.891972212
61013.749199269	-213.769198443	1.893021179
61013.790865936	-213.804713262	1.894070735
61013.832532602	-213.840188710	1.895120881
61013.874199269	-213.875624831	1.896171615
61013.915865936	-213.911021669	1.897222935
61013.957532602	-213.946379267	1.898274842
61013.999199269	-213.981697670	1.899327333
61014.040865936	-214.016976919	1.900380408
61014.082532602	-214.052217060	1.901434066
61014.124199269	-214.087418136	1.902488305
61014.165865936	-214.122580191	1.903543125
61014.207532602	-214.157703267	1.904598525
61014.249199269	-214.192787409	1.905654503
61014.290865936	-214.227832661	1.906711058
61014.332532602	-214.262839066	1.907768190
61014.374199269	-214.297806667	1.908825898
61014.415865936	-214.332735509	1.909884179
61014.457532602	-214.367625635	1.910943034
61014.499199269	-214.402477088	1.912002462
61014.540865936	-214.437289913	1.913062460
61014.582532602	-214.472064152	1.914123029
61014.624199269	-214.506799850	1.915184168
61014.665865935	-214.541497051	1.916245874
61014.707532602	-214.576155796	1.917308148
61014.749199268	-214.610776132	1.918370987
61014.790865935	-214.645358100	1.919434392
61014.832532601	-214.679901745	1.920498361
61014.874199268	-214.714407110	1.921562893
61014.915865935	-214.748874239	1.922627987
61014.957532601	-214.783303175	1.923693643
61014.999199268	-214.817693962	1.924759858
61015.040865935	-214.852046644	1.925826633
61015.082532601	-214.886361264	1.926893965
61015.124199268	-214.920637866	1.927961855
61015.165865935	-214.954876493	1.929030301
61015.207532601	-214.989077189	1.930099301
61015.249199268	-215.023239997	1.931168856
61015.290865935	-215.057364961	1.932238964
61015.332532601	-215.091452125	1.933309624
61015.374199268	-215.125501531	1.934380835
61015.415865935	-215.159513225	1.935452596
61015.457532601	-215.193487248	1.936524907
61015.499199268	-215.227423644	1.937597765
61015.540865935	-215.261322458	1.938671171
61015.582532601	-215.295183732	1.939745122
61015.624199268	-215.329007511	1.940819619
61015.665865935	-215.362793836	1.941894660
61015.707532601	-215.396542753	1.942970245
61015.749199268	-215.430254304	1.944046371
61015.790865935	-215.463928532	1.945123039
61015.832532601	-215.497565482	1.946200247
61015.874199268	-215.531165196	1.947277994
61015.915865935	-215.564727718	1.948356280
61015.957532601	-215.598253092	1.949435103
61015.999199268	-215.631741360	1.950514463
61016.040865935	-215.665192567	1.951594358
61016.082532601	-215.698606755	1.952674787
61016.124199268	-215.731983967	1.953755750
61016.165865935	-215.765324248	1.954837245
61016.207532601	-215.798627640	1.955919272
61016.249199268	-215.831894187	1.957001830
61016.290865935	-215.865123932	1.958084918
61016.332532601	-215.898316918	1.959168534
61016.374199268	-215.931473188	1.960252678
61016.415865935	-215.964592786	1.961337349
61016.457532601	-215.997675755	1.962422545
61016.499199268	-216.030722138	1.963508267
61016.540865935	-216.063731979	1.964594513
61016.582532601	-216.096705320	1.965681281
61016.624199268	-216.129642204	1.966768572
61016.665865935	-216.162542676	1.967856384
61016.707532601	-216.195406777	1.968944716
61016.749199268	-216.228234551	1.970033568
61016.790865935	-216.261026042	1.971122938
61016.832532601	-216.293781291	1.972212825
61016.874199268	-216.326500343	1.973303229
61016.915865935	-216.359183240	1.974394148
61016.957532601	-216.391830025	1.975485583
61016.999199268	-216.424440742	1.976577530
61017.040865935	-216.457015433	1.977669991
61017.082532601	-216.489554141	1.978762964
61017.124199268	-216.522056909	1.979856447
61017.165865935	-216.554523781	1.980950441
61017.207532601	-216.586954798	1.982044943
61017.249199268	-216.619350004	1.983139954
61017.290865935	-216.651709442	1.984235473
61017.332532601	-216.684033155	1.985331497
61017.374199268	-216.716321185	1.986428027
61017.415865935	-216.748573576	1.987525062
61017.457532601	-216.780790369	1.988622600
61017.499199268	-216.812971609	1.989720641
61017.540865935	-216.845117336	1.990819184
61017.582532601	-216.877227596	1.991918228
61017.624199268	-216.909302429	1.993017772
61017.665865935	-216.941341879	1.994117815
61017.707532601	-216.973345988	1.995218357
61017.749199268	-217.005314799	1.996319395
61017.790865935	-217.037248355	1.997420931
61017.832532601	-217.069146698	1.998522961
61017.874199268	-217.101009870	1.999625487
61017.915865935	-217.132837915	2.000728506
61017.957532601	-217.164630875	2.001832018
61017.999199268	-217.196388793	2.002936023
61018.040865935	-217.228111710	2.004040518
61018.082532601	-217.259799669	2.005145504
61018.124199268	-217.291452713	2.006250979
61018.165865934	-217.323070884	2.007356942
61018.207532601	-217.354654225	2.008463393
61018.249199267	-217.386202778	2.009570331
61018.290865934	-217.417716585	2.010677755
61018.332532600	-217.449195688	2.011785664
61018.374199267	-217.480640130	2.012894057
61018.415865934	-217.512049954	2.014002933
61018.457532600	-217.543425200	2.015112291
61018.499199267	-217.574765913	2.016222132
61018.540865934	-217.606072133	2.017332452
61018.582532600	-217.637343902	2.018443253
61018.624199267	-217.668581264	2.019554532
61018.665865934	-217.699784260	2.020666290
61018.707532600	-217.730952932	2.021778525
61018.749199267	-217.762087323	2.022891236
61018.790865934	-217.793187474	2.024004423
61018.832532600	-217.824253427	2.025118084
61018.874199267	-217.855285225	2.026232219
61018.915865934	-217.886282908	2.027346828
61018.957532600	-217.917246520	2.028461908
61018.999199267	-217.948176102	2.029577459
61019.040865934	-217.979071696	2.030693481
61019.082532600	-218.009933344	2.031809973
61019.124199267	-218.040761087	2.032926933
61019.165865934	-218.071554968	2.034044361
61019.207532600	-218.102315028	2.035162257
61019.249199267	-218.133041309	2.036280618
61019.290865934	-218.163733852	2.037399445
61019.332532600	-218.194392700	2.038518736
61019.374199267	-218.225017894	2.039638491
61019.415865934	-218.255609475	2.040758709
61019.457532600	-218.286167485	2.041879389
61019.499199267	-218.316691966	2.043000531
61019.540865934	-218.347182960	2.044122132
61019.582532600	-218.377640507	2.045244194
61019.624199267	-218.408064649	2.046366714
61019.665865934	-218.438455428	2.047489691
61019.707532600	-218.468812884	2.048613127
61019.749199267	-218.499137061	2.049737018
61019.790865934	-218.529427998	2.050861365
61019.832532600	-218.559685737	2.051986166
61019.874199267	-218.589910319	2.053111421
61019.915865934	-218.620101787	2.054237130
61019.957532600	-218.650260180	2.055363290
61019.999199267	-218.680385540	2.056489902
61020.040865934	-218.710477908	2.057616965
61020.082532600	-218.740537326	2.058744477
61020.124199267	-218.770563835	2.059872439
61020.165865934	-218.800557475	2.061000848
61020.207532600	-218.830518287	2.062129705
61020.249199267	-218.860446314	2.063259009
61020.290865934	-218.890341594	2.064388758
61020.332532600	-218.920204171	2.065518953
61020.374199267	-218.950034084	2.066649591
61020.415865934	-218.979831374	2.067780673
61020.457532600	-219.009596083	2.068912198
61020.499199267	-219.039328250	2.070044164
61020.540865934	-219.069027918	2.071176571
61020.582532600	-219.098695126	2.072309419
61020.624199267	-219.128329915	2.073442706
61020.665865934	-219.157932327	2.074576432
61020.707532600	-219.187502401	2.075710596
61020.749199267	-219.217040179	2.076845196
61020.790865934	-219.246545700	2.077980233
61020.832532600	-219.276019006	2.079115706
61020.874199267	-219.305460137	2.080251613
61020.915865934	-219.334869133	2.081387955
61020.957532600	-219.364246035	2.082524729
61020.999199267	-219.393590884	2.083661936
61021.040865934	-219.422903720	2.084799575
61021.082532600	-219.452184582	2.085937644
61021.124199267	-219.481433512	2.087076144
61021.165865934	-219.510650550	2.088215073
61021.207532600	-219.539835736	2.089354431
61021.249199267	-219.568989110	2.090494216
61021.290865934	-219.598110713	2.091634429
61021.332532600	-219.627200584	2.092775068
61021.374199267	-219.656258763	2.093916132
61021.415865934	-219.685285292	2.095057621
61021.457532600	-219.714280209	2.096199534
61021.499199266	-219.743243556	2.097341871
61021.540865933	-219.772175371	2.098484630
61021.582532599	-219.801075695	2.099627810
61021.624199266	-219.829944567	2.100771412
61021.665865933	-219.858782029	2.101915434
61021.707532599	-219.887588118	2.103059876
61021.749199266	-219.916362876	2.104204736
61021.790865933	-219.945106342	2.105350014
61021.832532599	-219.973818555	2.106495710
61021.874199266	-220.002499556	2.107641822
61021.915865933	-220.031149384	2.108788349
61021.957532599	-220.059768079	2.109935292
61021.999199266	-220.088355680	2.111082650
61022.040865933	-220.116912227	2.112230420
61022.082532599	-220.145437759	2.113378604
61022.124199266	-220.173932316	2.114527200
61022.165865933	-220.202395938	2.115676207
61022.207532599	-220.230828663	2.116825624
61022.249199266	-220.259230531	2.117975452
61022.290865933	-220.287601582	2.119125689
61022.332532599	-220.315941855	2.120276334
61022.374199266	-220.344251388	2.121427387
61022.415865933	-220.372530222	2.122578847
61022.457532599	-220.400778395	2.123730713
61022.499199266	-220.428995947	2.124882984
61022.540865933	-220.457182916	2.126035661
61022.582532599	-220.485339343	2.127188742
61022.624199266	-220.513465265	2.128342226
61022.665865933	-220.541560722	2.129496112
61022.707532599	-220.569625752	2.130650401
61022.749199266	-220.597660396	2.131805091
61022.790865933	-220.625664691	2.132960181
61022.832532599	-220.653638677	2.134115671
61022.874199266	-220.681582392	2.135271561
61022.915865933	-220.709495875	2.136427848
61022.957532599	-220.737379165	2.137584534
61022.999199266	-220.765232300	2.138741616
61023.040865933	-220.793055320	2.139899095
61023.082532599	-220.820848262	2.141056969
61023.124199266	-220.848611166	2.142215238
61023.165865933	-220.876344070	2.143373901
61023.207532599	-220.904047012	2.144532958
61023.249199266	-220.931720032	2.145692408
61023.290865933	-220.959363167	2.146852249
61023.332532599	-220.986976456	2.148012482
61023.374199266	-221.014559937	2.149173106
61023.415865933	-221.042113648	2.150334120
61023.457532599	-221.069637629	2.151495523
61023.499199266	-221.097131916	2.152657314
61023.540865933	-221.124596549	2.153819494
61023.582532599	-221.152031565	2.154982061
61023.624199266	-221.179437003	2.156145014
61023.665865933	-221.206812900	2.157308353
61023.707532599	-221.234159295	2.158472077
61023.749199266	-221.261476226	2.159636186
61023.790865933	-221.288763731	2.160800679
61023.832532599	-221.316021848	2.161965555
61023.874199266	-221.343250614	2.163130813
61023.915865933	-221.370450067	2.164296453
61023.957532599	-221.397620246	2.165462474
61023.999199266	-221.424761188	2.166628876
61024.040865933	-221.451872930	2.167795657
61024.082532599	-221.478955512	2.168962818
61024.124199266	-221.506008969	2.170130357
61024.165865933	-221.533033340	2.171298274
61024.207532599	-221.560028663	2.172466567
61024.249199266	-221.586994974	2.173635238
61024.290865933	-221.613932312	2.174804283
61024.332532599	-221.640840714	2.175973705
61024.374199266	-221.667720217	2.177143500
61024.415865933	-221.694570859	2.178313669
61024.457532599	-221.721392677	2.179484212
61024.499199266	-221.748185709	2.180655126
61024.540865933	-221.774949991	2.181826413
61024.582532599	-221.801685561	2.182998071
61024.624199266	-221.828392457	2.184170099
61024.665865932	-221.855070714	2.185342497
61024.707532599	-221.881720371	2.186515264
61024.749199265	-221.908341464	2.187688400
61024.790865932	-221.934934031	2.188861903
61024.832532598	-221.961498109	2.190035774
61024.874199265	-221.988033733	2.191210012
61024.915865932	-222.014540942	2.192384615
61024.957532598	-222.041019773	2.193559583
61024.999199265	-222.067470261	2.194734917
61025.040865932	-222.093892444	2.195910614
61025.082532598	-222.120286359	2.197086675
61025.124199265	-222.146652042	2.198263098
61025.165865932	-222.172989531	2.199439883
61025.207532598	-222.199298860	2.200617030
61025.249199265	-222.225580068	2.201794538
61025.290865932	-222.251833191	2.202972405
61025.332532598	-222.278058265	2.204150633
61025.374199265	-222.304255327	2.205329219
61025.415865932	-222.330424413	2.206508164
61025.457532598	-222.356565559	2.207687466
61025.499199265	-222.382678803	2.208867125
61025.540865932	-222.408764179	2.210047140
61025.582532598	-222.434821725	2.211227512
61025.624199265	-222.460851477	2.212408238
61025.665865932	-222.486853471	2.213589319
61025.707532598	-222.512827743	2.214770754
61025.749199265	-222.538774329	2.215952542
61025.790865932	-222.564693265	2.217134683
61025.832532598	-222.590584587	2.218317176
61025.874199265	-222.616448332	2.219500020
61025.915865932	-222.642284535	2.220683215
61025.957532598	-222.668093232	2.221866760
61025.999199265	-222.693874459	2.223050654
61026.040865932	-222.719628251	2.224234898
61026.082532598	-222.745354646	2.225419490
61026.124199265	-222.771053677	2.226604430
61026.165865932	-222.796725382	2.227789716
61026.207532598	-222.822369795	2.228975350
61026.249199265	-222.847986952	2.230161329
61026.290865932	-222.873576889	2.231347653
61026.332532598	-222.899139642	2.232534323
61026.374199265	-222.924675245	2.233721336
61026.415865932	-222.950183735	2.234908692
61026.457532598	-222.975665146	2.236096392
61026.499199265	-223.001119515	2.237284434
61026.540865932	-223.026546876	2.238472817
61026.582532598	-223.051947265	2.239661542
61026.624199265	-223.077320716	2.240850607
61026.665865932	-223.102667266	2.242040012
61026.707532598	-223.127986949	2.243229756
61026.749199265	-223.153279801	2.244419839
61026.790865932	-223.178545856	2.245610260
61026.832532598	-223.203785150	2.246801019
61026.874199265	-223.228997717	2.247992114
61026.915865932	-223.254183593	2.249183546
61026.957532598	-223.279342813	2.250375314
61026.999199265	-223.304475410	2.251567416
61027.040865932	-223.329581421	2.252759854
61027.082532598	-223.354660880	2.253952625
61027.124199265	-223.379713822	2.255145730
61027.165865932	-223.404740281	2.256339167
61027.207532598	-223.429740292	2.257532937
61027.249199265	-223.454713890	2.258727038
61027.290865932	-223.479661109	2.259921471
61027.332532598	-223.504581984	2.261116234
61027.374199265	-223.529476549	2.262311326
61027.415865932	-223.554344840	2.263506749
61027.457532598	-223.579186889	2.264702500
61027.499199265	-223.604002733	2.265898579
61027.540865932	-223.628792404	2.267094986
61027.582532598	-223.653555937	2.268291720
61027.624199265	-223.678293367	2.269488780
61027.665865932	-223.703004728	2.270686166
61027.707532598	-223.727690054	2.271883878
61027.749199265	-223.752349379	2.273081915
61027.790865931	-223.776982737	2.274280275
61027.832532598	-223.801590163	2.275478960
61027.874199264	-223.826171689	2.276677967
61027.915865931	-223.850727351	2.277877297
61027.957532597	-223.875257182	2.279076949
61027.999199264	-223.899761216	2.280276922
61028.040865931	-223.924239487	2.281477217
61028.082532597	-223.948692028	2.282677831
61028.124199264	-223.973118874	2.283878765
61028.165865931	-223.997520059	2.285080019
61028.207532597	-224.021895615	2.286281591
61028.249199264	-224.046245576	2.287483481
61028.290865931	-224.070569977	2.288685689
61028.332532597	-224.094868850	2.289888213
61028.374199264	-224.119142229	2.291091054
61028.415865931	-224.143390148	2.292294211
61028.457532597	-224.167612640	2.293497683
61028.499199264	-224.191809739	2.294701470
61028.540865931	-224.215981477	2.295905571
61028.582532597	-224.240127889	2.297109986
61028.624199264	-224.264249006	2.298314714
61028.665865931	-224.288344864	2.299519755
61028.707532597	-224.312415494	2.300725108
61028.749199264	-224.336460930	2.301930772
61028.790865931	-224.360481205	2.303136747
61028.832532597	-224.384476353	2.304343032
61028.874199264	-224.408446405	2.305549628
61028.915865931	-224.432391396	2.306756533
61028.957532597	-224.456311357	2.307963746
61028.999199264	-224.480206322	2.309171268
61029.040865931	-224.504076325	2.310379098
61029.082532597	-224.527921397	2.311587235
61029.124199264	-224.551741571	2.312795679
61029.165865931	-224.575536880	2.314004428
61029.207532597	-224.599307357	2.315213484
61029.249199264	-224.623053035	2.316422844
61029.290865931	-224.646773945	2.317632509
61029.332532597	-224.670470121	2.318842478
61029.374199264	-224.694141596	2.320052751
61029.415865931	-224.717788401	2.321263327
61029.457532597	-224.741410569	2.322474205
61029.499199264	-224.765008132	2.323685385
61029.540865931	-224.788581123	2.324896866
61029.582532597	-224.812129575	2.326108649
61029.624199264	-224.835653519	2.327320731
61029.665865931	-224.859152987	2.328533114
61029.707532597	-224.882628012	2.329745796
61029.749199264	-224.906078627	2.330958777
61029.790865931	-224.929504862	2.332172056
61029.832532597	-224.952906751	2.333385633
61029.874199264	-224.976284325	2.334599507
61029.915865931	-224.999637616	2.335813678
61029.957532597	-225.022966656	2.337028146
61029.999199264	-225.046271478	2.338242909
61030.040865931	-225.069552112	2.339457967
61030.082532597	-225.092808591	2.340673320
61030.124199264	-225.116040947	2.341888967
61030.165865931	-225.139249211	2.343104908
61030.207532597	-225.162433415	2.344321143
61030.249199264	-225.185593591	2.345537670
61030.290865931	-225.208729770	2.346754489
61030.332532597	-225.231841983	2.347971600
61030.374199264	-225.254930264	2.349189002
61030.415865931	-225.277994642	2.350406695
61030.457532597	-225.301035149	2.351624678
61030.499199264	-225.324051818	2.352842950
61030.540865931	-225.347044678	2.354061512
61030.582532597	-225.370013762	2.355280363
61030.624199264	-225.392959101	2.356499502
61030.665865931	-225.415880726	2.357718929
61030.707532597	-225.438778668	2.358938642
61030.749199264	-225.461652959	2.360158643
61030.790865931	-225.484503629	2.361378930
61030.832532597	-225.507330710	2.362599503
61030.874199264	-225.530134232	2.363820360
61030.915865930	-225.552914227	2.365041503
61030.957532597	-225.575670726	2.366262930
61030.999199263	-225.598403760	2.367484641
61031.040865930	-225.621113359	2.368706635
61031.082532596	-225.643799554	2.369928912
61031.124199263	-225.666462377	2.371151471
61031.165865930	-225.689101858	2.372374312
61031.207532596	-225.711718027	2.373597434
61031.249199263	-225.734310916	2.374820838
61031.290865930	-225.756880554	2.376044521
61031.332532596	-225.779426974	2.377268485
61031.374199263	-225.801950204	2.378492728
61031.415865930	-225.824450276	2.379717250
61031.457532596	-225.846927220	2.380942051
61031.499199263	-225.869381067	2.382167130
61031.540865930	-225.891811847	2.383392486
61031.582532596	-225.914219591	2.384618119
61031.624199263	-225.936604328	2.385844029
61031.665865930	-225.958966089	2.387070215
61031.707532596	-225.981304904	2.388296677
61031.749199263	-226.003620804	2.389523414
61031.790865930	-226.025913819	2.390750426
61031.832532596	-226.048183978	2.391977711
61031.874199263	-226.070431312	2.393205271
61031.915865930	-226.092655851	2.394433104
61031.957532596	-226.114857624	2.395661210
61031.999199263	-226.137036663	2.396889588
61032.040865930	-226.159192996	2.398118238
61032.082532596	-226.181326654	2.399347160
61032.124199263	-226.203437666	2.400576352
61032.165865930	-226.225526063	2.401805815
61032.207532596	-226.247591874	2.403035549
61032.249199263	-226.269635128	2.404265551
61032.290865930	-226.291655856	2.405495823
61032.332532596	-226.313654087	2.406726364
61032.374199263	-226.335629850	2.407957173
61032.415865930	-226.357583176	2.409188250
61032.457532596	-226.379514094	2.410419594
61032.499199263	-226.401422633	2.411651204
61032.540865930	-226.423308822	2.412883082
61032.582532596	-226.445172692	2.414115225
61032.624199263	-226.467014271	2.415347634
61032.665865930	-226.488833589	2.416580308
61032.707532596	-226.510630675	2.417813246
61032.749199263	-226.532405559	2.419046449
61032.790865930	-226.554158269	2.420279915
61032.832532596	-226.575888834	2.421513644
61032.874199263	-226.597597285	2.422747637
61032.915865930	-226.619283649	2.423981892
61032.957532596	-226.640947956	2.425216408
61032.999199263	-226.662590236	2.426451187
61033.040865930	-226.684210516	2.427686226
61033.082532596	-226.705808826	2.428921526
61033.124199263	-226.727385195	2.430157086
61033.165865930	-226.748939651	2.431392905
61033.207532596	-226.770472224	2.432628984
61033.249199263	-226.791982942	2.433865322
61033.290865930	-226.813471834	2.435101918
61033.332532596	-226.834938929	2.436338773
61033.374199263	-226.856384255	2.437575884
61033.415865930	-226.877807840	2.438813253
61033.457532596	-226.899209715	2.440050879
61033.499199263	-226.920589906	2.441288760
61033.540865930	-226.941948443	2.442526898
61033.582532596	-226.963285354	2.443765291
61033.624199263	-226.984600667	2.445003938
61033.665865930	-227.005894411	2.446242841
61033.707532596	-227.027166614	2.447481997
61033.749199263	-227.048417304	2.448721407
61033.790865930	-227.069646511	2.449961070
61033.832532596	-227.090854261	2.451200986
61033.874199263	-227.112040583	2.452441154
61033.915865930	-227.133205506	2.453681575
61033.957532596	-227.154349056	2.454922246
61033.999199263	-227.175471264	2.456163169
61034.040865929	-227.196572155	2.457404343
61034.082532596	-227.217651760	2.458645766
61034.124199262	-227.238710104	2.459887440
61034.165865929	-227.259747217	2.461129363
61034.207532595	-227.280763127	2.462371535
61034.249199262	-227.301757860	2.463613955
61034.290865929	-227.322731445	2.464856624
61034.332532595	-227.343683910	2.466099540
61034.374199262	-227.364615282	2.467342704
61034.415865929	-227.385525590	2.468586114
61034.457532595	-227.406414860	2.469829771
61034.499199262	-227.427283120	2.471073674
61034.540865929	-227.448130398	2.472317823
61034.582532595	-227.468956722	2.473562216
61034.624199262	-227.489762118	2.474806855
61034.665865929	-227.510546615	2.476051738
61034.707532595	-227.531310239	2.477296865
61034.749199262	-227.552053019	2.478542236
61034.790865929	-227.572774982	2.479787850
61034.832532595	-227.593476154	2.481033706
61034.874199262	-227.614156563	2.482279805
61034.915865929	-227.634816237	2.483526146
61034.957532595	-227.655455202	2.484772728
61034.999199262	-227.676073485	2.486019552
61035.040865929	-227.696671115	2.487266616
61035.082532595	-227.717248117	2.488513921
61035.124199262	-227.737804520	2.489761466
61035.165865929	-227.758340349	2.491009250
61035.207532595	-227.778855632	2.492257273
61035.249199262	-227.799350396	2.493505535
61035.290865929	-227.819824668	2.494754035
61035.332532595	-227.840278474	2.496002773
61035.374199262	-227.860711841	2.497251749
61035.415865929	-227.881124797	2.498500962
61035.457532595	-227.901517368	2.499750412
61035.499199262	-227.921889580	2.501000098
61035.540865929	-227.942241460	2.502250019
61035.582532595	-227.962573035	2.503500177
61035.624199262	-227.982884332	2.504750570
61035.665865929	-228.003175377	2.506001197
61035.707532595	-228.023446196	2.507252059
61035.749199262	-228.043696817	2.508503154
61035.790865929	-228.063927264	2.509754484
61035.832532595	-228.084137566	2.511006046
61035.874199262	-228.104327748	2.512257842
61035.915865929	-228.124497836	2.513509869
61035.957532595	-228.144647858	2.514762129
61035.999199262	-228.164777838	2.516014621
61036.040865929	-228.184887804	2.517267344
61036.082532595	-228.204977781	2.518520297
61036.124199262	-228.225047797	2.519773481
61036.165865929	-228.245097875	2.521026895
61036.207532595	-228.265128044	2.522280539
61036.249199262	-228.285138329	2.523534413
61036.290865929	-228.305128755	2.524788515
61036.332532595	-228.325099349	2.526042846
61036.374199262	-228.345050137	2.527297405
61036.415865929	-228.364981145	2.528552192
61036.457532595	-228.384892398	2.529807206
61036.499199262	-228.404783923	2.531062447
61036.540865929	-228.424655744	2.532317915
61036.582532595	-228.444507889	2.533573610
61036.624199262	-228.464340382	2.534829530
61036.665865929	-228.484153249	2.536085676
61036.707532595	-228.503946517	2.537342047
61036.749199262	-228.523720209	2.538598643
61036.790865929	-228.543474353	2.539855463
61036.832532595	-228.563208973	2.541112508
61036.874199262	-228.582924096	2.542369776
61036.915865929	-228.602619745	2.543627267
61036.957532595	-228.622295948	2.544884981
61036.999199262	-228.641952729	2.546142918
61037.040865928	-228.661590114	2.547401078
61037.082532595	-228.681208127	2.548659459
61037.124199261	-228.700806795	2.549918061
61037.165865928	-228.720386143	2.551176885
61037.207532594	-228.739946195	2.552435929
61037.249199261	-228.759486976	2.553695194
61037.290865928	-228.779008513	2.554954678
61037.332532594	-228.798510830	2.556214383
61037.374199261	-228.817993952	2.557474307
61037.415865928	-228.837457904	2.558734449
61037.457532594	-228.856902711	2.559994810
61037.499199261	-228.876328398	2.561255390
61037.540865928	-228.895734990	2.562516187
61037.582532594	-228.915122512	2.563777202
61037.624199261	-228.934490989	2.565038434
61037.665865928	-228.953840445	2.566299882
61037.707532594	-228.973170906	2.567561547
61037.749199261	-228.992482395	2.568823428
61037.790865928	-229.011774938	2.570085525
61037.832532594	-229.031048560	2.571347837
61037.874199261	-229.050303285	2.572610365
61037.915865928	-229.069539137	2.573873106
61037.957532594	-229.088756142	2.575136062
61037.999199261	-229.107954323	2.576399232
61038.040865928	-229.127133705	2.577662616
61038.082532594	-229.146294313	2.578926213
61038.124199261	-229.165436172	2.580190022
61038.165865928	-229.184559304	2.581454044
61038.207532594	-229.203663736	2.582718279
61038.249199261	-229.222749491	2.583982725
61038.290865928	-229.241816593	2.585247382
61038.332532594	-229.260865066	2.586512251
61038.374199261	-229.279894936	2.587777331
61038.415865928	-229.298906226	2.589042621
61038.457532594	-229.317898960	2.590308121
61038.499199261	-229.336873162	2.591573830
61038.540865928	-229.355828856	2.592839750
61038.582532594	-229.374766067	2.594105878
61038.624199261	-229.393684819	2.595372215
61038.665865928	-229.412585135	2.596638760
61038.707532594	-229.431467039	2.597905514
61038.749199261	-229.450330556	2.599172475
61038.790865928	-229.469175708	2.600439643
61038.832532594	-229.488002521	2.601707018
61038.874199261	-229.506811017	2.602974600
61038.915865928	-229.525601221	2.604242389
61038.957532594	-229.544373156	2.605510383
61038.999199261	-229.563126846	2.606778583
61039.040865928	-229.581862314	2.608046988
61039.082532594	-229.600579585	2.609315599
61039.124199261	-229.619278681	2.610584414
61039.165865928	-229.637959627	2.611853433
61039.207532594	-229.656622446	2.613122656
61039.249199261	-229.675267162	2.614392083
61039.290865928	-229.693893797	2.615661713
61039.332532594	-229.712502375	2.616931546
61039.374199261	-229.731092920	2.618201582
61039.415865928	-229.749665455	2.619471820
61039.457532594	-229.768220004	2.620742260
61039.499199261	-229.786756589	2.622012902
61039.540865928	-229.805275234	2.623283745
61039.582532594	-229.823775962	2.624554789
61039.624199261	-229.842258796	2.625826034
61039.665865928	-229.860723760	2.627097479
61039.707532594	-229.879170876	2.628369124
61039.749199261	-229.897600168	2.629640969
61039.790865928	-229.916011659	2.630913013
61039.832532594	-229.934405372	2.632185256
61039.874199261	-229.952781329	2.633457698
61039.915865928	-229.971139554	2.634730339
61039.957532594	-229.989480070	2.636003177
61039.999199261	-230.007802899	2.637276213
61040.040865927	-230.026108064	2.638549447
61040.082532594	-230.044395589	2.639822877
61040.124199260	-230.062665496	2.641096505
61040.165865927	-230.080917807	2.642370328
61040.207532593	-230.099152546	2.643644348
61040.249199260	-230.117369735	2.644918564
61040.290865927	-230.135569397	2.646192976
61040.332532593	-230.153751554	2.647467582
61040.374199260	-230.171916229	2.648742384
61040.415865927	-230.190063445	2.650017380
61040.457532593	-230.208193224	2.651292570
61040.499199260	-230.226305588	2.652567954
61040.540865927	-230.244400561	2.653843532
61040.582532593	-230.262478164	2.655119303
61040.624199260	-230.280538420	2.656395267
61040.665865927	-230.298581351	2.657671423
61040.707532593	-230.316606980	2.658947772
61040.749199260	-230.334615328	2.660224313
61040.790865927	-230.352606419	2.661501046
61040.832532593	-230.370580274	2.662777970
61040.874199260	-230.388536916	2.664055086
61040.915865927	-230.406476366	2.665332392
61040.957532593	-230.424398648	2.666609889
61040.999199260	-230.442303782	2.667887575
61041.040865927	-230.460191792	2.669165452
61041.082532593	-230.478062698	2.670443518
61041.124199260	-230.495916524	2.671721774
61041.165865927	-230.513753291	2.673000219
61041.207532593	-230.531573020	2.674278852
61041.249199260	-230.549375735	2.675557673
61041.290865927	-230.567161457	2.676836683
61041.332532593	-230.584930207	2.678115880
61041.374199260	-230.602682008	2.679395265
61041.415865927	-230.620416881	2.680674837
61041.457532593	-230.638134848	2.681954596
61041.499199260	-230.655835931	2.683234541
61041.540865927	-230.673520151	2.684514672
61041.582532593	-230.691187530	2.685794990
61041.624199260	-230.708838091	2.687075493
61041.665865927	-230.726471853	2.688356181
61041.707532593	-230.744088839	2.689637055
61041.749199260	-230.761689071	2.690918113
61041.790865927	-230.779272570	2.692199355
61041.832532593	-230.796839357	2.693480782
61041.874199260	-230.814389454	2.694762393
61041.915865927	-230.831922883	2.696044187
61041.957532593	-230.849439663	2.697326164
61041.999199260	-230.866939818	2.698608325
61042.040865927	-230.884423369	2.699890668
61042.082532593	-230.901890335	2.701173193
61042.124199260	-230.919340740	2.702455901
61042.165865927	-230.936774603	2.703738790
61042.207532593	-230.954191947	2.705021861
61042.249199260	-230.971592793	2.706305113
61042.290865927	-230.988977160	2.707588546
61042.332532593	-231.006345072	2.708872159
61042.374199260	-231.023696548	2.710155953
61042.415865927	-231.041031610	2.711439927
61042.457532593	-231.058350278	2.712724081
61042.499199260	-231.075652575	2.714008414
61042.540865927	-231.092938519	2.715292927
61042.582532593	-231.110208134	2.716577618
61042.624199260	-231.127461439	2.717862488
61042.665865927	-231.144698455	2.719147536
61042.707532593	-231.161919203	2.720432762
61042.749199260	-231.179123705	2.721718166
61042.790865927	-231.196311980	2.723003747
61042.832532593	-231.213484049	2.724289506
61042.874199260	-231.230639933	2.725575442
61042.915865927	-231.247779653	2.726861554
61042.957532593	-231.264903230	2.728147842
61042.999199260	-231.282010684	2.729434307
61043.040865927	-231.299102035	2.730720947
61043.082532593	-231.316177304	2.732007763
61043.124199260	-231.333236512	2.733294754
61043.165865926	-231.350279680	2.734581920
61043.207532593	-231.367306827	2.735869261
61043.249199259	-231.384317973	2.737156776
61043.290865926	-231.401313141	2.738444465
61043.332532592	-231.418292349	2.739732328
61043.374199259	-231.435255618	2.741020364
61043.415865926	-231.452202969	2.742308574
61043.457532592	-231.469134422	2.743596956
61043.499199259	-231.486049996	2.744885512
61043.540865926	-231.502949713	2.746174240
61043.582532592	-231.519833592	2.747463140
61043.624199259	-231.536701654	2.748752212
61043.665865926	-231.553553918	2.750041455
61043.707532592	-231.570390405	2.751330870
61043.749199259	-231.587211136	2.752620456
61043.790865926	-231.604016129	2.753910213
61043.832532592	-231.620805405	2.755200140
61043.874199259	-231.637578984	2.756490238
61043.915865926	-231.654336885	2.757780505
61043.957532592	-231.671079130	2.759070943
61043.999199259	-231.687805737	2.760361549
61044.040865926	-231.704516727	2.761652325
61044.082532592	-231.721212119	2.762943270
61044.124199259	-231.737891934	2.764234383
61044.165865926	-231.754556190	2.765525665
61044.207532592	-231.771204909	2.766817115
61044.249199259	-231.787838109	2.768108733
61044.290865926	-231.804455809	2.769400518
61044.332532592	-231.821058031	2.770692471
61044.374199259	-231.837644793	2.771984591
61044.415865926	-231.854216116	2.773276877
61044.457532592	-231.870772018	2.774569330
61044.499199259	-231.887312519	2.775861949
61044.540865926	-231.903837639	2.777154735
61044.582532592	-231.920347397	2.778447686
61044.624199259	-231.936841813	2.779740802
61044.665865926	-231.953320906	2.781034084
61044.707532592	-231.969784695	2.782327530
61044.749199259	-231.986233201	2.783621142
61044.790865926	-232.002666441	2.784914917
61044.832532592	-232.019084436	2.786208857
61044.874199259	-232.035487206	2.787502961
61044.915865926	-232.051874768	2.788797228
61044.957532592	-232.068247142	2.790091659
61044.999199259	-232.084604349	2.791386253
61045.040865926	-232.100946406	2.792681010
61045.082532592	-232.117273333	2.793975929
61045.124199259	-232.133585148	2.795271011
61045.165865926	-232.149881873	2.796566255
61045.207532592	-232.166163524	2.797861661
61045.249199259	-232.182430121	2.799157228
61045.290865926	-232.198681684	2.800452957
61045.332532592	-232.214918231	2.801748846
61045.374199259	-232.231139781	2.803044897
61045.415865926	-232.247346354	2.804341108
61045.457532592	-232.263537967	2.805637479
61045.499199259	-232.279714640	2.806934011
61045.540865926	-232.295876392	2.808230702
61045.582532592	-232.312023242	2.809527553
61045.624199259	-232.328155208	2.810824564
61045.665865926	-232.344272309	2.812121733
61045.707532592	-232.360374564	2.813419061
61045.749199259	-232.376461991	2.814716548
61045.790865926	-232.392534610	2.816014193
61045.832532592	-232.408592439	2.817311996
61045.874199259	-232.424635496	2.818609957
61045.915865926	-232.440663800	2.819908075
61045.957532592	-232.456677370	2.821206351
61045.999199259	-232.472676224	2.822504784
61046.040865926	-232.488660381	2.823803374
61046.082532592	-232.504629859	2.825102120
61046.124199259	-232.520584677	2.826401023
61046.165865925	-232.536524853	2.827700082
61046.207532592	-232.552450405	2.828999296
61046.249199258	-232.568361352	2.830298667
61046.290865925	-232.584257713	2.831598192
61046.332532591	-232.600139505	2.832897873
61046.374199258	-232.616006747	2.834197709
61046.415865925	-232.631859458	2.835497699
61046.457532591	-232.647697654	2.836797844
61046.499199258	-232.663521356	2.838098143
61046.540865925	-232.679330580	2.839398595
61046.582532591	-232.695125345	2.840699202
61046.624199258	-232.710905669	2.841999962
61046.665865925	-232.726671570	2.843300875
61046.707532591	-232.742423067	2.844601941
61046.749199258	-232.758160177	2.845903160
61046.790865925	-232.773882919	2.847204531
61046.832532591	-232.789591310	2.848506054
61046.874199258	-232.805285368	2.849807730
61046.915865925	-232.820965112	2.851109557
61046.957532591	-232.836630559	2.852411536
61046.999199258	-232.852281727	2.853713666
61047.040865925	-232.867918634	2.855015947
61047.082532591	-232.883541298	2.856318379
61047.124199258	-232.899149737	2.857620962
61047.165865925	-232.914743968	2.858923694
61047.207532591	-232.930324010	2.860226578
61047.249199258	-232.945889880	2.861529610
61047.290865925	-232.961441595	2.862832793
61047.332532591	-232.976979174	2.864136125
61047.374199258	-232.992502633	2.865439606
61047.415865925	-233.008011992	2.866743236
61047.457532591	-233.023507267	2.868047015
61047.499199258	-233.038988476	2.869350943
61047.540865925	-233.054455636	2.870655018
61047.582532591	-233.069908766	2.871959242
61047.624199258	-233.085347882	2.873263614
61047.665865925	-233.100773001	2.874568133
61047.707532591	-233.116184143	2.875872799
61047.749199258	-233.131581323	2.877177613
61047.790865925	-233.146964560	2.878482573
61047.832532591	-233.162333870	2.879787680
61047.874199258	-233.177689272	2.881092934
61047.915865925	-233.193030781	2.882398333
61047.957532591	-233.208358417	2.883703879
61047.999199258	-233.223672195	2.885009571
61048.040865925	-233.238972134	2.886315408
61048.082532591	-233.254258250	2.887621390
61048.124199258	-233.269530561	2.888927517
61048.165865925	-233.284789083	2.890233790
61048.207532591	-233.300033835	2.891540207
61048.249199258	-233.315264833	2.892846768
61048.290865925	-233.330482094	2.894153473
61048.332532591	-233.345685635	2.895460323
61048.374199258	-233.360875473	2.896767316
61048.415865925	-233.376051626	2.898074453
61048.457532591	-233.391214110	2.899381733
61048.499199258	-233.406362943	2.900689156
61048.540865925	-233.421498141	2.901996722
61048.582532591	-233.436619721	2.903304431
61048.624199258	-233.451727700	2.904612282
61048.665865925	-233.466822096	2.905920275
61048.707532591	-233.481902924	2.907228410
61048.749199258	-233.496970202	2.908536687
61048.790865925	-233.512023946	2.909845106
61048.832532591	-233.527064173	2.911153665
61048.874199258	-233.542090901	2.912462366
61048.915865925	-233.557104145	2.913771208
61048.957532591	-233.572103923	2.915080191
61048.999199258	-233.587090251	2.916389314
61049.040865925	-233.602063146	2.917698577
61049.082532591	-233.617022624	2.919007980
61049.124199258	-233.631968702	2.920317523
61049.165865925	-233.646901397	2.921627206
61049.207532591	-233.661820725	2.922937028
61049.249199258	-233.676726703	2.924246989
61049.290865924	-233.691619347	2.925557089
61049.332532591	-233.706498674	2.926867328
61049.374199257	-233.721364699	2.928177705
61049.415865924	-233.736217441	2.929488221
61049.457532590	-233.751056914	2.930798875
61049.499199257	-233.765883136	2.932109666
61049.540865924	-233.780696123	2.933420596
61049.582532590	-233.795495890	2.934731662
61049.624199257	-233.810282455	2.936042867
61049.665865924	-233.825055834	2.937354208
61049.707532590	-233.839816043	2.938665686
61049.749199257	-233.854563098	2.939977300
61049.790865924	-233.869297016	2.941289051
61049.832532590	-233.884017812	2.942600938
61049.874199257	-233.898725503	2.943912962
61049.915865924	-233.913420105	2.945225121
61049.957532590	-233.928101634	2.946537415
61049.999199257	-233.942770106	2.947849845
61050.040865924	-233.957425537	2.949162410
61050.082532590	-233.972067944	2.950475110
61050.124199257	-233.986697343	2.951787945
61050.165865924	-234.001313748	2.953100915
61050.207532590	-234.015917177	2.954414018
61050.249199257	-234.030507645	2.955727256
61050.290865924	-234.045085169	2.957040628
61050.332532590	-234.059649764	2.958354134
61050.374199257	-234.074201445	2.959667773
61050.415865924	-234.088740230	2.960981545
61050.457532590	-234.103266134	2.962295451
61050.499199257	-234.117779172	2.963609489
61050.540865924	-234.132279360	2.964923660
61050.582532590	-234.146766715	2.966237964
61050.624199257	-234.161241252	2.967552400
61050.665865924	-234.175702986	2.968866968
61050.707532590	-234.190151934	2.970181668
61050.749199257	-234.204588110	2.971496500
61050.790865924	-234.219011532	2.972811463
61050.832532590	-234.233422213	2.974126558
61050.874199257	-234.247820171	2.975441783
61050.915865924	-234.262205420	2.976757140
61050.957532590	-234.276577977	2.978072627
61050.999199257	-234.290937856	2.979388245
61051.040865924	-234.305285073	2.980703993
61051.082532590	-234.319619644	2.982019871
61051.124199257	-234.333941584	2.983335880
61051.165865924	-234.348250908	2.984652018
61051.207532590	-234.362547633	2.985968285
61051.249199257	-234.376831773	2.987284682
61051.290865924	-234.391103344	2.988601207
61051.332532590	-234.405362361	2.989917862
61051.374199257	-234.419608840	2.991234646
61051.415865924	-234.433842796	2.992551558
61051.457532590	-234.448064244	2.993868598
61051.499199257	-234.462273199	2.995185767
61051.540865924	-234.476469677	2.996503064
61051.582532590	-234.490653693	2.997820488
61051.624199257	-234.504825262	2.999138040
61051.665865924	-234.518984399	3.000455719
61051.707532590	-234.533131120	3.001773526
61051.749199257	-234.547265439	3.003091459
61051.790865924	-234.561387372	3.004409519
61051.832532590	-234.575496934	3.005727706
61051.874199257	-234.589594140	3.007046020
61051.915865924	-234.603679005	3.008364459
61051.957532590	-234.617751544	3.009683025
61051.999199257	-234.631811772	3.011001716
61052.040865924	-234.645859704	3.012320533
61052.082532590	-234.659895355	3.013639476
61052.124199257	-234.673918739	3.014958544
61052.165865924	-234.687929873	3.016277737
61052.207532590	-234.701928770	3.017597055
61052.249199257	-234.715915446	3.018916497
61052.290865923	-234.729889915	3.020236064
61052.332532590	-234.743852193	3.021555756
61052.374199256	-234.757802294	3.022875571
61052.415865923	-234.771740232	3.024195511
61052.457532589	-234.785666023	3.025515574
61052.499199256	-234.799579682	3.026835761
61052.540865923	-234.813481223	3.028156072
61052.582532589	-234.827370661	3.029476505
61052.624199256	-234.841248010	3.030797062
61052.665865923	-234.855113285	3.032117741
61052.707532589	-234.868966501	3.033438544
61052.749199256	-234.882807673	3.034759468
61052.790865923	-234.896636815	3.036080515
61052.832532589	-234.910453941	3.037401684
61052.874199256	-234.924259066	3.038722975
61052.915865923	-234.938052205	3.040044388
61052.957532589	-234.951833373	3.041365922
61052.999199256	-234.965602583	3.042687578
61053.040865923	-234.979359850	3.044009355
61053.082532589	-234.993105189	3.045331253
61053.124199256	-235.006838614	3.046653272
61053.165865923	-235.020560139	3.047975411
61053.207532589	-235.034269780	3.049297671
61053.249199256	-235.047967549	3.050620051
61053.290865923	-235.061653462	3.051942552
61053.332532589	-235.075327533	3.053265172
61053.374199256	-235.088989776	3.054587912
61053.415865923	-235.102640206	3.055910772
61053.457532589	-235.116278836	3.057233751
61053.499199256	-235.129905681	3.058556849
61053.540865923	-235.143520756	3.059880066
61053.582532589	-235.157124074	3.061203402
61053.624199256	-235.170715649	3.062526857
61053.665865923	-235.184295496	3.063850430
61053.707532589	-235.197863629	3.065174122
61053.749199256	-235.211420062	3.066497932
61053.790865923	-235.224964809	3.067821860
61053.832532589	-235.238497884	3.069145905
61053.874199256	-235.252019301	3.070470069
61053.915865923	-235.265529075	3.071794349
61053.957532589	-235.279027219	3.073118747
61053.999199256	-235.292513747	3.074443262
61054.040865923	-235.305988673	3.075767895
61054.082532589	-235.319452012	3.077092643
61054.124199256	-235.332903776	3.078417509
61054.165865923	-235.346343981	3.079742490
61054.207532589	-235.359772639	3.081067588
61054.249199256	-235.373189765	3.082392803
61054.290865923	-235.386595373	3.083718133
61054.332532589	-235.399989476	3.085043578
61054.374199256	-235.413372089	3.086369139
61054.415865923	-235.426743225	3.087694816
61054.457532589	-235.440102897	3.089020608
61054.499199256	-235.453451120	3.090346515
61054.540865923	-235.466787907	3.091672536
61054.582532589	-235.480113273	3.092998673
61054.624199256	-235.493427230	3.094324924
61054.665865923	-235.506729792	3.095651289
61054.707532589	-235.520020973	3.096977768
61054.749199256	-235.533300787	3.098304362
61054.790865923	-235.546569248	3.099631069
61054.832532589	-235.559826368	3.100957890
61054.874199256	-235.573072162	3.102284825
61054.915865923	-235.586306642	3.103611872
61054.957532589	-235.599529823	3.104939033
61054.999199256	-235.612741719	3.106266307
61055.040865923	-235.625942341	3.107593694
61055.082532589	-235.639131705	3.108921194
61055.124199256	-235.652309823	3.110248806
61055.165865923	-235.665476709	3.111576530
61055.207532589	-235.678632377	3.112904366
61055.249199256	-235.691776839	3.114232315
61055.290865922	-235.704910109	3.115560375
61055.332532589	-235.718032200	3.116888547
61055.374199256	-235.731143127	3.118216831
61055.415865922	-235.744242901	3.119545225
61055.457532588	-235.757331537	3.120873731
61055.499199255	-235.770409048	3.122202348
61055.540865922	-235.783475446	3.123531076
61055.582532588	-235.796530746	3.124859915
61055.624199255	-235.809574960	3.126188864
61055.665865922	-235.822608101	3.127517923
61055.707532588	-235.835630183	3.128847093
61055.749199255	-235.848641220	3.130176373
61055.790865922	-235.861641223	3.131505762
61055.832532588	-235.874630207	3.132835261
61055.874199255	-235.887608184	3.134164870
61055.915865922	-235.900575167	3.135494588
61055.957532588	-235.913531170	3.136824416
61055.999199255	-235.926476205	3.138154352
61056.040865922	-235.939410286	3.139484397
61056.082532588	-235.952333426	3.140814551
61056.124199255	-235.965245637	3.142144814
61056.165865922	-235.978146932	3.143475185
61056.207532588	-235.991037326	3.144805665
61056.249199255	-236.003916829	3.146136252
61056.290865922	-236.016785456	3.147466947
61056.332532588	-236.029643219	3.148797751
61056.374199255	-236.042490132	3.150128662
61056.415865922	-236.055326206	3.151459680
61056.457532588	-236.068151455	3.152790805
61056.499199255	-236.080965892	3.154122038
61056.540865922	-236.093769529	3.155453378
61056.582532588	-236.106562380	3.156784825
61056.624199255	-236.119344457	3.158116378
61056.665865922	-236.132115772	3.159448038
61056.707532588	-236.144876339	3.160779804
61056.749199255	-236.157626170	3.162111676
61056.790865922	-236.170365279	3.163443655
61056.832532588	-236.183093676	3.164775739
61056.874199255	-236.195811376	3.166107929
61056.915865922	-236.208518391	3.167440225
61056.957532588	-236.221214734	3.168772626
61056.999199255	-236.233900417	3.170105133
61057.040865922	-236.246575452	3.171437744
61057.082532588	-236.259239853	3.172770461
61057.124199255	-236.271893632	3.174103282
61057.165865922	-236.284536801	3.175436208
61057.207532588	-236.297169373	3.176769239
61057.249199255	-236.309791360	3.178102374
61057.290865922	-236.322402775	3.179435613
61057.332532588	-236.335003631	3.180768956
61057.374199255	-236.347593939	3.182102404
61057.415865922	-236.360173713	3.183435954
61057.457532588	-236.372742964	3.184769609
61057.499199255	-236.385301705	3.186103367
61057.540865922	-236.397849949	3.187437228
61057.582532588	-236.410387707	3.188771193
61057.624199255	-236.422914992	3.190105260
61057.665865922	-236.435431817	3.191439430
61057.707532588	-236.447938194	3.192773703
61057.749199255	-236.460434134	3.194108079
61057.790865922	-236.472919651	3.195442557
61057.832532588	-236.485394756	3.196777137
61057.874199255	-236.497859462	3.198111820
61057.915865922	-236.510313781	3.199446604
61057.957532588	-236.522757724	3.200781490
61057.999199255	-236.535191306	3.202116478
61058.040865922	-236.547614536	3.203451567
61058.082532588	-236.560027429	3.204786758
61058.124199255	-236.572429995	3.206122050
61058.165865922	-236.584822247	3.207457443
61058.207532588	-236.597204196	3.208792936
61058.249199255	-236.609575856	3.210128531
61058.290865922	-236.621937238	3.211464226
61058.332532588	-236.634288354	3.212800022
61058.374199255	-236.646629216	3.214135918
61058.415865921	-236.658959836	3.215471915
61058.457532588	-236.671280226	3.216808011
61058.499199254	-236.683590398	3.218144207
61058.540865921	-236.695890365	3.219480503
61058.582532587	-236.708180137	3.220816899
61058.624199254	-236.720459727	3.222153394
61058.665865921	-236.732729147	3.223489989
61058.707532587	-236.744988409	3.224826682
61058.749199254	-236.757237524	3.226163475
61058.790865921	-236.769476504	3.227500367
61058.832532587	-236.781705362	3.228837357
61058.874199254	-236.793924109	3.230174446
61058.915865921	-236.806132756	3.231511634
61058.957532587	-236.818331316	3.232848919
61058.999199254	-236.830519801	3.234186303
61059.040865921	-236.842698221	3.235523785
61059.082532587	-236.854866589	3.236861365
61059.124199254	-236.867024917	3.238199043
61059.165865921	-236.879173217	3.239536818
61059.207532587	-236.891311499	3.240874691
61059.249199254	-236.903439775	3.242212661
61059.290865921	-236.915558058	3.243550729
61059.332532587	-236.927666359	3.244888893
61059.374199254	-236.939764690	3.246227154
61059.415865921	-236.951853061	3.247565512
61059.457532587	-236.963931485	3.248903967
61059.499199254	-236.975999973	3.250242518
61059.540865921	-236.988058538	3.251581166
61059.582532587	-237.000107189	3.252919910
61059.624199254	-237.012145939	3.254258750
61059.665865921	-237.024174800	3.255597686
61059.707532587	-237.036193782	3.256936717
61059.749199254	-237.048202898	3.258275845
61059.790865921	-237.060202158	3.259615067
61059.832532587	-237.072191574	3.260954386
61059.874199254	-237.084171159	3.262293799
61059.915865921	-237.096140922	3.263633308
61059.957532587	-237.108100875	3.264972912
61059.999199254	-237.120051030	3.266312610
61060.040865921	-237.131991398	3.267652403
61060.082532587	-237.143921991	3.268992291
61060.124199254	-237.155842819	3.270332273
61060.165865921	-237.167753894	3.271672350
61060.207532587	-237.179655228	3.273012520
61060.249199254	-237.191546831	3.274352785
61060.290865921	-237.203428715	3.275693144
61060.332532587	-237.215300891	3.277033596
61060.374199254	-237.227163370	3.278374142
61060.415865921	-237.239016164	3.279714782
61060.457532587	-237.250859284	3.281055515
61060.499199254	-237.262692740	3.282396341
61060.540865921	-237.274516545	3.283737260
61060.582532587	-237.286330709	3.285078272
61060.624199254	-237.298135243	3.286419377
61060.665865921	-237.309930158	3.287760575
61060.707532587	-237.321715466	3.289101865
61060.749199254	-237.333491177	3.290443248
61060.790865921	-237.345257303	3.291784723
61060.832532587	-237.357013855	3.293126290
61060.874199254	-237.368760844	3.294467949
61060.915865921	-237.380498280	3.295809701
61060.957532587	-237.392226175	3.297151543
61060.999199254	-237.403944540	3.298493478
61061.040865921	-237.415653385	3.299835504
61061.082532587	-237.427352722	3.301177622
61061.124199254	-237.439042562	3.302519830
61061.165865921	-237.450722915	3.303862130
61061.207532587	-237.462393792	3.305204521
61061.249199254	-237.474055205	3.306547003
61061.290865921	-237.485707164	3.307889575
61061.332532587	-237.497349681	3.309232238
61061.374199254	-237.508982765	3.310574991
61061.415865921	-237.520606427	3.311917835
61061.457532587	-237.532220680	3.313260769
61061.499199254	-237.543825532	3.314603794
61061.540865920	-237.555420996	3.315946908
61061.582532587	-237.567007082	3.317290112
61061.624199253	-237.578583800	3.318633405
61061.665865920	-237.590151162	3.319976789
61061.707532586	-237.601709178	3.321320261
61061.749199253	-237.613257858	3.322663823
61061.790865920	-237.624797214	3.324007474
61061.832532586	-237.636327257	3.325351215
61061.874199253	-237.647847996	3.326695044
61061.915865920	-237.659359442	3.328038962
61061.957532586	-237.670861607	3.329382969
61061.999199253	-237.682354501	3.330727064
61062.040865920	-237.693838134	3.332071248
61062.082532586	-237.705312516	3.333415520
61062.124199253	-237.716777660	3.334759880
61062.165865920	-237.728233574	3.336104328
61062.207532586	-237.739680270	3.337448865
61062.249199253	-237.751117758	3.338793489
61062.290865920	-237.762546049	3.340138201
61062.332532586	-237.773965153	3.341483000
61062.374199253	-237.785375080	3.342827887
61062.415865920	-237.796775842	3.344172861
61062.457532586	-237.808167448	3.345517922
61062.499199253	-237.819549909	3.346863070
61062.540865920	-237.830923236	3.348208306
61062.582532586	-237.842287438	3.349553628
61062.624199253	-237.853642527	3.350899037
61062.665865920	-237.864988512	3.352244532
61062.707532586	-237.876325404	3.353590114
61062.749199253	-237.887653214	3.354935782
61062.790865920	-237.898971951	3.356281537
61062.832532586	-237.910281626	3.357627377
61062.874199253	-237.921582249	3.358973304
61062.915865920	-237.932873831	3.360319316
61062.957532586	-237.944156382	3.361665414
61062.999199253	-237.955429912	3.363011598
61063.040865920	-237.966694431	3.364357867
61063.082532586	-237.977949950	3.365704222
61063.124199253	-237.989196478	3.367050662
61063.165865920	-238.000434027	3.368397187
61063.207532586	-238.011662606	3.369743796
61063.249199253	-238.022882225	3.371090491
61063.290865920	-238.034092895	3.372437271
61063.332532586	-238.045294625	3.373784135
61063.374199253	-238.056487427	3.375131084
61063.415865920	-238.067671309	3.376478117
61063.457532586	-238.078846282	3.377825235
61063.499199253	-238.090012357	3.379172436
61063.540865920	-238.101169542	3.380519722
61063.582532586	-238.112317849	3.381867092
61063.624199253	-238.123457287	3.383214545
61063.665865920	-238.134587867	3.384562083
61063.707532586	-238.145709598	3.385909703
61063.749199253	-238.156822490	3.387257408
61063.790865920	-238.167926554	3.388605195
61063.832532586	-238.179021799	3.389953066
61063.874199253	-238.190108236	3.391301020
61063.915865920	-238.201185873	3.392649057
61063.957532586	-238.212254722	3.393997177
61063.999199253	-238.223314792	3.395345379
61064.040865920	-238.234366093	3.396693665
61064.082532586	-238.245408635	3.398042032
61064.124199253	-238.256442428	3.399390483
61064.165865920	-238.267467482	3.400739015
61064.207532586	-238.278483806	3.402087630
61064.249199253	-238.289491410	3.403436327
61064.290865920	-238.300490305	3.404785106
61064.332532586	-238.311480500	3.406133966
61064.374199253	-238.322462004	3.407482908
61064.415865920	-238.333434828	3.408831932
61064.457532586	-238.344398982	3.410181038
61064.499199253	-238.355354474	3.411530225
61064.540865920	-238.366301316	3.412879493
61064.582532586	-238.377239516	3.414228842
61064.624199253	-238.388169084	3.415578273
61064.665865920	-238.399090030	3.416927784
61064.707532586	-238.410002364	3.418277376
61064.749199252	-238.420906096	3.419627049
61064.790865919	-238.431801234	3.420976802
61064.832532585	-238.442687789	3.422326636
61064.874199252	-238.453565771	3.423676550
61064.915865919	-238.464435188	3.425026545
61064.957532585	-238.475296051	3.426376620
61064.999199252	-238.486148369	3.427726774
61065.040865919	-238.496992152	3.429077009
61065.082532585	-238.507827409	3.430427323
61065.124199252	-238.518654150	3.431777718
61065.165865919	-238.529472384	3.433128191
61065.207532585	-238.540282121	3.434478745
61065.249199252	-238.551083371	3.435829377
61065.290865919	-238.561876142	3.437180089
61065.332532585	-238.572660445	3.438530880
61065.374199252	-238.583436289	3.439881750
61065.415865919	-238.594203683	3.441232699
61065.457532585	-238.604962637	3.442583727
61065.499199252	-238.615713160	3.443934834
61065.540865919	-238.626455262	3.445286019
61065.582532585	-238.637188952	3.446637282
61065.624199252	-238.647914240	3.447988624
61065.665865919	-238.658631134	3.449340045
61065.707532585	-238.669339644	3.450691543
61065.749199252	-238.680039780	3.452043120
61065.790865919	-238.690731551	3.453394774
61065.832532585	-238.701414966	3.454746507
61065.874199252	-238.712090035	3.456098317
61065.915865919	-238.722756766	3.457450204
61065.957532585	-238.733415170	3.458802170
61065.999199252	-238.744065255	3.460154212
61066.040865919	-238.754707031	3.461506332
61066.082532585	-238.765340507	3.462858529
61066.124199252	-238.775965692	3.464210804
61066.165865919	-238.786582595	3.465563155
61066.207532585	-238.797191226	3.466915583
61066.249199252	-238.807791594	3.468268088
61066.290865919	-238.818383708	3.469620669
61066.332532585	-238.828967577	3.470973328
61066.374199252	-238.839543210	3.472326062
61066.415865919	-238.850110617	3.473678873
61066.457532585	-238.860669806	3.475031760
61066.499199252	-238.871220788	3.476384724
61066.540865919	-238.881763570	3.477737763
61066.582532585	-238.892298162	3.479090878
61066.624199252	-238.902824573	3.480444069
61066.665865919	-238.913342812	3.481797336
61066.707532585	-238.923852889	3.483150678
61066.749199252	-238.934354812	3.484504096
61066.790865919	-238.944848590	3.485857590
61066.832532585	-238.955334232	3.487211158
61066.874199252	-238.965811748	3.488564802
61066.915865919	-238.976281146	3.489918521
61066.957532585	-238.986742435	3.491272315
61066.999199252	-238.997195625	3.492626184
61067.040865919	-239.007640724	3.493980128
61067.082532585	-239.018077741	3.495334146
61067.124199252	-239.028506685	3.496688239
61067.165865919	-239.038927565	3.498042406
61067.207532585	-239.049340390	3.499396648
61067.249199252	-239.059745169	3.500750964
61067.290865919	-239.070141911	3.502105354
61067.332532585	-239.080530625	3.503459819
61067.374199252	-239.090911319	3.504814357
61067.415865919	-239.101284002	3.506168969
61067.457532585	-239.111648683	3.507523655
61067.499199252	-239.122005372	3.508878414
61067.540865919	-239.132354076	3.510233247
61067.582532585	-239.142694805	3.511588154
61067.624199252	-239.153027567	3.512943134
61067.665865919	-239.163352372	3.514298187
61067.707532585	-239.173669227	3.515653313
61067.749199252	-239.183978143	3.517008513
61067.790865919	-239.194279126	3.518363785
61067.832532585	-239.204572187	3.519719131
61067.874199252	-239.214857334	3.521074549
61067.915865919	-239.225134575	3.522430039
61067.957532585	-239.235403920	3.523785602
61067.999199252	-239.245665377	3.525141238
61068.040865918	-239.255918954	3.526496946
61068.082532584	-239.266164661	3.527852726
61068.124199251	-239.276402505	3.529208579
61068.165865918	-239.286632496	3.530564504
61068.207532584	-239.296854643	3.531920500
61068.249199251	-239.307068953	3.533276568
61068.290865918	-239.317275435	3.534632709
61068.332532584	-239.327474099	3.535988920
61068.374199251	-239.337664952	3.537345204
61068.415865918	-239.347848004	3.538701559
61068.457532584	-239.358023262	3.540057985
61068.499199251	-239.368190735	3.541414483
61068.540865918	-239.378350432	3.542771051
61068.582532584	-239.388502361	3.544127691
61068.624199251	-239.398646531	3.545484402
61068.665865918	-239.408782951	3.546841184
61068.707532584	-239.418911628	3.548198036
61068.749199251	-239.429032571	3.549554960
61068.790865918	-239.439145789	3.550911954
61068.832532584	-239.449251291	3.552269018
61068.874199251	-239.459349083	3.553626153
61068.915865918	-239.469439176	3.554983358
61068.957532584	-239.479521577	3.556340633
61068.999199251	-239.489596295	3.557697979
61069.040865918	-239.499663338	3.559055394
61069.082532584	-239.509722715	3.560412880
61069.124199251	-239.519774433	3.561770435
61069.165865918	-239.529818502	3.563128060
61069.207532584	-239.539854930	3.564485755
61069.249199251	-239.549883724	3.565843519
61069.290865918	-239.559904894	3.567201353
61069.332532584	-239.569918447	3.568559256
61069.374199251	-239.579924392	3.569917228
61069.415865918	-239.589922738	3.571275269
61069.457532584	-239.599913492	3.572633380
61069.499199251	-239.609896662	3.573991560
61069.540865918	-239.619872258	3.575349808
61069.582532584	-239.629840286	3.576708126
61069.624199251	-239.639800756	3.578066512
61069.665865918	-239.649753676	3.579424966
61069.707532584	-239.659699054	3.580783490
61069.749199251	-239.669636897	3.582142081
61069.790865918	-239.679567215	3.583500741
61069.832532584	-239.689490015	3.584859469
61069.874199251	-239.699405306	3.586218266
61069.915865918	-239.709313096	3.587577130
61069.957532584	-239.719213392	3.588936063
61069.999199251	-239.729106203	3.590295063
61070.040865918	-239.738991538	3.591654131
61070.082532584	-239.748869403	3.593013267
61070.124199251	-239.758739808	3.594372470
61070.165865918	-239.768602761	3.595731741
61070.207532584	-239.778458268	3.597091080
61070.249199251	-239.788306340	3.598450485
61070.290865918	-239.798146983	3.599809958
61070.332532584	-239.807980205	3.601169498
61070.374199251	-239.817806015	3.602529106
61070.415865918	-239.827624421	3.603888780
61070.457532584	-239.837435430	3.605248521
61070.499199251	-239.847239052	3.606608329
61070.540865918	-239.857035292	3.607968203
61070.582532584	-239.866824161	3.609328144
61070.624199251	-239.876605665	3.610688152
61070.665865918	-239.886379812	3.612048226
61070.707532584	-239.896146611	3.613408366
61070.749199251	-239.905906070	3.614768573
61070.790865918	-239.915658195	3.616128846
61070.832532584	-239.925402996	3.617489185
61070.874199251	-239.935140480	3.618849590
61070.915865918	-239.944870656	3.620210060
61070.957532584	-239.954593530	3.621570597
61070.999199251	-239.964309111	3.622931199
61071.040865918	-239.974017406	3.624291867
61071.082532584	-239.983718424	3.625652601
61071.124199251	-239.993412172	3.627013400
61071.165865918	-240.003098659	3.628374264
61071.207532584	-240.012777891	3.629735194
61071.249199251	-240.022449877	3.631096189
61071.290865918	-240.032114625	3.632457249
61071.332532584	-240.041772142	3.633818374
61071.374199251	-240.051422436	3.635179563
61071.415865917	-240.061065515	3.636540818
61071.457532584	-240.070701387	3.637902138
61071.499199250	-240.080330059	3.639263522
61071.540865917	-240.089951539	3.640624971
61071.582532583	-240.099565835	3.641986484
61071.624199250	-240.109172955	3.643348061
61071.665865917	-240.118772905	3.644709703
61071.707532583	-240.128365695	3.646071410
61071.749199250	-240.137951331	3.647433180
61071.790865917	-240.147529821	3.648795015
61071.832532583	-240.157101173	3.650156913
61071.874199250	-240.166665395	3.651518875
61071.915865917	-240.176222494	3.652880901
61071.957532583	-240.185772478	3.654242991
61071.999199250	-240.195315354	3.655605145
