mjd	ra_deg	dec_deg	r_au	delta_au
61012.52543982	178.1604171	1.2881636	1.862194	1.885193
61012.52613426	178.1597618	1.2884121	1.862211	1.885186
61012.52682870	178.1591065	1.2886605	1.862228	1.885179
61012.52752315	178.1584511	1.2889090	1.862245	1.885172
61012.52821759	178.1577957	1.2891574	1.862262	1.885165
61012.52891204	178.1571402	1.2894058	1.862280	1.885158
61012.52960648	178.1564847	1.2896542	1.862297	1.885151
61012.53030093	178.1558292	1.2899026	1.862314	1.885144
61012.53099537	178.1551737	1.2901509	1.862331	1.885137
61012.53168982	178.1545181	1.2903993	1.862348	1.885129
61012.53238426	178.1538625	1.2906476	1.862365	1.885122
61012.53307870	178.1532068	1.2908959	1.862383	1.885115
61012.53377315	178.1525512	1.2911441	1.862400	1.885108
61012.53446759	178.1518954	1.2913924	1.862417	1.885101
61012.53516204	178.1512397	1.2916406	1.862434	1.885094
61012.53585648	178.1505839	1.2918889	1.862451	1.885087
61012.53655093	178.1499281	1.2921371	1.862469	1.885080
61012.53724537	178.1492723	1.2923852	1.862486	1.885073
61012.53793981	178.1486164	1.2926334	1.862503	1.885066
61012.53863426	178.1479605	1.2928815	1.862520	1.885058
61012.53932870	178.1473046	1.2931297	1.862537	1.885051
61012.54002315	178.1466486	1.2933778	1.862555	1.885044
61012.54071759	178.1459926	1.2936259	1.862572	1.885037
61012.54141204	178.1453366	1.2938739	1.862589	1.885030
61012.54210648	178.1446806	1.2941220	1.862606	1.885023
61012.54280093	178.1440245	1.2943700	1.862623	1.885016
61012.54349537	178.1433684	1.2946180	1.862641	1.885009
61012.54418981	178.1427122	1.2948660	1.862658	1.885002
61012.54488426	178.1420560	1.2951140	1.862675	1.884995
61012.54557870	178.1413998	1.2953619	1.862692	1.884987
61012.54627315	178.1407436	1.2956099	1.862709	1.884980
61012.54696759	178.1400873	1.2958578	1.862727	1.884973
61012.54766204	178.1394310	1.2961057	1.862744	1.884966
61012.54835648	178.1387746	1.2963535	1.862761	1.884959
61012.54905093	178.1381183	1.2966014	1.862778	1.884952
61012.54974537	178.1374619	1.2968492	1.862795	1.884945
61012.55043982	178.1368054	1.2970971	1.862813	1.884938
61012.55113426	178.1361490	1.2973449	1.862830	1.884931
61012.55182870	178.1354925	1.2975926	1.862847	1.884924
61012.55252315	178.1348359	1.2978404	1.862864	1.884917
61012.55321759	178.1341794	1.2980882	1.862881	1.884910
61012.55391204	178.1335228	1.2983359	1.862898	1.884902
61012.55460648	178.1328662	1.2985836	1.862916	1.884895
61012.55530093	178.1322095	1.2988313	1.862933	1.884888
61012.55599537	178.1315529	1.2990789	1.862950	1.884881
61012.55668982	178.1308962	1.2993266	1.862967	1.884874
61012.55738426	178.1302394	1.2995742	1.862984	1.884867
61012.55807870	178.1295826	1.2998218	1.863002	1.884860
61012.55877315	178.1289258	1.3000694	1.863019	1.884853
61012.55946759	178.1282690	1.3003170	1.863036	1.884846
61012.56016204	178.1276122	1.3005645	1.863053	1.884839
61012.56085648	178.1269553	1.3008121	1.863070	1.884832
61012.56155093	178.1262983	1.3010596	1.863088	1.884825
61012.56224537	178.1256414	1.3013071	1.863105	1.884818
61012.56293982	178.1249844	1.3015545	1.863122	1.884811
61012.56363426	178.1243274	1.3018020	1.863139	1.884803
61012.56432870	178.1236704	1.3020494	1.863156	1.884796
61012.56502315	178.1230133	1.3022968	1.863174	1.884789
61012.56571759	178.1223562	1.3025442	1.863191	1.884782
61012.56641204	178.1216990	1.3027916	1.863208	1.884775
61012.56710648	178.1210419	1.3030390	1.863225	1.884768
61012.56780093	178.1203847	1.3032863	1.863242	1.884761
61012.56849537	178.1197275	1.3035336	1.863260	1.884754
61012.56918981	178.1190702	1.3037809	1.863277	1.884747
61012.56988426	178.1184129	1.3040282	1.863294	1.884740
61012.57057870	178.1177556	1.3042755	1.863311	1.884733
61012.57127315	178.1170983	1.3045227	1.863328	1.884726
61012.57196759	178.1164409	1.3047699	1.863346	1.884719
61012.57266204	178.1157835	1.3050172	1.863363	1.884712
61012.57335648	178.1151261	1.3052643	1.863380	1.884705
61012.57405093	178.1144686	1.3055115	1.863397	1.884697
61012.57474537	178.1138111	1.3057586	1.863414	1.884690
61012.57543981	178.1131536	1.3060058	1.863432	1.884683
61012.57613426	178.1124961	1.3062529	1.863449	1.884676
61012.57682870	178.1118385	1.3065000	1.863466	1.884669
61012.57752315	178.1111809	1.3067470	1.863483	1.884662
61012.57821759	178.1105232	1.3069941	1.863500	1.884655
61012.57891204	178.1098656	1.3072411	1.863518	1.884648
61012.57960648	178.1092079	1.3074881	1.863535	1.884641
61012.58030093	178.1085502	1.3077351	1.863552	1.884634
61012.58099537	178.1078924	1.3079821	1.863569	1.884627
61012.58168982	178.1072346	1.3082290	1.863586	1.884620
61012.58238426	178.1065768	1.3084760	1.863604	1.884613
61012.58307870	178.1059190	1.3087229	1.863621	1.884606
61012.58377315	178.1052611	1.3089698	1.863638	1.884599
61012.58446759	178.1046032	1.3092166	1.863655	1.884592
61012.58516204	178.1039453	1.3094635	1.863673	1.884585
61012.58585648	178.1032873	1.3097103	1.863690	1.884578
61012.58655093	178.1026294	1.3099571	1.863707	1.884571
61012.58724537	178.1019714	1.3102039	1.863724	1.884564
61012.58793982	178.1013133	1.3104507	1.863741	1.884556
61012.58863426	178.1006552	1.3106975	1.863759	1.884549
61012.58932870	178.0999971	1.3109442	1.863776	1.884542
61012.59002315	178.0993390	1.3111909	1.863793	1.884535
61012.59071759	178.0986809	1.3114376	1.863810	1.884528
61012.59141204	178.0980227	1.3116843	1.863827	1.884521
61012.59210648	178.0973645	1.3119310	1.863845	1.884514
61012.59280093	178.0967062	1.3121776	1.863862	1.884507
61012.59349537	178.0960480	1.3124242	1.863879	1.884500
61012.59418982	178.0953897	1.3126708	1.863896	1.884493
61012.59488426	178.0947313	1.3129174	1.863913	1.884486
61012.59557870	178.0940730	1.3131639	1.863931	1.884479
61012.59627315	178.0934146	1.3134105	1.863948	1.884472
61012.59696759	178.0927562	1.3136570	1.863965	1.884465
61012.59766204	178.0920978	1.3139035	1.863982	1.884458
61012.59835648	178.0914393	1.3141500	1.863999	1.884451
61012.59905093	178.0907808	1.3143965	1.864017	1.884444
61012.59974537	178.0901223	1.3146429	1.864034	1.884437
61012.60043981	178.0894637	1.3148893	1.864051	1.884430
61012.60113426	178.0888052	1.3151357	1.864068	1.884423
61012.60182870	178.0881466	1.3153821	1.864085	1.884416
61012.60252315	178.0874879	1.3156285	1.864103	1.884409
61012.60321759	178.0868293	1.3158748	1.864120	1.884402
61012.60391204	178.0861706	1.3161211	1.864137	1.884395
61012.60460648	178.0855119	1.3163674	1.864154	1.884388
61012.60530093	178.0848531	1.3166137	1.864172	1.884381
61012.60599537	178.0841943	1.3168600	1.864189	1.884374
61012.60668981	178.0835355	1.3171062	1.864206	1.884367
61012.60738426	178.0828767	1.3173525	1.864223	1.884360
61012.60807870	178.0822179	1.3175987	1.864240	1.884353
61012.60877315	178.0815590	1.3178448	1.864258	1.884346
61012.60946759	178.0809001	1.3180910	1.864275	1.884339
61012.61016204	178.0802411	1.3183372	1.864292	1.884331
61012.61085648	178.0795822	1.3185833	1.864309	1.884324
61012.61155093	178.0789232	1.3188294	1.864326	1.884317
61012.61224537	178.0782642	1.3190755	1.864344	1.884310
61012.61293982	178.0776051	1.3193215	1.864361	1.884303
61012.61363426	178.0769461	1.3195676	1.864378	1.884296
61012.61432870	178.0762870	1.3198136	1.864395	1.884289
61012.61502315	178.0756278	1.3200596	1.864412	1.884282
61012.61571759	178.0749687	1.3203056	1.864430	1.884275
61012.61641204	178.0743095	1.3205516	1.864447	1.884268
61012.61710648	178.0736503	1.3207975	1.864464	1.884261
61012.61780093	178.0729911	1.3210434	1.864481	1.884254
61012.61849537	178.0723318	1.3212894	1.864499	1.884247
61012.61918982	178.0716725	1.3215352	1.864516	1.884240
61012.61988426	178.0710132	1.3217811	1.864533	1.884233
61012.62057870	178.0703538	1.3220270	1.864550	1.884226
61012.62127315	178.0696945	1.3222728	1.864567	1.884219
61012.62196759	178.0690351	1.3225186	1.864585	1.884212
61012.62266204	178.0683757	1.3227644	1.864602	1.884205
61012.62335648	178.0677162	1.3230101	1.864619	1.884198
61012.62405093	178.0670567	1.3232559	1.864636	1.884191
61012.62474537	178.0663972	1.3235016	1.864653	1.884184
61012.62543982	178.0657377	1.3237473	1.864671	1.884177
61012.62613426	178.0650782	1.3239930	1.864688	1.884170
61012.62682870	178.0644186	1.3242387	1.864705	1.884163
61012.62752315	178.0637590	1.3244843	1.864722	1.884156
61012.62821759	178.0630993	1.3247300	1.864740	1.884149
61012.62891204	178.0624397	1.3249756	1.864757	1.884142
61012.62960648	178.0617800	1.3252212	1.864774	1.884135
61012.63030093	178.0611203	1.3254667	1.864791	1.884128
61012.63099537	178.0604605	1.3257123	1.864808	1.884121
61012.63168981	178.0598008	1.3259578	1.864826	1.884114
61012.63238426	178.0591410	1.3262033	1.864843	1.884107
61012.63307870	178.0584812	1.3264488	1.864860	1.884100
61012.63377315	178.0578213	1.3266943	1.864877	1.884093
61012.63446759	178.0571614	1.3269397	1.864894	1.884086
61012.63516204	178.0565015	1.3271852	1.864912	1.884079
61012.63585648	178.0558416	1.3274306	1.864929	1.884072
61012.63655093	178.0551817	1.3276759	1.864946	1.884065
61012.63724537	178.0545217	1.3279213	1.864963	1.884058
61012.63793981	178.0538617	1.3281667	1.864981	1.884051
61012.63863426	178.0532017	1.3284120	1.864998	1.884044
61012.63932870	178.0525416	1.3286573	1.865015	1.884037
61012.64002315	178.0518816	1.3289026	1.865032	1.884030
61012.64071759	178.0512214	1.3291479	1.865049	1.884023
61012.64141204	178.0505613	1.3293931	1.865067	1.884016
61012.64210648	178.0499012	1.3296383	1.865084	1.884009
61012.64280093	178.0492410	1.3298835	1.865101	1.884002
61012.64349537	178.0485808	1.3301287	1.865118	1.883995
61012.64418982	178.0479205	1.3303739	1.865135	1.883988
61012.64488426	178.0472603	1.3306190	1.865153	1.883981
61012.64557870	178.0466000	1.3308642	1.865170	1.883974
61012.64627315	178.0459397	1.3311093	1.865187	1.883967
61012.64696759	178.0452794	1.3313544	1.865204	1.883961
61012.64766204	178.0446190	1.3315994	1.865222	1.883954
61012.64835648	178.0439586	1.3318445	1.865239	1.883947
61012.64905093	178.0432982	1.3320895	1.865256	1.883940
61012.64974537	178.0426378	1.3323345	1.865273	1.883933
61012.65043982	178.0419773	1.3325795	1.865290	1.883926
61012.65113426	178.0413168	1.3328245	1.865308	1.883919
61012.65182870	178.0406563	1.3330694	1.865325	1.883912
61012.65252315	178.0399958	1.3333143	1.865342	1.883905
61012.65321759	178.0393352	1.3335592	1.865359	1.883898
61012.65391204	178.0386747	1.3338041	1.865377	1.883891
61012.65460648	178.0380140	1.3340490	1.865394	1.883884
61012.65530093	178.0373534	1.3342938	1.865411	1.883877
61012.65599537	178.0366927	1.3345386	1.865428	1.883870
61012.65668982	178.0360321	1.3347835	1.865445	1.883863
61012.65738426	178.0353714	1.3350282	1.865463	1.883856
61012.65807870	178.0347106	1.3352730	1.865480	1.883849
61012.65877315	178.0340499	1.3355177	1.865497	1.883842
61012.65946759	178.0333891	1.3357625	1.865514	1.883835
61012.66016204	178.0327283	1.3360072	1.865532	1.883828
61012.66085648	178.0320674	1.3362518	1.865549	1.883821
61012.66155093	178.0314066	1.3364965	1.865566	1.883814
61012.66224537	178.0307457	1.3367411	1.865583	1.883807
61012.66293981	178.0300848	1.3369858	1.865600	1.883800
61012.66363426	178.0294238	1.3372304	1.865618	1.883793
61012.66432870	178.0287629	1.3374750	1.865635	1.883786
61012.66502315	178.0281019	1.3377195	1.865652	1.883779
61012.66571759	178.0274409	1.3379641	1.865669	1.883772
61012.66641204	178.0267799	1.3382086	1.865687	1.883765
61012.66710648	178.0261188	1.3384531	1.865704	1.883758
61012.66780093	178.0254577	1.3386975	1.865721	1.883751
61012.66849537	178.0247966	1.3389420	1.865738	1.883744
61012.66918981	178.0241355	1.3391864	1.865755	1.883737
61012.66988426	178.0234744	1.3394309	1.865773	1.883731
61012.67057870	178.0228132	1.3396753	1.865790	1.883724
61012.67127315	178.0221520	1.3399196	1.865807	1.883717
61012.67196759	178.0214908	1.3401640	1.865824	1.883710
61012.67266204	178.0208295	1.3404083	1.865842	1.883703
61012.67335648	178.0201682	1.3406526	1.865859	1.883696
61012.67405093	178.0195069	1.3408969	1.865876	1.883689
61012.67474537	178.0188456	1.3411412	1.865893	1.883682
61012.67543982	178.0181843	1.3413855	1.865911	1.883675
61012.67613426	178.0175229	1.3416297	1.865928	1.883668
61012.67682870	178.0168615	1.3418739	1.865945	1.883661
61012.67752315	178.0162001	1.3421181	1.865962	1.883654
61012.67821759	178.0155386	1.3423623	1.865979	1.883647
61012.67891204	178.0148772	1.3426064	1.865997	1.883640
61012.67960648	178.0142157	1.3428506	1.866014	1.883633
61012.68030093	178.0135542	1.3430947	1.866031	1.883626
61012.68099537	178.0128926	1.3433388	1.866048	1.883619
61012.68168982	178.0122311	1.3435828	1.866066	1.883612
61012.68238426	178.0115695	1.3438269	1.866083	1.883605
61012.68307870	178.0109079	1.3440709	1.866100	1.883598
61012.68377315	178.0102463	1.3443149	1.866117	1.883592
61012.68446759	178.0095846	1.3445589	1.866134	1.883585
61012.68516204	178.0089229	1.3448029	1.866152	1.883578
61012.68585648	178.0082612	1.3450468	1.866169	1.883571
61012.68655093	178.0075995	1.3452907	1.866186	1.883564
61012.68724537	178.0069378	1.3455347	1.866203	1.883557
61012.68793982	178.0062760	1.3457785	1.866221	1.883550
61012.68863426	178.0056142	1.3460224	1.866238	1.883543
61012.68932870	178.0049524	1.3462662	1.866255	1.883536
61012.69002315	178.0042905	1.3465101	1.866272	1.883529
61012.69071759	178.0036287	1.3467539	1.866290	1.883522
61012.69141204	178.0029668	1.3469977	1.866307	1.883515
61012.69210648	178.0023049	1.3472414	1.866324	1.883508
61012.69280093	178.0016429	1.3474852	1.866341	1.883501
61012.69349537	178.0009810	1.3477289	1.866358	1.883494
61012.69418981	178.0003190	1.3479726	1.866376	1.883487
61012.69488426	177.9996570	1.3482163	1.866393	1.883481
61012.69557870	177.9989950	1.3484599	1.866410	1.883474
61012.69627315	177.9983329	1.3487036	1.866427	1.883467
61012.69696759	177.9976708	1.3489472	1.866445	1.883460
61012.69766204	177.9970087	1.3491908	1.866462	1.883453
61012.69835648	177.9963466	1.3494343	1.866479	1.883446
61012.69905093	177.9956845	1.3496779	1.866496	1.883439
61012.69974537	177.9950223	1.3499214	1.866514	1.883432
61012.70043981	177.9943601	1.3501649	1.866531	1.883425
61012.70113426	177.9936979	1.3504084	1.866548	1.883418
61012.70182870	177.9930357	1.3506519	1.866565	1.883411
61012.70252315	177.9923734	1.3508954	1.866582	1.883404
61012.70321759	177.9917111	1.3511388	1.866600	1.883397
61012.70391204	177.9910488	1.3513822	1.866617	1.883391
61012.70460648	177.9903865	1.3516256	1.866634	1.883384
61012.70530093	177.9897242	1.3518690	1.866651	1.883377
61012.70599537	177.9890618	1.3521123	1.866669	1.883370
61012.70668982	177.9883994	1.3523556	1.866686	1.883363
61012.70738426	177.9877370	1.3525989	1.866703	1.883356
61012.70807870	177.9870745	1.3528422	1.866720	1.883349
61012.70877315	177.9864121	1.3530855	1.866738	1.883342
61012.70946759	177.9857496	1.3533287	1.866755	1.883335
61012.71016204	177.9850871	1.3535720	1.866772	1.883328
61012.71085648	177.9844246	1.3538152	1.866789	1.883321
61012.71155093	177.9837620	1.3540583	1.866807	1.883314
61012.71224537	177.9830994	1.3543015	1.866824	1.883308
61012.71293982	177.9824369	1.3545447	1.866841	1.883301
61012.71363426	177.9817742	1.3547878	1.866858	1.883294
61012.71432870	177.9811116	1.3550309	1.866875	1.883287
61012.71502315	177.9804489	1.3552739	1.866893	1.883280
61012.71571759	177.9797863	1.3555170	1.866910	1.883273
61012.71641204	177.9791235	1.3557600	1.866927	1.883266
61012.71710648	177.9784608	1.3560031	1.866944	1.883259
61012.71780093	177.9777981	1.3562461	1.866962	1.883252
61012.71849537	177.9771353	1.3564890	1.866979	1.883245
61012.71918982	177.9764725	1.3567320	1.866996	1.883238
61012.71988426	177.9758097	1.3569749	1.867013	1.883231
61012.72057870	177.9751469	1.3572178	1.867031	1.883225
61012.72127315	177.9744840	1.3574607	1.867048	1.883218
61012.72196759	177.9738211	1.3577036	1.867065	1.883211
61012.72266204	177.9731582	1.3579464	1.867082	1.883204
61012.72335648	177.9724953	1.3581893	1.867100	1.883197
61012.72405093	177.9718323	1.3584321	1.867117	1.883190
61012.72474537	177.9711694	1.3586749	1.867134	1.883183
61012.72543981	177.9705064	1.3589176	1.867151	1.883176
61012.72613426	177.9698434	1.3591604	1.867169	1.883169
61012.72682870	177.9691803	1.3594031	1.867186	1.883162
61012.72752315	177.9685173	1.3596458	1.867203	1.883156
61012.72821759	177.9678542	1.3598885	1.867220	1.883149
61012.72891204	177.9671911	1.3601311	1.867237	1.883142
61012.72960648	177.9665280	1.3603738	1.867255	1.883135
61012.73030093	177.9658648	1.3606164	1.867272	1.883128
61012.73099537	177.9652017	1.3608590	1.867289	1.883121
61012.73168981	177.9645385	1.3611016	1.867306	1.883114
61012.73238426	177.9638753	1.3613441	1.867324	1.883107
61012.73307870	177.9632121	1.3615867	1.867341	1.883100
61012.73377315	177.9625488	1.3618292	1.867358	1.883094
61012.73446759	177.9618855	1.3620717	1.867375	1.883087
61012.73516204	177.9612222	1.3623141	1.867393	1.883080
61012.73585648	177.9605589	1.3625566	1.867410	1.883073
61012.73655093	177.9598956	1.3627990	1.867427	1.883066
61012.73724537	177.9592322	1.3630414	1.867444	1.883059
61012.73793982	177.9585689	1.3632838	1.867462	1.883052
61012.73863426	177.9579055	1.3635262	1.867479	1.883045
61012.73932870	177.9572420	1.3637685	1.867496	1.883038
61012.74002315	177.9565786	1.3640108	1.867513	1.883032
61012.74071759	177.9559151	1.3642531	1.867531	1.883025
61012.74141204	177.9552517	1.3644954	1.867548	1.883018
61012.74210648	177.9545881	1.3647377	1.867565	1.883011
61012.74280093	177.9539246	1.3649799	1.867582	1.883004
61012.74349537	177.9532611	1.3652221	1.867600	1.882997
61012.74418982	177.9525975	1.3654643	1.867617	1.882990
61012.74488426	177.9519339	1.3657065	1.867634	1.882983
61012.74557870	177.9512703	1.3659487	1.867651	1.882976
61012.74627315	177.9506067	1.3661908	1.867669	1.882970
61012.74696759	177.9499430	1.3664329	1.867686	1.882963
61012.74766204	177.9492794	1.3666750	1.867703	1.882956
61012.74835648	177.9486157	1.3669171	1.867720	1.882949
61012.74905093	177.9479520	1.3671591	1.867737	1.882942
61012.74974537	177.9472882	1.3674012	1.867755	1.882935
61012.75043982	177.9466245	1.3676432	1.867772	1.882928
61012.75113426	177.9459607	1.3678852	1.867789	1.882921
61012.75182870	177.9452969	1.3681271	1.867806	1.882915
61012.75252315	177.9446331	1.3683691	1.867824	1.882908
61012.75321759	177.9439692	1.3686110	1.867841	1.882901
61012.75391204	177.9433054	1.3688529	1.867858	1.882894
61012.75460648	177.9426415	1.3690948	1.867875	1.882887
61012.75530093	177.9419776	1.3693366	1.867893	1.882880
61012.75599537	177.9413137	1.3695785	1.867910	1.882873
61012.75668981	177.9406498	1.3698203	1.867927	1.882866
61012.75738426	177.9399858	1.3700621	1.867944	1.882860
61012.75807870	177.9393218	1.3703039	1.867962	1.882853
61012.75877315	177.9386578	1.3705456	1.867979	1.882846
61012.75946759	177.9379938	1.3707873	1.867996	1.882839
61012.76016204	177.9373298	1.3710291	1.868013	1.882832
61012.76085648	177.9366657	1.3712707	1.868031	1.882825
61012.76155093	177.9360016	1.3715124	1.868048	1.882818
61012.76224537	177.9353375	1.3717541	1.868065	1.882812
61012.76293981	177.9346734	1.3719957	1.868082	1.882805
61012.76363426	177.9340092	1.3722373	1.868100	1.882798
61012.76432870	177.9333451	1.3724789	1.868117	1.882791
61012.76502315	177.9326809	1.3727204	1.868134	1.882784
61012.76571759	177.9320167	1.3729620	1.868151	1.882777
61012.76641204	177.9313525	1.3732035	1.868169	1.882770
61012.76710648	177.9306882	1.3734450	1.868186	1.882764
61012.76780093	177.9300240	1.3736865	1.868203	1.882757
61012.76849537	177.9293597	1.3739279	1.868220	1.882750
61012.76918982	177.9286954	1.3741694	1.868238	1.882743
61012.76988426	177.9280311	1.3744108	1.868255	1.882736
61012.77057870	177.9273667	1.3746522	1.868272	1.882729
61012.77127315	177.9267024	1.3748935	1.868289	1.882722
61012.77196759	177.9260380	1.3751349	1.868307	1.882716
61012.77266204	177.9253736	1.3753762	1.868324	1.882709
61012.77335648	177.9247092	1.3756175	1.868341	1.882702
61012.77405093	177.9240447	1.3758588	1.868358	1.882695
61012.77474537	177.9233803	1.3761001	1.868376	1.882688
61012.77543982	177.9227158	1.3763413	1.868393	1.882681
61012.77613426	177.9220513	1.3765825	1.868410	1.882674
61012.77682870	177.9213868	1.3768237	1.868427	1.882668
61012.77752315	177.9207222	1.3770649	1.868445	1.882661
61012.77821759	177.9200577	1.3773061	1.868462	1.882654
61012.77891204	177.9193931	1.3775472	1.868479	1.882647
61012.77960648	177.9187285	1.3777883	1.868496	1.882640
61012.78030093	177.9180639	1.3780294	1.868514	1.882633
61012.78099537	177.9173992	1.3782705	1.868531	1.882626
61012.78168982	177.9167346	1.3785115	1.868548	1.882620
61012.78238426	177.9160699	1.3787525	1.868565	1.882613
61012.78307870	177.9154052	1.3789935	1.868583	1.882606
61012.78377315	177.9147405	1.3792345	1.868600	1.882599
61012.78446759	177.9140758	1.3794755	1.868617	1.882592
61012.78516204	177.9134110	1.3797164	1.868634	1.882585
61012.78585648	177.9127462	1.3799573	1.868652	1.882579
61012.78655093	177.9120814	1.3801982	1.868669	1.882572
61012.78724537	177.9114166	1.3804391	1.868686	1.882565
61012.78793981	177.9107518	1.3806800	1.868703	1.882558
61012.78863426	177.9100869	1.3809208	1.868721	1.882551
61012.78932870	177.9094221	1.3811616	1.868738	1.882544
61012.79002315	177.9087572	1.3814024	1.868755	1.882538
61012.79071759	177.9080923	1.3816432	1.868772	1.882531
61012.79141204	177.9074274	1.3818839	1.868790	1.882524
61012.79210648	177.9067624	1.3821246	1.868807	1.882517
61012.79280093	177.9060974	1.3823654	1.868824	1.882510
61012.79349537	177.9054325	1.3826060	1.868842	1.882503
61012.79418981	177.9047675	1.3828467	1.868859	1.882497
61012.79488426	177.9041024	1.3830873	1.868876	1.882490
61012.79557870	177.9034374	1.3833279	1.868893	1.882483
61012.79627315	177.9027723	1.3835685	1.868911	1.882476
61012.79696759	177.9021073	1.3838091	1.868928	1.882469
61012.79766204	177.9014422	1.3840497	1.868945	1.882462
61012.79835648	177.9007771	1.3842902	1.868962	1.882456
61012.79905093	177.9001119	1.3845307	1.868980	1.882449
61012.79974537	177.8994468	1.3847712	1.868997	1.882442
61012.80043982	177.8987816	1.3850117	1.869014	1.882435
61012.80113426	177.8981164	1.3852521	1.869031	1.882428
61012.80182870	177.8974512	1.3854925	1.869049	1.882421
61012.80252315	177.8967860	1.3857329	1.869066	1.882415
61012.80321759	177.8961207	1.3859733	1.869083	1.882408
61012.80391204	177.8954555	1.3862137	1.869100	1.882401
61012.80460648	177.8947902	1.3864540	1.869118	1.882394
61012.80530093	177.8941249	1.3866943	1.869135	1.882387
61012.80599537	177.8934596	1.3869346	1.869152	1.882381
61012.80668982	177.8927942	1.3871749	1.869169	1.882374
61012.80738426	177.8921289	1.3874151	1.869187	1.882367
61012.80807870	177.8914635	1.3876553	1.869204	1.882360
61012.80877315	177.8907981	1.3878956	1.869221	1.882353
61012.80946759	177.8901327	1.3881357	1.869238	1.882346
61012.81016204	177.8894673	1.3883759	1.869256	1.882340
61012.81085648	177.8888018	1.3886160	1.869273	1.882333
61012.81155093	177.8881363	1.3888562	1.869290	1.882326
61012.81224537	177.8874709	1.3890963	1.869307	1.882319
61012.81293982	177.8868054	1.3893363	1.869325	1.882312
61012.81363426	177.8861398	1.3895764	1.869342	1.882306
61012.81432870	177.8854743	1.3898164	1.869359	1.882299
61012.81502315	177.8848087	1.3900564	1.869377	1.882292
61012.81571759	177.8841432	1.3902964	1.869394	1.882285
61012.81641204	177.8834776	1.3905364	1.869411	1.882278
61012.81710648	177.8828120	1.3907763	1.869428	1.882271
61012.81780093	177.8821463	1.3910162	1.869446	1.882265
61012.81849537	177.8814807	1.3912561	1.869463	1.882258
61012.81918981	177.8808150	1.3914960	1.869480	1.882251
61012.81988426	177.8801493	1.3917359	1.869497	1.882244
61012.82057870	177.8794836	1.3919757	1.869515	1.882237
61012.82127315	177.8788179	1.3922155	1.869532	1.882231
61012.82196759	177.8781522	1.3924553	1.869549	1.882224
61012.82266204	177.8774864	1.3926951	1.869566	1.882217
61012.82335648	177.8768207	1.3929348	1.869584	1.882210
61012.82405093	177.8761549	1.3931745	1.869601	1.882203
61012.82474537	177.8754890	1.3934142	1.869618	1.882197
61012.82543981	177.8748232	1.3936539	1.869635	1.882190
61012.82613426	177.8741574	1.3938936	1.869653	1.882183
61012.82682870	177.8734915	1.3941332	1.869670	1.882176
61012.82752315	177.8728256	1.3943728	1.869687	1.882169
61012.82821759	177.8721597	1.3946124	1.869705	1.882163
61012.82891204	177.8714938	1.3948520	1.869722	1.882156
61012.82960648	177.8708279	1.3950915	1.869739	1.882149
61012.83030093	177.8701619	1.3953311	1.869756	1.882142
61012.83099537	177.8694960	1.3955706	1.869774	1.882135
61012.83168982	177.8688300	1.3958101	1.869791	1.882129
61012.83238426	177.8681640	1.3960495	1.869808	1.882122
61012.83307870	177.8674980	1.3962890	1.869825	1.882115
61012.83377315	177.8668319	1.3965284	1.869843	1.882108
61012.83446759	177.8661659	1.3967678	1.869860	1.882101
61012.83516204	177.8654998	1.3970071	1.869877	1.882095
61012.83585648	177.8648337	1.3972465	1.869894	1.882088
61012.83655093	177.8641676	1.3974858	1.869912	1.882081
61012.83724537	177.8635015	1.3977251	1.869929	1.882074
61012.83793982	177.8628353	1.3979644	1.869946	1.882068
61012.83863426	177.8621692	1.3982037	1.869963	1.882061
61012.83932870	177.8615030	1.3984429	1.869981	1.882054
61012.84002315	177.8608368	1.3986821	1.869998	1.882047
61012.84071759	177.8601706	1.3989213	1.870015	1.882040
61012.84141204	177.8595044	1.3991605	1.870033	1.882034
61012.84210648	177.8588381	1.3993996	1.870050	1.882027
61012.84280093	177.8581719	1.3996388	1.870067	1.882020
61012.84349537	177.8575056	1.3998779	1.870084	1.882013
61012.84418982	177.8568393	1.4001170	1.870102	1.882006
61012.84488426	177.8561730	1.4003560	1.870119	1.882000
61012.84557870	177.8555067	1.4005951	1.870136	1.881993
61012.84627315	177.8548403	1.4008341	1.870153	1.881986
61012.84696759	177.8541740	1.4010731	1.870171	1.881979
61012.84766204	177.8535076	1.4013120	1.870188	1.881973
61012.84835648	177.8528412	1.4015510	1.870205	1.881966
61012.84905093	177.8521748	1.4017899	1.870223	1.881959
61012.84974537	177.8515083	1.4020288	1.870240	1.881952
61012.85043981	177.8508419	1.4022677	1.870257	1.881945
61012.85113426	177.8501754	1.4025066	1.870274	1.881939
61012.85182870	177.8495089	1.4027454	1.870292	1.881932
61012.85252315	177.8488424	1.4029842	1.870309	1.881925
61012.85321759	177.8481759	1.4032230	1.870326	1.881918
61012.85391204	177.8475094	1.4034618	1.870343	1.881912
61012.85460648	177.8468428	1.4037006	1.870361	1.881905
61012.85530093	177.8461763	1.4039393	1.870378	1.881898
61012.85599537	177.8455097	1.4041780	1.870395	1.881891
61012.85668981	177.8448431	1.4044167	1.870412	1.881884
61012.85738426	177.8441765	1.4046553	1.870430	1.881878
61012.85807870	177.8435099	1.4048940	1.870447	1.881871
61012.85877315	177.8428432	1.4051326	1.870464	1.881864
61012.85946759	177.8421765	1.4053712	1.870482	1.881857
61012.86016204	177.8415099	1.4056098	1.870499	1.881851
61012.86085648	177.8408432	1.4058483	1.870516	1.881844
61012.86155093	177.8401765	1.4060868	1.870533	1.881837
61012.86224537	177.8395097	1.4063253	1.870551	1.881830
61012.86293982	177.8388430	1.4065638	1.870568	1.881824
61012.86363426	177.8381762	1.4068023	1.870585	1.881817
61012.86432870	177.8375094	1.4070407	1.870602	1.881810
61012.86502315	177.8368426	1.4072791	1.870620	1.881803
61012.86571759	177.8361758	1.4075175	1.870637	1.881796
61012.86641204	177.8355090	1.4077559	1.870654	1.881790
61012.86710648	177.8348422	1.4079942	1.870672	1.881783
61012.86780093	177.8341753	1.4082326	1.870689	1.881776
61012.86849537	177.8335084	1.4084709	1.870706	1.881769
61012.86918982	177.8328415	1.4087092	1.870723	1.881763
61012.86988426	177.8321746	1.4089474	1.870741	1.881756
61012.87057870	177.8315077	1.4091856	1.870758	1.881749
61012.87127315	177.8308408	1.4094239	1.870775	1.881742
61012.87196759	177.8301738	1.4096621	1.870792	1.881736
61012.87266204	177.8295068	1.4099002	1.870810	1.881729
61012.87335648	177.8288398	1.4101384	1.870827	1.881722
61012.87405093	177.8281728	1.4103765	1.870844	1.881715
61012.87474537	177.8275058	1.4106146	1.870862	1.881709
61012.87543982	177.8268388	1.4108527	1.870879	1.881702
61012.87613426	177.8261717	1.4110907	1.870896	1.881695
61012.87682870	177.8255047	1.4113288	1.870913	1.881688
61012.87752315	177.8248376	1.4115668	1.870931	1.881682
61012.87821759	177.8241705	1.4118048	1.870948	1.881675
61012.87891204	177.8235034	1.4120427	1.870965	1.881668
61012.87960648	177.8228362	1.4122807	1.870983	1.881661
61012.88030093	177.8221691	1.4125186	1.871000	1.881655
61012.88099537	177.8215019	1.4127565	1.871017	1.881648
61012.88168981	177.8208348	1.4129944	1.871034	1.881641
61012.88238426	177.8201676	1.4132322	1.871052	1.881634
61012.88307870	177.8195003	1.4134700	1.871069	1.881628
61012.88377315	177.8188331	1.4137078	1.871086	1.881621
61012.88446759	177.8181659	1.4139456	1.871103	1.881614
61012.88516204	177.8174986	1.4141834	1.871121	1.881607
61012.88585648	177.8168314	1.4144211	1.871138	1.881601
61012.88655093	177.8161641	1.4146588	1.871155	1.881594
61012.88724537	177.8154968	1.4148965	1.871173	1.881587
61012.88793981	177.8148295	1.4151342	1.871190	1.881580
61012.88863426	177.8141621	1.4153719	1.871207	1.881574
61012.88932870	177.8134948	1.4156095	1.871224	1.881567
61012.89002315	177.8128274	1.4158471	1.871242	1.881560
61012.89071759	177.8121600	1.4160847	1.871259	1.881553
61012.89141204	177.8114926	1.4163222	1.871276	1.881547
61012.89210648	177.8108252	1.4165597	1.871294	1.881540
61012.89280093	177.8101578	1.4167973	1.871311	1.881533
61012.89349537	177.8094904	1.4170347	1.871328	1.881527
61012.89418982	177.8088229	1.4172722	1.871345	1.881520
61012.89488426	177.8081554	1.4175097	1.871363	1.881513
61012.89557870	177.8074879	1.4177471	1.871380	1.881506
61012.89627315	177.8068204	1.4179845	1.871397	1.881500
61012.89696759	177.8061529	1.4182218	1.871415	1.881493
61012.89766204	177.8054854	1.4184592	1.871432	1.881486
61012.89835648	177.8048179	1.4186965	1.871449	1.881479
61012.89905093	177.8041503	1.4189338	1.871466	1.881473
61012.89974537	177.8034827	1.4191711	1.871484	1.881466
61012.90043982	177.8028151	1.4194084	1.871501	1.881459
61012.90113426	177.8021475	1.4196456	1.871518	1.881452
61012.90182870	177.8014799	1.4198828	1.871535	1.881446
61012.90252315	177.8008123	1.4201200	1.871553	1.881439
61012.90321759	177.8001446	1.4203572	1.871570	1.881432
61012.90391204	177.7994769	1.4205943	1.871587	1.881426
61012.90460648	177.7988093	1.4208315	1.871605	1.881419
61012.90530093	177.7981416	1.4210686	1.871622	1.881412
61012.90599537	177.7974739	1.4213056	1.871639	1.881405
61012.90668982	177.7968061	1.4215427	1.871656	1.881399
61012.90738426	177.7961384	1.4217797	1.871674	1.881392
61012.90807870	177.7954706	1.4220167	1.871691	1.881385
61012.90877315	177.7948029	1.4222537	1.871708	1.881379
61012.90946759	177.7941351	1.4224907	1.871726	1.881372
61012.91016204	177.7934673	1.4227276	1.871743	1.881365
61012.91085648	177.7927995	1.4229645	1.871760	1.881358
61012.91155093	177.7921317	1.4232014	1.871777	1.881352
61012.91224537	177.7914638	1.4234383	1.871795	1.881345
61012.91293981	177.7907960	1.4236751	1.871812	1.881338
61012.91363426	177.7901281	1.4239119	1.871829	1.881331
61012.91432870	177.7894602	1.4241488	1.871847	1.881325
61012.91502315	177.7887923	1.4243855	1.871864	1.881318
61012.91571759	177.7881244	1.4246223	1.871881	1.881311
61012.91641204	177.7874565	1.4248590	1.871898	1.881305
61012.91710648	177.7867885	1.4250957	1.871916	1.881298
61012.91780093	177.7861206	1.4253324	1.871933	1.881291
61012.91849537	177.7854526	1.4255691	1.871950	1.881284
61012.91918981	177.7847846	1.4258057	1.871968	1.881278
61012.91988426	177.7841166	1.4260423	1.871985	1.881271
61012.92057870	177.7834486	1.4262789	1.872002	1.881264
61012.92127315	177.7827806	1.4265155	1.872019	1.881258
61012.92196759	177.7821125	1.4267520	1.872037	1.881251
61012.92266204	177.7814445	1.4269885	1.872054	1.881244
61012.92335648	177.7807764	1.4272250	1.872071	1.881238
61012.92405093	177.7801083	1.4274615	1.872089	1.881231
61012.92474537	177.7794402	1.4276980	1.872106	1.881224
61012.92543982	177.7787721	1.4279344	1.872123	1.881217
61012.92613426	177.7781040	1.4281708	1.872140	1.881211
61012.92682870	177.7774358	1.4284072	1.872158	1.881204
61012.92752315	177.7767677	1.4286436	1.872175	1.881197
61012.92821759	177.7760995	1.4288799	1.872192	1.881191
61012.92891204	177.7754313	1.4291162	1.872210	1.881184
61012.92960648	177.7747631	1.4293525	1.872227	1.881177
61012.93030093	177.7740949	1.4295888	1.872244	1.881170
61012.93099537	177.7734267	1.4298250	1.872261	1.881164
61012.93168982	177.7727584	1.4300612	1.872279	1.881157
61012.93238426	177.7720902	1.4302974	1.872296	1.881150
61012.93307870	177.7714219	1.4305336	1.872313	1.881144
61012.93377315	177.7707536	1.4307697	1.872331	1.881137
61012.93446759	177.7700853	1.4310059	1.872348	1.881130
61012.93516204	177.7694170	1.4312420	1.872365	1.881124
61012.93585648	177.7687487	1.4314781	1.872383	1.881117
61012.93655093	177.7680804	1.4317141	1.872400	1.881110
61012.93724537	177.7674120	1.4319501	1.872417	1.881104
61012.93793982	177.7667437	1.4321862	1.872434	1.881097
61012.93863426	177.7660753	1.4324221	1.872452	1.881090
61012.93932870	177.7654069	1.4326581	1.872469	1.881083
61012.94002315	177.7647385	1.4328940	1.872486	1.881077
61012.94071759	177.7640701	1.4331300	1.872504	1.881070
61012.94141204	177.7634017	1.4333658	1.872521	1.881063
61012.94210648	177.7627332	1.4336017	1.872538	1.881057
61012.94280093	177.7620648	1.4338376	1.872555	1.881050
61012.94349537	177.7613963	1.4340734	1.872573	1.881043
61012.94418981	177.7607278	1.4343092	1.872590	1.881037
61012.94488426	177.7600593	1.4345450	1.872607	1.881030
61012.94557870	177.7593908	1.4347807	1.872625	1.881023
61012.94627315	177.7587223	1.4350164	1.872642	1.881017
61012.94696759	177.7580537	1.4352521	1.872659	1.881010
61012.94766204	177.7573852	1.4354878	1.872676	1.881003
61012.94835648	177.7567166	1.4357235	1.872694	1.880997
61012.94905093	177.7560480	1.4359591	1.872711	1.880990
61012.94974537	177.7553795	1.4361947	1.872728	1.880983
61012.95043981	177.7547108	1.4364303	1.872746	1.880976
61012.95113426	177.7540422	1.4366659	1.872763	1.880970
61012.95182870	177.7533736	1.4369014	1.872780	1.880963
61012.95252315	177.7527050	1.4371369	1.872798	1.880956
61012.95321759	177.7520363	1.4373724	1.872815	1.880950
61012.95391204	177.7513676	1.4376079	1.872832	1.880943
61012.95460648	177.7506990	1.4378433	1.872849	1.880936
61012.95530093	177.7500303	1.4380788	1.872867	1.880930
61012.95599537	177.7493616	1.4383141	1.872884	1.880923
61012.95668982	177.7486928	1.4385495	1.872901	1.880916
61012.95738426	177.7480241	1.4387849	1.872919	1.880910
61012.95807870	177.7473554	1.4390202	1.872936	1.880903
61012.95877315	177.7466866	1.4392555	1.872953	1.880896
61012.95946759	177.7460178	1.4394908	1.872970	1.880890
61012.96016204	177.7453490	1.4397260	1.872988	1.880883
61012.96085648	177.7446802	1.4399613	1.873005	1.880876
61012.96155093	177.7440114	1.4401965	1.873022	1.880870
61012.96224537	177.7433426	1.4404317	1.873040	1.880863
61012.96293982	177.7426738	1.4406668	1.873057	1.880856
61012.96363426	177.7420049	1.4409019	1.873074	1.880850
61012.96432870	177.7413361	1.4411371	1.873092	1.880843
61012.96502315	177.7406672	1.4413721	1.873109	1.880836
61012.96571759	177.7399983	1.4416072	1.873126	1.880830
61012.96641204	177.7393294	1.4418422	1.873143	1.880823
61012.96710648	177.7386605	1.4420773	1.873161	1.880816
61012.96780093	177.7379916	1.4423123	1.873178	1.880810
61012.96849537	177.7373226	1.4425472	1.873195	1.880803
61012.96918982	177.7366537	1.4427822	1.873213	1.880796
61012.96988426	177.7359847	1.4430171	1.873230	1.880790
61012.97057870	177.7353157	1.4432520	1.873247	1.880783
61012.97127315	177.7346468	1.4434869	1.873265	1.880776
61012.97196759	177.7339778	1.4437217	1.873282	1.880770
61012.97266204	177.7333088	1.4439565	1.873299	1.880763
61012.97335648	177.7326397	1.4441913	1.873316	1.880756
61012.97405093	177.7319707	1.4444261	1.873334	1.880750
61012.97474537	177.7313016	1.4446609	1.873351	1.880743
61012.97543981	177.7306326	1.4448956	1.873368	1.880736
61012.97613426	177.7299635	1.4451303	1.873386	1.880730
61012.97682870	177.7292944	1.4453650	1.873403	1.880723
61012.97752315	177.7286253	1.4455996	1.873420	1.880716
61012.97821759	177.7279562	1.4458343	1.873438	1.880710
61012.97891204	177.7272871	1.4460689	1.873455	1.880703
61012.97960648	177.7266180	1.4463035	1.873472	1.880696
61012.98030093	177.7259488	1.4465380	1.873489	1.880690
61012.98099537	177.7252797	1.4467726	1.873507	1.880683
61012.98168981	177.7246105	1.4470071	1.873524	1.880676
61012.98238426	177.7239413	1.4472416	1.873541	1.880670
61012.98307870	177.7232721	1.4474760	1.873559	1.880663
61012.98377315	177.7226029	1.4477105	1.873576	1.880657
61012.98446759	177.7219337	1.4479449	1.873593	1.880650
61012.98516204	177.7212645	1.4481793	1.873611	1.880643
61012.98585648	177.7205952	1.4484136	1.873628	1.880637
61012.98655093	177.7199260	1.4486480	1.873645	1.880630
61012.98724537	177.7192567	1.4488823	1.873662	1.880623
61012.98793982	177.7185874	1.4491166	1.873680	1.880617
61012.98863426	177.7179182	1.4493509	1.873697	1.880610
61012.98932870	177.7172489	1.4495851	1.873714	1.880603
61012.99002315	177.7165795	1.4498193	1.873732	1.880597
61012.99071759	177.7159102	1.4500535	1.873749	1.880590
61012.99141204	177.7152409	1.4502877	1.873766	1.880583
61012.99210648	177.7145715	1.4505219	1.873784	1.880577
61012.99280093	177.7139022	1.4507560	1.873801	1.880570
61012.99349537	177.7132328	1.4509901	1.873818	1.880563
61012.99418982	177.7125634	1.4512242	1.873836	1.880557
61012.99488426	177.7118940	1.4514582	1.873853	1.880550
61012.99557870	177.7112246	1.4516922	1.873870	1.880544
61012.99627315	177.7105552	1.4519262	1.873887	1.880537
61012.99696759	177.7098858	1.4521602	1.873905	1.880530
61012.99766204	177.7092164	1.4523942	1.873922	1.880524
61012.99835648	177.7085469	1.4526281	1.873939	1.880517
61012.99905093	177.7078774	1.4528620	1.873957	1.880510
61012.99974537	177.7072080	1.4530959	1.873974	1.880504
61013.00043982	177.7065385	1.4533297	1.873991	1.880497
61013.00113426	177.7058690	1.4535636	1.874009	1.880490
61013.00182870	177.7051995	1.4537974	1.874026	1.880484
61013.00252315	177.7045300	1.4540312	1.874043	1.880477
61013.00321759	177.7038604	1.4542649	1.874061	1.880471
61013.00391204	177.7031909	1.4544987	1.874078	1.880464
61013.00460648	177.7025213	1.4547324	1.874095	1.880457
61013.00530093	177.7018518	1.4549660	1.874112	1.880451
61013.00599537	177.7011822	1.4551997	1.874130	1.880444
61013.00668981	177.7005126	1.4554333	1.874147	1.880437
61013.00738426	177.6998430	1.4556670	1.874164	1.880431
61013.00807870	177.6991734	1.4559005	1.874182	1.880424
61013.00877315	177.6985038	1.4561341	1.874199	1.880418
61013.00946759	177.6978342	1.4563676	1.874216	1.880411
61013.01016204	177.6971645	1.4566012	1.874234	1.880404
61013.01085648	177.6964949	1.4568346	1.874251	1.880398
61013.01155093	177.6958252	1.4570681	1.874268	1.880391
61013.01224537	177.6951556	1.4573015	1.874286	1.880384
61013.01293981	177.6944859	1.4575350	1.874303	1.880378
61013.01363426	177.6938162	1.4577684	1.874320	1.880371
61013.01432870	177.6931465	1.4580017	1.874337	1.880365
61013.01502315	177.6924768	1.4582351	1.874355	1.880358
61013.01571759	177.6918070	1.4584684	1.874372	1.880351
61013.01641204	177.6911373	1.4587017	1.874389	1.880345
61013.01710648	177.6904676	1.4589349	1.874407	1.880338
61013.01780093	177.6897978	1.4591682	1.874424	1.880331
61013.01849537	177.6891280	1.4594014	1.874441	1.880325
61013.01918982	177.6884582	1.4596346	1.874459	1.880318
61013.01988426	177.6877885	1.4598677	1.874476	1.880312
61013.02057870	177.6871187	1.4601009	1.874493	1.880305
61013.02127315	177.6864488	1.4603340	1.874511	1.880298
61013.02196759	177.6857790	1.4605671	1.874528	1.880292
61013.02266204	177.6851092	1.4608002	1.874545	1.880285
61013.02335648	177.6844394	1.4610332	1.874562	1.880279
61013.02405093	177.6837695	1.4612662	1.874580	1.880272
61013.02474537	177.6830996	1.4614992	1.874597	1.880265
61013.02543982	177.6824298	1.4617322	1.874614	1.880259
61013.02613426	177.6817599	1.4619651	1.874632	1.880252
61013.02682870	177.6810900	1.4621981	1.874649	1.880245
61013.02752315	177.6804201	1.4624309	1.874666	1.880239
61013.02821759	177.6797502	1.4626638	1.874684	1.880232
61013.02891204	177.6790802	1.4628967	1.874701	1.880226
61013.02960648	177.6784103	1.4631295	1.874718	1.880219
61013.03030093	177.6777404	1.4633623	1.874736	1.880212
61013.03099537	177.6770704	1.4635950	1.874753	1.880206
61013.03168982	177.6764004	1.4638278	1.874770	1.880199
61013.03238426	177.6757305	1.4640605	1.874788	1.880193
61013.03307870	177.6750605	1.4642932	1.874805	1.880186
61013.03377315	177.6743905	1.4645259	1.874822	1.880179
61013.03446759	177.6737205	1.4647585	1.874839	1.880173
61013.03516204	177.6730505	1.4649911	1.874857	1.880166
61013.03585648	177.6723804	1.4652237	1.874874	1.880160
61013.03655093	177.6717104	1.4654563	1.874891	1.880153
61013.03724537	177.6710404	1.4656888	1.874909	1.880146
61013.03793981	177.6703703	1.4659213	1.874926	1.880140
61013.03863426	177.6697002	1.4661538	1.874943	1.880133
61013.03932870	177.6690302	1.4663863	1.874961	1.880127
61013.04002315	177.6683601	1.4666188	1.874978	1.880120
61013.04071759	177.6676900	1.4668512	1.874995	1.880113
61013.04141204	177.6670199	1.4670836	1.875013	1.880107
61013.04210648	177.6663498	1.4673159	1.875030	1.880100
61013.04280093	177.6656796	1.4675483	1.875047	1.880094
61013.04349537	177.6650095	1.4677806	1.875065	1.880087
61013.04418981	177.6643394	1.4680129	1.875082	1.880080
61013.04488426	177.6636692	1.4682451	1.875099	1.880074
61013.04557870	177.6629991	1.4684774	1.875117	1.880067
61013.04627315	177.6623289	1.4687096	1.875134	1.880061
61013.04696759	177.6616587	1.4689418	1.875151	1.880054
61013.04766204	177.6609885	1.4691740	1.875169	1.880047
61013.04835648	177.6603183	1.4694061	1.875186	1.880041
61013.04905093	177.6596481	1.4696382	1.875203	1.880034
61013.04974537	177.6589779	1.4698703	1.875220	1.880028
61013.05043982	177.6583077	1.4701024	1.875238	1.880021
61013.05113426	177.6576374	1.4703344	1.875255	1.880014
61013.05182870	177.6569672	1.4705664	1.875272	1.880008
61013.05252315	177.6562969	1.4707984	1.875290	1.880001
61013.05321759	177.6556266	1.4710304	1.875307	1.879995
61013.05391204	177.6549564	1.4712623	1.875324	1.879988
61013.05460648	177.6542861	1.4714942	1.875342	1.879982
61013.05530093	177.6536158	1.4717261	1.875359	1.879975
61013.05599537	177.6529455	1.4719579	1.875376	1.879968
61013.05668982	177.6522752	1.4721898	1.875394	1.879962
61013.05738426	177.6516049	1.4724216	1.875411	1.879955
61013.05807870	177.6509345	1.4726534	1.875428	1.879949
61013.05877315	177.6502642	1.4728851	1.875446	1.879942
61013.05946759	177.6495938	1.4731169	1.875463	1.879935
61013.06016204	177.6489235	1.4733486	1.875480	1.879929
61013.06085648	177.6482531	1.4735802	1.875498	1.879922
61013.06155093	177.6475828	1.4738119	1.875515	1.879916
61013.06224537	177.6469124	1.4740435	1.875532	1.879909
61013.06293982	177.6462420	1.4742751	1.875550	1.879903
61013.06363426	177.6455716	1.4745067	1.875567	1.879896
61013.06432870	177.6449012	1.4747383	1.875584	1.879889
61013.06502315	177.6442307	1.4749698	1.875602	1.879883
61013.06571759	177.6435603	1.4752013	1.875619	1.879876
61013.06641204	177.6428899	1.4754328	1.875636	1.879870
61013.06710648	177.6422194	1.4756642	1.875653	1.879863
61013.06780093	177.6415490	1.4758956	1.875671	1.879857
61013.06849537	177.6408785	1.4761270	1.875688	1.879850
61013.06918981	177.6402081	1.4763584	1.875705	1.879843
61013.06988426	177.6395376	1.4765898	1.875723	1.879837
61013.07057870	177.6388671	1.4768211	1.875740	1.879830
61013.07127315	177.6381966	1.4770524	1.875757	1.879824
61013.07196759	177.6375261	1.4772836	1.875775	1.879817
61013.07266204	177.6368556	1.4775149	1.875792	1.879811
61013.07335648	177.6361850	1.4777461	1.875809	1.879804
61013.07405093	177.6355145	1.4779773	1.875827	1.879797
61013.07474537	177.6348440	1.4782084	1.875844	1.879791
61013.07543981	177.6341734	1.4784396	1.875861	1.879784
61013.07613426	177.6335029	1.4786707	1.875879	1.879778
61013.07682870	177.6328323	1.4789018	1.875896	1.879771
61013.07752315	177.6321617	1.4791329	1.875913	1.879765
61013.07821759	177.6314912	1.4793639	1.875931	1.879758
61013.07891204	177.6308206	1.4795949	1.875948	1.879752
61013.07960648	177.6301500	1.4798259	1.875965	1.879745
61013.08030093	177.6294794	1.4800568	1.875983	1.879738
61013.08099537	177.6288088	1.4802878	1.876000	1.879732
61013.08168982	177.6281381	1.4805187	1.876017	1.879725
61013.08238426	177.6274675	1.4807496	1.876035	1.879719
61013.08307870	177.6267969	1.4809804	1.876052	1.879712
61013.08377315	177.6261262	1.4812112	1.876069	1.879706
61013.08446759	177.6254556	1.4814420	1.876087	1.879699
61013.08516204	177.6247849	1.4816728	1.876104	1.879692
61013.08585648	177.6241142	1.4819036	1.876121	1.879686
61013.08655093	177.6234436	1.4821343	1.876139	1.879679
61013.08724537	177.6227729	1.4823650	1.876156	1.879673
61013.08793982	177.6221022	1.4825956	1.876173	1.879666
61013.08863426	177.6214315	1.4828263	1.876191	1.879660
61013.08932870	177.6207608	1.4830569	1.876208	1.879653
61013.09002315	177.6200901	1.4832875	1.876225	1.879647
61013.09071759	177.6194193	1.4835181	1.876243	1.879640
61013.09141204	177.6187486	1.4837486	1.876260	1.879634
61013.09210648	177.6180779	1.4839791	1.876277	1.879627
61013.09280093	177.6174071	1.4842096	1.876295	1.879620
61013.09349537	177.6167364	1.4844401	1.876312	1.879614
61013.09418982	177.6160656	1.4846705	1.876329	1.879607
61013.09488426	177.6153948	1.4849009	1.876347	1.879601
61013.09557870	177.6147241	1.4851313	1.876364	1.879594
61013.09627315	177.6140533	1.4853616	1.876381	1.879588
61013.09696759	177.6133825	1.4855920	1.876398	1.879581
61013.09766204	177.6127117	1.4858223	1.876416	1.879575
61013.09835648	177.6120409	1.4860525	1.876433	1.879568
61013.09905093	177.6113701	1.4862828	1.876450	1.879562
61013.09974537	177.6106992	1.4865130	1.876468	1.879555
61013.10043981	177.6100284	1.4867432	1.876485	1.879548
61013.10113426	177.6093576	1.4869734	1.876502	1.879542
61013.10182870	177.6086867	1.4872035	1.876520	1.879535
61013.10252315	177.6080159	1.4874336	1.876537	1.879529
61013.10321759	177.6073450	1.4876637	1.876554	1.879522
61013.10391204	177.6066742	1.4878938	1.876572	1.879516
61013.10460648	177.6060033	1.4881238	1.876589	1.879509
61013.10530093	177.6053324	1.4883538	1.876606	1.879503
61013.10599537	177.6046615	1.4885838	1.876624	1.879496
61013.10668981	177.6039906	1.4888138	1.876641	1.879490
61013.10738426	177.6033197	1.4890437	1.876658	1.879483
61013.10807870	177.6026488	1.4892736	1.876676	1.879476
61013.10877315	177.6019779	1.4895035	1.876693	1.879470
61013.10946759	177.6013070	1.4897333	1.876710	1.879463
61013.11016204	177.6006361	1.4899632	1.876728	1.879457
61013.11085648	177.5999651	1.4901930	1.876745	1.879450
61013.11155093	177.5992942	1.4904227	1.876762	1.879444
61013.11224537	177.5986232	1.4906525	1.876780	1.879437
61013.11293982	177.5979523	1.4908822	1.876797	1.879431
61013.11363426	177.5972813	1.4911119	1.876814	1.879424
61013.11432870	177.5966103	1.4913416	1.876832	1.879418
61013.11502315	177.5959394	1.4915712	1.876849	1.879411
61013.11571759	177.5952684	1.4918008	1.876866	1.879405
61013.11641204	177.5945974	1.4920304	1.876884	1.879398
61013.11710648	177.5939264	1.4922599	1.876901	1.879392
61013.11780093	177.5932554	1.4924895	1.876918	1.879385
61013.11849537	177.5925844	1.4927190	1.876936	1.879379
61013.11918982	177.5919134	1.4929484	1.876953	1.879372
61013.11988426	177.5912424	1.4931779	1.876970	1.879365
61013.12057870	177.5905713	1.4934073	1.876988	1.879359
61013.12127315	177.5899003	1.4936367	1.877005	1.879352
61013.12196759	177.5892293	1.4938661	1.877022	1.879346
61013.12266204	177.5885582	1.4940954	1.877040	1.879339
61013.12335648	177.5878872	1.4943247	1.877057	1.879333
61013.12405093	177.5872161	1.4945540	1.877074	1.879326
61013.12474537	177.5865450	1.4947833	1.877092	1.879320
61013.12543982	177.5858740	1.4950125	1.877109	1.879313
61013.12613426	177.5852029	1.4952417	1.877127	1.879307
61013.12682870	177.5845318	1.4954709	1.877144	1.879300
61013.12752315	177.5838607	1.4957000	1.877161	1.879294
61013.12821759	177.5831896	1.4959292	1.877179	1.879287
61013.12891204	177.5825185	1.4961583	1.877196	1.879281
61013.12960648	177.5818474	1.4963873	1.877213	1.879274
61013.13030093	177.5811763	1.4966164	1.877231	1.879268
61013.13099537	177.5805052	1.4968454	1.877248	1.879261
61013.13168981	177.5798340	1.4970744	1.877265	1.879255
61013.13238426	177.5791629	1.4973033	1.877283	1.879248
61013.13307870	177.5784918	1.4975323	1.877300	1.879242
61013.13377315	177.5778206	1.4977612	1.877317	1.879235
61013.13446759	177.5771495	1.4979900	1.877335	1.879229
61013.13516204	177.5764783	1.4982189	1.877352	1.879222
61013.13585648	177.5758072	1.4984477	1.877369	1.879216
61013.13655093	177.5751360	1.4986765	1.877387	1.879209
61013.13724537	177.5744648	1.4989053	1.877404	1.879203
61013.13793981	177.5737936	1.4991340	1.877421	1.879196
61013.13863426	177.5731225	1.4993627	1.877439	1.879190
61013.13932870	177.5724513	1.4995914	1.877456	1.879183
61013.14002315	177.5717801	1.4998201	1.877473	1.879177
61013.14071759	177.5711089	1.5000487	1.877491	1.879170
61013.14141204	177.5704377	1.5002773	1.877508	1.879164
61013.14210648	177.5697665	1.5005059	1.877525	1.879157
61013.14280093	177.5690953	1.5007344	1.877543	1.879151
61013.14349537	177.5684240	1.5009630	1.877560	1.879144
61013.14418982	177.5677528	1.5011915	1.877577	1.879138
61013.14488426	177.5670816	1.5014199	1.877595	1.879131
61013.14557870	177.5664103	1.5016484	1.877612	1.879125
61013.14627315	177.5657391	1.5018768	1.877629	1.879118
61013.14696759	177.5650678	1.5021052	1.877647	1.879112
61013.14766204	177.5643966	1.5023335	1.877664	1.879105
61013.14835648	177.5637253	1.5025619	1.877681	1.879099
61013.14905093	177.5630541	1.5027902	1.877699	1.879092
61013.14974537	177.5623828	1.5030184	1.877716	1.879086
61013.15043982	177.5617115	1.5032467	1.877733	1.879079
61013.15113426	177.5610403	1.5034749	1.877751	1.879073
61013.15182870	177.5603690	1.5037031	1.877768	1.879066
61013.15252315	177.5596977	1.5039312	1.877785	1.879060
61013.15321759	177.5590264	1.5041594	1.877803	1.879053
61013.15391204	177.5583551	1.5043875	1.877820	1.879047
61013.15460648	177.5576838	1.5046156	1.877837	1.879040
61013.15530093	177.5570125	1.5048436	1.877855	1.879034
61013.15599537	177.5563412	1.5050716	1.877872	1.879027
61013.15668982	177.5556699	1.5052996	1.877889	1.879021
61013.15738426	177.5549985	1.5055276	1.877907	1.879014
61013.15807870	177.5543272	1.5057555	1.877924	1.879008
61013.15877315	177.5536559	1.5059834	1.877942	1.879001
61013.15946759	177.5529845	1.5062113	1.877959	1.878995
61013.16016204	177.5523132	1.5064392	1.877976	1.878988
61013.16085648	177.5516419	1.5066670	1.877994	1.878982
61013.16155093	177.5509705	1.5068948	1.878011	1.878975
61013.16224537	177.5502992	1.5071226	1.878028	1.878969
61013.16293981	177.5496278	1.5073503	1.878046	1.878962
61013.16363426	177.5489564	1.5075780	1.878063	1.878956
61013.16432870	177.5482851	1.5078057	1.878080	1.878949
61013.16502315	177.5476137	1.5080334	1.878098	1.878943
61013.16571759	177.5469423	1.5082610	1.878115	1.878936
61013.16641204	177.5462709	1.5084886	1.878132	1.878930
61013.16710648	177.5455996	1.5087162	1.878150	1.878923
61013.16780093	177.5449282	1.5089437	1.878167	1.878917
61013.16849537	177.5442568	1.5091713	1.878184	1.878910
61013.16918981	177.5435854	1.5093988	1.878202	1.878904
61013.16988426	177.5429140	1.5096262	1.878219	1.878897
61013.17057870	177.5422426	1.5098536	1.878236	1.878891
61013.17127315	177.5415712	1.5100811	1.878254	1.878884
61013.17196759	177.5408998	1.5103084	1.878271	1.878878
61013.17266204	177.5402283	1.5105358	1.878288	1.878871
61013.17335648	177.5395569	1.5107631	1.878306	1.878865
61013.17405093	177.5388855	1.5109904	1.878323	1.878859
61013.17474537	177.5382141	1.5112177	1.878341	1.878852
61013.17543982	177.5375426	1.5114449	1.878358	1.878846
61013.17613426	177.5368712	1.5116721	1.878375	1.878839
61013.17682870	177.5361998	1.5118993	1.878393	1.878833
61013.17752315	177.5355283	1.5121264	1.878410	1.878826
61013.17821759	177.5348569	1.5123535	1.878427	1.878820
61013.17891204	177.5341854	1.5125806	1.878445	1.878813
61013.17960648	177.5335140	1.5128077	1.878462	1.878807
61013.18030093	177.5328425	1.5130347	1.878479	1.878800
61013.18099537	177.5321711	1.5132617	1.878497	1.878794
61013.18168982	177.5314996	1.5134887	1.878514	1.878787
61013.18238426	177.5308281	1.5137157	1.878531	1.878781
61013.18307870	177.5301567	1.5139426	1.878549	1.878774
61013.18377315	177.5294852	1.5141695	1.878566	1.878768
61013.18446759	177.5288137	1.5143964	1.878583	1.878761
61013.18516204	177.5281422	1.5146232	1.878601	1.878755
61013.18585648	177.5274707	1.5148500	1.878618	1.878749
61013.18655093	177.5267993	1.5150768	1.878635	1.878742
61013.18724537	177.5261278	1.5153035	1.878653	1.878736
61013.18793982	177.5254563	1.5155302	1.878670	1.878729
61013.18863426	177.5247848	1.5157569	1.878688	1.878723
61013.18932870	177.5241133	1.5159836	1.878705	1.878716
61013.19002315	177.5234418	1.5162102	1.878722	1.878710
61013.19071759	177.5227703	1.5164368	1.878740	1.878703
61013.19141204	177.5220988	1.5166634	1.878757	1.878697
61013.19210648	177.5214272	1.5168900	1.878774	1.878690
61013.19280093	177.5207557	1.5171165	1.878792	1.878684
61013.19349537	177.5200842	1.5173430	1.878809	1.878678
61013.19418981	177.5194127	1.5175694	1.878826	1.878671
61013.19488426	177.5187412	1.5177959	1.878844	1.878665
61013.19557870	177.5180696	1.5180223	1.878861	1.878658
61013.19627315	177.5173981	1.5182486	1.878878	1.878652
61013.19696759	177.5167266	1.5184750	1.878896	1.878645
61013.19766204	177.5160551	1.5187013	1.878913	1.878639
61013.19835648	177.5153835	1.5189276	1.878930	1.878632
61013.19905093	177.5147120	1.5191538	1.878948	1.878626
61013.19974537	177.5140404	1.5193801	1.878965	1.878619
61013.20043981	177.5133689	1.5196063	1.878983	1.878613
61013.20113426	177.5126974	1.5198324	1.879000	1.878607
61013.20182870	177.5120258	1.5200586	1.879017	1.878600
61013.20252315	177.5113543	1.5202847	1.879035	1.878594
61013.20321759	177.5106827	1.5205108	1.879052	1.878587
61013.20391204	177.5100112	1.5207368	1.879069	1.878581
61013.20460648	177.5093396	1.5209628	1.879087	1.878574
61013.20530093	177.5086680	1.5211888	1.879104	1.878568
61013.20599537	177.5079965	1.5214148	1.879121	1.878561
61013.20668982	177.5073249	1.5216407	1.879139	1.878555
61013.20738426	177.5066533	1.5218666	1.879156	1.878548
61013.20807870	177.5059818	1.5220925	1.879173	1.878542
61013.20877315	177.5053102	1.5223184	1.879191	1.878536
61013.20946759	177.5046386	1.5225442	1.879208	1.878529
61013.21016204	177.5039671	1.5227700	1.879226	1.878523
61013.21085648	177.5032955	1.5229957	1.879243	1.878516
61013.21155093	177.5026239	1.5232215	1.879260	1.878510
61013.21224537	177.5019523	1.5234472	1.879278	1.878503
61013.21293982	177.5012808	1.5236728	1.879295	1.878497
61013.21363426	177.5006092	1.5238985	1.879312	1.878491
61013.21432870	177.4999376	1.5241241	1.879330	1.878484
61013.21502315	177.4992660	1.5243497	1.879347	1.878478
61013.21571759	177.4985944	1.5245752	1.879364	1.878471
61013.21641204	177.4979228	1.5248008	1.879382	1.878465
61013.21710648	177.4972512	1.5250262	1.879399	1.878458
61013.21780093	177.4965796	1.5252517	1.879416	1.878452
61013.21849537	177.4959080	1.5254771	1.879434	1.878445
61013.21918982	177.4952365	1.5257025	1.879451	1.878439
61013.21988426	177.4945649	1.5259279	1.879469	1.878433
61013.22057870	177.4938933	1.5261533	1.879486	1.878426
61013.22127315	177.4932217	1.5263786	1.879503	1.878420
61013.22196759	177.4925501	1.5266039	1.879521	1.878413
61013.22266204	177.4918785	1.5268291	1.879538	1.878407
61013.22335648	177.4912069	1.5270544	1.879555	1.878400
61013.22405093	177.4905353	1.5272795	1.879573	1.878394
61013.22474537	177.4898637	1.5275047	1.879590	1.878388
61013.22543981	177.4891921	1.5277298	1.879607	1.878381
61013.22613426	177.4885204	1.5279550	1.879625	1.878375
61013.22682870	177.4878488	1.5281800	1.879642	1.878368
61013.22752315	177.4871772	1.5284051	1.879659	1.878362
61013.22821759	177.4865056	1.5286301	1.879677	1.878355
61013.22891204	177.4858340	1.5288551	1.879694	1.878349
61013.22960648	177.4851624	1.5290800	1.879712	1.878343
61013.23030093	177.4844908	1.5293050	1.879729	1.878336
61013.23099537	177.4838192	1.5295299	1.879746	1.878330
61013.23168981	177.4831476	1.5297547	1.879764	1.878323
61013.23238426	177.4824760	1.5299796	1.879781	1.878317
61013.23307870	177.4818043	1.5302044	1.879798	1.878310
61013.23377315	177.4811327	1.5304291	1.879816	1.878304
61013.23446759	177.4804611	1.5306539	1.879833	1.878298
61013.23516204	177.4797895	1.5308786	1.879850	1.878291
61013.23585648	177.4791179	1.5311033	1.879868	1.878285
61013.23655093	177.4784463	1.5313279	1.879885	1.878278
61013.23724537	177.4777746	1.5315526	1.879903	1.878272
61013.23793982	177.4771030	1.5317772	1.879920	1.878266
61013.23863426	177.4764314	1.5320017	1.879937	1.878259
61013.23932870	177.4757598	1.5322262	1.879955	1.878253
61013.24002315	177.4750882	1.5324508	1.879972	1.878246
61013.24071759	177.4744166	1.5326752	1.879989	1.878240
61013.24141204	177.4737450	1.5328997	1.880007	1.878233
61013.24210648	177.4730733	1.5331241	1.880024	1.878227
61013.24280093	177.4724017	1.5333485	1.880041	1.878221
61013.24349537	177.4717301	1.5335728	1.880059	1.878214
61013.24418982	177.4710585	1.5337971	1.880076	1.878208
61013.24488426	177.4703869	1.5340214	1.880094	1.878201
61013.24557870	177.4697153	1.5342457	1.880111	1.878195
61013.24627315	177.4690436	1.5344699	1.880128	1.878189
61013.24696759	177.4683720	1.5346941	1.880146	1.878182
61013.24766204	177.4677004	1.5349183	1.880163	1.878176
61013.24835648	177.4670288	1.5351424	1.880180	1.878169
61013.24905093	177.4663572	1.5353665	1.880198	1.878163
61013.24974537	177.4656856	1.5355906	1.880215	1.878157
61013.25043982	177.4650139	1.5358146	1.880233	1.878150
61013.25113426	177.4643423	1.5360386	1.880250	1.878144
61013.25182870	177.4636707	1.5362626	1.880267	1.878137
61013.25252315	177.4629991	1.5364866	1.880285	1.878131
61013.25321759	177.4623275	1.5367105	1.880302	1.878125
61013.25391204	177.4616559	1.5369344	1.880319	1.878118
61013.25460648	177.4609843	1.5371582	1.880337	1.878112
61013.25530093	177.4603127	1.5373821	1.880354	1.878105
61013.25599537	177.4596411	1.5376059	1.880371	1.878099
61013.25668981	177.4589695	1.5378296	1.880389	1.878092
61013.25738426	177.4582979	1.5380534	1.880406	1.878086
61013.25807870	177.4576263	1.5382771	1.880424	1.878080
61013.25877315	177.4569546	1.5385007	1.880441	1.878073
61013.25946759	177.4562830	1.5387244	1.880458	1.878067
61013.26016204	177.4556114	1.5389480	1.880476	1.878060
61013.26085648	177.4549398	1.5391716	1.880493	1.878054
61013.26155093	177.4542682	1.5393951	1.880510	1.878048
61013.26224537	177.4535966	1.5396186	1.880528	1.878041
61013.26293981	177.4529251	1.5398421	1.880545	1.878035
61013.26363426	177.4522535	1.5400656	1.880563	1.878029
61013.26432870	177.4515819	1.5402890	1.880580	1.878022
61013.26502315	177.4509103	1.5405124	1.880597	1.878016
61013.26571759	177.4502387	1.5407358	1.880615	1.878009
61013.26641204	177.4495671	1.5409591	1.880632	1.878003
61013.26710648	177.4488955	1.5411824	1.880649	1.877997
61013.26780093	177.4482239	1.5414057	1.880667	1.877990
61013.26849537	177.4475523	1.5416289	1.880684	1.877984
61013.26918982	177.4468808	1.5418521	1.880701	1.877977
61013.26988426	177.4462092	1.5420753	1.880719	1.877971
61013.27057870	177.4455376	1.5422984	1.880736	1.877965
61013.27127315	177.4448660	1.5425215	1.880754	1.877958
61013.27196759	177.4441944	1.5427446	1.880771	1.877952
61013.27266204	177.4435229	1.5429676	1.880788	1.877945
61013.27335648	177.4428513	1.5431907	1.880806	1.877939
61013.27405093	177.4421797	1.5434136	1.880823	1.877933
61013.27474537	177.4415082	1.5436366	1.880840	1.877926
61013.27543982	177.4408366	1.5438595	1.880858	1.877920
61013.27613426	177.4401650	1.5440824	1.880875	1.877914
61013.27682870	177.4394935	1.5443053	1.880893	1.877907
61013.27752315	177.4388219	1.5445281	1.880910	1.877901
61013.27821759	177.4381504	1.5447509	1.880927	1.877894
61013.27891204	177.4374788	1.5449736	1.880945	1.877888
61013.27960648	177.4368073	1.5451964	1.880962	1.877882
61013.28030093	177.4361357	1.5454191	1.880979	1.877875
61013.28099537	177.4354642	1.5456417	1.880997	1.877869
61013.28168982	177.4347926	1.5458644	1.881014	1.877862
61013.28238426	177.4341211	1.5460870	1.881032	1.877856
61013.28307870	177.4334496	1.5463095	1.881049	1.877850
61013.28377315	177.4327780	1.5465321	1.881066	1.877843
61013.28446759	177.4321065	1.5467546	1.881084	1.877837
61013.28516204	177.4314350	1.5469771	1.881101	1.877831
61013.28585648	177.4307635	1.5471995	1.881118	1.877824
61013.28655093	177.4300919	1.5474219	1.881136	1.877818
61013.28724537	177.4294204	1.5476443	1.881153	1.877811
61013.28793981	177.4287489	1.5478666	1.881171	1.877805
61013.28863426	177.4280774	1.5480890	1.881188	1.877799
61013.28932870	177.4274059	1.5483112	1.881205	1.877792
61013.29002315	177.4267344	1.5485335	1.881223	1.877786
61013.29071759	177.4260629	1.5487557	1.881240	1.877780
61013.29141204	177.4253914	1.5489779	1.881257	1.877773
61013.29210648	177.4247199	1.5492000	1.881275	1.877767
61013.29280093	177.4240484	1.5494222	1.881292	1.877760
61013.29349537	177.4233769	1.5496443	1.881310	1.877754
61013.29418981	177.4227054	1.5498663	1.881327	1.877748
61013.29488426	177.4220339	1.5500883	1.881344	1.877741
61013.29557870	177.4213625	1.5503103	1.881362	1.877735
61013.29627315	177.4206910	1.5505323	1.881379	1.877729
61013.29696759	177.4200195	1.5507542	1.881396	1.877722
61013.29766204	177.4193481	1.5509761	1.881414	1.877716
61013.29835648	177.4186766	1.5511980	1.881431	1.877710
61013.29905093	177.4180051	1.5514198	1.881449	1.877703
61013.29974537	177.4173337	1.5516416	1.881466	1.877697
61013.30043982	177.4166622	1.5518634	1.881483	1.877690
61013.30113426	177.4159908	1.5520851	1.881501	1.877684
61013.30182870	177.4153193	1.5523068	1.881518	1.877678
61013.30252315	177.4146479	1.5525285	1.881536	1.877671
61013.30321759	177.4139765	1.5527501	1.881553	1.877665
61013.30391204	177.4133050	1.5529717	1.881570	1.877659
61013.30460648	177.4126336	1.5531933	1.881588	1.877652
61013.30530093	177.4119622	1.5534148	1.881605	1.877646
61013.30599537	177.4112908	1.5536363	1.881622	1.877640
61013.30668982	177.4106194	1.5538578	1.881640	1.877633
61013.30738426	177.4099480	1.5540792	1.881657	1.877627
61013.30807870	177.4092766	1.5543006	1.881675	1.877621
61013.30877315	177.4086052	1.5545220	1.881692	1.877614
61013.30946759	177.4079338	1.5547433	1.881709	1.877608
61013.31016204	177.4072624	1.5549646	1.881727	1.877601
61013.31085648	177.4065910	1.5551859	1.881744	1.877595
61013.31155093	177.4059196	1.5554071	1.881761	1.877589
61013.31224537	177.4052483	1.5556284	1.881779	1.877582
61013.31293982	177.4045769	1.5558495	1.881796	1.877576
61013.31363426	177.4039055	1.5560707	1.881814	1.877570
61013.31432870	177.4032342	1.5562918	1.881831	1.877563
61013.31502315	177.4025628	1.5565128	1.881848	1.877557
61013.31571759	177.4018915	1.5567339	1.881866	1.877551
61013.31641204	177.4012201	1.5569549	1.881883	1.877544
61013.31710648	177.4005488	1.5571759	1.881901	1.877538
61013.31780093	177.3998775	1.5573968	1.881918	1.877532
61013.31849537	177.3992061	1.5576177	1.881935	1.877525
61013.31918981	177.3985348	1.5578386	1.881953	1.877519
61013.31988426	177.3978635	1.5580594	1.881970	1.877513
61013.32057870	177.3971922	1.5582802	1.881987	1.877506
61013.32127315	177.3965209	1.5585010	1.882005	1.877500
61013.32196759	177.3958496	1.5587218	1.882022	1.877494
61013.32266204	177.3951783	1.5589425	1.882040	1.877487
61013.32335648	177.3945070	1.5591631	1.882057	1.877481
61013.32405093	177.3938358	1.5593838	1.882074	1.877475
61013.32474537	177.3931645	1.5596044	1.882092	1.877468
61013.32543981	177.3924932	1.5598250	1.882109	1.877462
61013.32613426	177.3918220	1.5600455	1.882127	1.877456
61013.32682870	177.3911507	1.5602660	1.882144	1.877449
61013.32752315	177.3904795	1.5604865	1.882161	1.877443
61013.32821759	177.3898082	1.5607069	1.882179	1.877436
61013.32891204	177.3891370	1.5609273	1.882196	1.877430
61013.32960648	177.3884658	1.5611477	1.882213	1.877424
61013.33030093	177.3877945	1.5613680	1.882231	1.877417
61013.33099537	177.3871233	1.5615883	1.882248	1.877411
61013.33168982	177.3864521	1.5618086	1.882266	1.877405
61013.33238426	177.3857809	1.5620288	1.882283	1.877398
61013.33307870	177.3851097	1.5622491	1.882300	1.877392
61013.33377315	177.3844385	1.5624692	1.882318	1.877386
61013.33446759	177.3837673	1.5626894	1.882335	1.877379
61013.33516204	177.3830962	1.5629095	1.882353	1.877373
61013.33585648	177.3824250	1.5631295	1.882370	1.877367
61013.33655093	177.3817538	1.5633496	1.882387	1.877360
61013.33724537	177.3810827	1.5635696	1.882405	1.877354
61013.33793982	177.3804115	1.5637895	1.882422	1.877348
61013.33863426	177.3797404	1.5640094	1.882439	1.877341
61013.33932870	177.3790693	1.5642293	1.882457	1.877335
61013.34002315	177.3783982	1.5644492	1.882474	1.877329
61013.34071759	177.3777270	1.5646690	1.882492	1.877323
61013.34141204	177.3770559	1.5648888	1.882509	1.877316
61013.34210648	177.3763848	1.5651086	1.882526	1.877310
61013.34280093	177.3757137	1.5653283	1.882544	1.877304
61013.34349537	177.3750426	1.5655480	1.882561	1.877297
61013.34418982	177.3743716	1.5657677	1.882579	1.877291
61013.34488426	177.3737005	1.5659873	1.882596	1.877285
61013.34557870	177.3730294	1.5662069	1.882613	1.877278
61013.34627315	177.3723584	1.5664264	1.882631	1.877272
61013.34696759	177.3716873	1.5666459	1.882648	1.877266
61013.34766204	177.3710163	1.5668654	1.882666	1.877259
61013.34835648	177.3703453	1.5670849	1.882683	1.877253
61013.34905093	177.3696742	1.5673043	1.882700	1.877247
61013.34974537	177.3690032	1.5675237	1.882718	1.877240
61013.35043981	177.3683322	1.5677430	1.882735	1.877234
61013.35113426	177.3676612	1.5679623	1.882752	1.877228
61013.35182870	177.3669902	1.5681816	1.882770	1.877221
61013.35252315	177.3663193	1.5684009	1.882787	1.877215
61013.35321759	177.3656483	1.5686201	1.882805	1.877209
61013.35391204	177.3649773	1.5688392	1.882822	1.877202
61013.35460648	177.3643064	1.5690584	1.882839	1.877196
61013.35530093	177.3636354	1.5692775	1.882857	1.877190
61013.35599537	177.3629645	1.5694965	1.882874	1.877183
61013.35668981	177.3622936	1.5697156	1.882892	1.877177
61013.35738426	177.3616227	1.5699346	1.882909	1.877171
61013.35807870	177.3609517	1.5701535	1.882926	1.877165
61013.35877315	177.3602808	1.5703725	1.882944	1.877158
61013.35946759	177.3596100	1.5705914	1.882961	1.877152
61013.36016204	177.3589391	1.5708102	1.882979	1.877146
61013.36085648	177.3582682	1.5710290	1.882996	1.877139
61013.36155093	177.3575973	1.5712478	1.883013	1.877133
61013.36224537	177.3569265	1.5714666	1.883031	1.877127
61013.36293982	177.3562557	1.5716853	1.883048	1.877120
61013.36363426	177.3555848	1.5719040	1.883066	1.877114
61013.36432870	177.3549140	1.5721226	1.883083	1.877108
61013.36502315	177.3542432	1.5723412	1.883100	1.877101
61013.36571759	177.3535724	1.5725598	1.883118	1.877095
61013.36641204	177.3529016	1.5727784	1.883135	1.877089
61013.36710648	177.3522308	1.5729969	1.883153	1.877083
61013.36780093	177.3515600	1.5732153	1.883170	1.877076
61013.36849537	177.3508893	1.5734338	1.883187	1.877070
61013.36918982	177.3502185	1.5736522	1.883205	1.877064
61013.36988426	177.3495478	1.5738705	1.883222	1.877057
61013.37057870	177.3488770	1.5740889	1.883240	1.877051
61013.37127315	177.3482063	1.5743072	1.883257	1.877045
61013.37196759	177.3475356	1.5745254	1.883274	1.877038
61013.37266204	177.3468649	1.5747436	1.883292	1.877032
61013.37335648	177.3461942	1.5749618	1.883309	1.877026
61013.37405093	177.3455235	1.5751800	1.883326	1.877019
61013.37474537	177.3448529	1.5753981	1.883344	1.877013
61013.37543982	177.3441822	1.5756162	1.883361	1.877007
61013.37613426	177.3435116	1.5758342	1.883379	1.877001
61013.37682870	177.3428409	1.5760522	1.883396	1.876994
61013.37752315	177.3421703	1.5762702	1.883413	1.876988
61013.37821759	177.3414997	1.5764881	1.883431	1.876982
61013.37891204	177.3408291	1.5767060	1.883448	1.876975
61013.37960648	177.3401585	1.5769239	1.883466	1.876969
61013.38030093	177.3394879	1.5771417	1.883483	1.876963
61013.38099537	177.3388173	1.5773595	1.883500	1.876957
61013.38168981	177.3381468	1.5775773	1.883518	1.876950
61013.38238426	177.3374762	1.5777950	1.883535	1.876944
61013.38307870	177.3368057	1.5780127	1.883553	1.876938
61013.38377315	177.3361352	1.5782303	1.883570	1.876931
61013.38446759	177.3354647	1.5784480	1.883587	1.876925
61013.38516204	177.3347942	1.5786655	1.883605	1.876919
61013.38585648	177.3341237	1.5788831	1.883622	1.876912
61013.38655093	177.3334532	1.5791006	1.883640	1.876906
61013.38724537	177.3327828	1.5793180	1.883657	1.876900
61013.38793981	177.3321123	1.5795355	1.883674	1.876894
61013.38863426	177.3314419	1.5797529	1.883692	1.876887
61013.38932870	177.3307715	1.5799702	1.883709	1.876881
61013.39002315	177.3301010	1.5801876	1.883727	1.876875
61013.39071759	177.3294306	1.5804048	1.883744	1.876868
61013.39141204	177.3287603	1.5806221	1.883761	1.876862
61013.39210648	177.3280899	1.5808393	1.883779	1.876856
61013.39280093	177.3274195	1.5810565	1.883796	1.876850
61013.39349537	177.3267492	1.5812736	1.883814	1.876843
61013.39418982	177.3260788	1.5814907	1.883831	1.876837
61013.39488426	177.3254085	1.5817078	1.883848	1.876831
61013.39557870	177.3247382	1.5819248	1.883866	1.876825
61013.39627315	177.3240679	1.5821418	1.883883	1.876818
61013.39696759	177.3233976	1.5823588	1.883901	1.876812
61013.39766204	177.3227274	1.5825757	1.883918	1.876806
61013.39835648	177.3220571	1.5827926	1.883935	1.876799
61013.39905093	177.3213869	1.5830094	1.883953	1.876793
61013.39974537	177.3207166	1.5832262	1.883970	1.876787
61013.40043982	177.3200464	1.5834430	1.883988	1.876781
61013.40113426	177.3193762	1.5836598	1.884005	1.876774
61013.40182870	177.3187060	1.5838765	1.884022	1.876768
61013.40252315	177.3180359	1.5840931	1.884040	1.876762
61013.40321759	177.3173657	1.5843097	1.884057	1.876755
61013.40391204	177.3166956	1.5845263	1.884075	1.876749
61013.40460648	177.3160254	1.5847429	1.884092	1.876743
61013.40530093	177.3153553	1.5849594	1.884110	1.876737
61013.40599537	177.3146852	1.5851759	1.884127	1.876730
61013.40668982	177.3140151	1.5853923	1.884144	1.876724
61013.40738426	177.3133451	1.5856087	1.884162	1.876718
61013.40807870	177.3126750	1.5858251	1.884179	1.876712
61013.40877315	177.3120050	1.5860414	1.884197	1.876705
61013.40946759	177.3113349	1.5862577	1.884214	1.876699
61013.41016204	177.3106649	1.5864740	1.884231	1.876693
61013.41085648	177.3099949	1.5866902	1.884249	1.876686
61013.41155093	177.3093249	1.5869064	1.884266	1.876680
61013.41224537	177.3086550	1.5871225	1.884284	1.876674
61013.41293981	177.3079850	1.5873386	1.884301	1.876668
61013.41363426	177.3073151	1.5875547	1.884318	1.876661
61013.41432870	177.3066451	1.5877707	1.884336	1.876655
61013.41502315	177.3059752	1.5879867	1.884353	1.876649
61013.41571759	177.3053054	1.5882027	1.884371	1.876643
61013.41641204	177.3046355	1.5884186	1.884388	1.876636
61013.41710648	177.3039656	1.5886345	1.884405	1.876630
61013.41780093	177.3032958	1.5888503	1.884423	1.876624
61013.41849537	177.3026259	1.5890661	1.884440	1.876618
61013.41918981	177.3019561	1.5892819	1.884458	1.876611
61013.41988426	177.3012863	1.5894976	1.884475	1.876605
61013.42057870	177.3006166	1.5897133	1.884492	1.876599
61013.42127315	177.2999468	1.5899289	1.884510	1.876592
61013.42196759	177.2992771	1.5901446	1.884527	1.876586
61013.42266204	177.2986073	1.5903601	1.884545	1.876580
61013.42335648	177.2979376	1.5905757	1.884562	1.876574
61013.42405093	177.2972679	1.5907912	1.884579	1.876567
61013.42474537	177.2965982	1.5910066	1.884597	1.876561
61013.42543982	177.2959286	1.5912221	1.884614	1.876555
61013.42613426	177.2952589	1.5914375	1.884632	1.876549
61013.42682870	177.2945893	1.5916528	1.884649	1.876542
61013.42752315	177.2939197	1.5918681	1.884667	1.876536
61013.42821759	177.2932501	1.5920834	1.884684	1.876530
61013.42891204	177.2925805	1.5922986	1.884701	1.876524
61013.42960648	177.2919110	1.5925138	1.884719	1.876517
61013.43030093	177.2912414	1.5927290	1.884736	1.876511
61013.43099537	177.2905719	1.5929441	1.884754	1.876505
61013.43168982	177.2899024	1.5931592	1.884771	1.876499
61013.43238426	177.2892329	1.5933742	1.884788	1.876492
61013.43307870	177.2885634	1.5935892	1.884806	1.876486
61013.43377315	177.2878940	1.5938042	1.884823	1.876480
61013.43446759	177.2872245	1.5940191	1.884841	1.876474
61013.43516204	177.2865551	1.5942340	1.884858	1.876467
61013.43585648	177.2858857	1.5944489	1.884875	1.876461
61013.43655093	177.2852164	1.5946637	1.884893	1.876455
61013.43724537	177.2845470	1.5948785	1.884910	1.876449
61013.43793982	177.2838776	1.5950932	1.884928	1.876442
61013.43863426	177.2832083	1.5953079	1.884945	1.876436
61013.43932870	177.2825390	1.5955225	1.884963	1.876430
61013.44002315	177.2818697	1.5957372	1.884980	1.876424
61013.44071759	177.2812005	1.5959518	1.884997	1.876417
61013.44141204	177.2805312	1.5961663	1.885015	1.876411
61013.44210648	177.2798620	1.5963808	1.885032	1.876405
61013.44280093	177.2791928	1.5965953	1.885050	1.876399
61013.44349537	177.2785236	1.5968097	1.885067	1.876392
61013.44418981	177.2778544	1.5970241	1.885084	1.876386
61013.44488426	177.2771853	1.5972384	1.885102	1.876380
61013.44557870	177.2765162	1.5974527	1.885119	1.876374
61013.44627315	177.2758470	1.5976670	1.885137	1.876367
61013.44696759	177.2751780	1.5978812	1.885154	1.876361
61013.44766204	177.2745089	1.5980954	1.885171	1.876355
61013.44835648	177.2738398	1.5983096	1.885189	1.876349
61013.44905093	177.2731708	1.5985237	1.885206	1.876343
61013.44974537	177.2725018	1.5987378	1.885224	1.876336
61013.45043981	177.2718328	1.5989518	1.885241	1.876330
61013.45113426	177.2711638	1.5991658	1.885259	1.876324
61013.45182870	177.2704949	1.5993798	1.885276	1.876318
61013.45252315	177.2698260	1.5995937	1.885293	1.876311
61013.45321759	177.2691571	1.5998076	1.885311	1.876305
61013.45391204	177.2684882	1.6000214	1.885328	1.876299
61013.45460648	177.2678193	1.6002352	1.885346	1.876293
61013.45530093	177.2671505	1.6004490	1.885363	1.876286
61013.45599537	177.2664817	1.6006627	1.885380	1.876280
61013.45668982	177.2658129	1.6008764	1.885398	1.876274
61013.45738426	177.2651441	1.6010900	1.885415	1.876268
61013.45807870	177.2644753	1.6013036	1.885433	1.876261
61013.45877315	177.2638066	1.6015172	1.885450	1.876255
61013.45946759	177.2631379	1.6017307	1.885468	1.876249
61013.46016204	177.2624692	1.6019442	1.885485	1.876243
61013.46085648	177.2618005	1.6021576	1.885502	1.876237
61013.46155093	177.2611319	1.6023710	1.885520	1.876230
61013.46224537	177.2604633	1.6025844	1.885537	1.876224
61013.46293982	177.2597947	1.6027977	1.885555	1.876218
61013.46363426	177.2591261	1.6030110	1.885572	1.876212
61013.46432870	177.2584575	1.6032242	1.885589	1.876205
61013.46502315	177.2577890	1.6034374	1.885607	1.876199
61013.46571759	177.2571205	1.6036506	1.885624	1.876193
61013.46641204	177.2564520	1.6038637	1.885642	1.876187
61013.46710648	177.2557835	1.6040768	1.885659	1.876180
61013.46780093	177.2551151	1.6042899	1.885677	1.876174
61013.46849537	177.2544467	1.6045029	1.885694	1.876168
61013.46918982	177.2537783	1.6047158	1.885711	1.876162
61013.46988426	177.2531099	1.6049288	1.885729	1.876156
61013.47057870	177.2524416	1.6051416	1.885746	1.876149
61013.47127315	177.2517733	1.6053545	1.885764	1.876143
61013.47196759	177.2511050	1.6055673	1.885781	1.876137
61013.47266204	177.2504367	1.6057801	1.885798	1.876131
61013.47335648	177.2497684	1.6059928	1.885816	1.876124
61013.47405093	177.2491002	1.6062055	1.885833	1.876118
61013.47474537	177.2484320	1.6064181	1.885851	1.876112
61013.47543981	177.2477638	1.6066307	1.885868	1.876106
61013.47613426	177.2470957	1.6068433	1.885886	1.876100
61013.47682870	177.2464276	1.6070558	1.885903	1.876093
61013.47752315	177.2457595	1.6072683	1.885920	1.876087
61013.47821759	177.2450914	1.6074807	1.885938	1.876081
61013.47891204	177.2444233	1.6076931	1.885955	1.876075
61013.47960648	177.2437553	1.6079055	1.885973	1.876069
61013.48030093	177.2430873	1.6081178	1.885990	1.876062
61013.48099537	177.2424193	1.6083301	1.886008	1.876056
61013.48168981	177.2417514	1.6085423	1.886025	1.876050
61013.48238426	177.2410835	1.6087545	1.886042	1.876044
61013.48307870	177.2404156	1.6089667	1.886060	1.876037
61013.48377315	177.2397477	1.6091788	1.886077	1.876031
61013.48446759	177.2390799	1.6093909	1.886095	1.876025
61013.48516204	177.2384121	1.6096029	1.886112	1.876019
61013.48585648	177.2377443	1.6098149	1.886130	1.876013
61013.48655093	177.2370765	1.6100269	1.886147	1.876006
61013.48724537	177.2364088	1.6102388	1.886164	1.876000
61013.48793982	177.2357411	1.6104506	1.886182	1.875994
61013.48863426	177.2350734	1.6106625	1.886199	1.875988
61013.48932870	177.2344057	1.6108743	1.886217	1.875982
61013.49002315	177.2337381	1.6110860	1.886234	1.875975
61013.49071759	177.2330705	1.6112977	1.886251	1.875969
61013.49141204	177.2324029	1.6115094	1.886269	1.875963
61013.49210648	177.2317354	1.6117210	1.886286	1.875957
61013.49280093	177.2310679	1.6119326	1.886304	1.875951
61013.49349537	177.2304004	1.6121441	1.886321	1.875944
61013.49418982	177.2297329	1.6123556	1.886339	1.875938
61013.49488426	177.2290655	1.6125671	1.886356	1.875932
61013.49557870	177.2283981	1.6127785	1.886373	1.875926
61013.49627315	177.2277307	1.6129899	1.886391	1.875919
61013.49696759	177.2270634	1.6132012	1.886408	1.875913
61013.49766204	177.2263960	1.6134125	1.886426	1.875907
61013.49835648	177.2257287	1.6136238	1.886443	1.875901
61013.49905093	177.2250615	1.6138350	1.886461	1.875895
61013.49974537	177.2243943	1.6140462	1.886478	1.875888
61013.50043982	177.2237271	1.6142573	1.886495	1.875882
61013.50113426	177.2230599	1.6144684	1.886513	1.875876
61013.50182870	177.2223927	1.6146794	1.886530	1.875870
61013.50252315	177.2217256	1.6148904	1.886548	1.875864
61013.50321759	177.2210585	1.6151014	1.886565	1.875857
61013.50391204	177.2203915	1.6153123	1.886583	1.875851
61013.50460648	177.2197245	1.6155232	1.886600	1.875845
61013.50530093	177.2190575	1.6157340	1.886617	1.875839
61013.50599537	177.2183905	1.6159448	1.886635	1.875833
61013.50668981	177.2177236	1.6161556	1.886652	1.875826
61013.50738426	177.2170567	1.6163663	1.886670	1.875820
61013.50807870	177.2163898	1.6165770	1.886687	1.875814
61013.50877315	177.2157230	1.6167876	1.886705	1.875808
61013.50946759	177.2150562	1.6169982	1.886722	1.875802
61013.51016204	177.2143894	1.6172088	1.886739	1.875795
61013.51085648	177.2137227	1.6174193	1.886757	1.875789
61013.51155093	177.2130560	1.6176297	1.886774	1.875783
61013.51224537	177.2123893	1.6178401	1.886792	1.875777
61013.51293981	177.2117226	1.6180505	1.886809	1.875771
61013.51363426	177.2110560	1.6182609	1.886827	1.875765
61013.51432870	177.2103894	1.6184712	1.886844	1.875758
61013.51502315	177.2097229	1.6186814	1.886861	1.875752
61013.51571759	177.2090564	1.6188916	1.886879	1.875746
61013.51641204	177.2083899	1.6191018	1.886896	1.875740
61013.51710648	177.2077234	1.6193119	1.886914	1.875734
61013.51780093	177.2070570	1.6195220	1.886931	1.875727
61013.51849537	177.2063906	1.6197320	1.886949	1.875721
61013.51918982	177.2057243	1.6199420	1.886966	1.875715
61013.51988426	177.2050579	1.6201520	1.886983	1.875709
61013.52057870	177.2043917	1.6203619	1.887001	1.875703
61013.52127315	177.2037254	1.6205718	1.887018	1.875696
61013.52196759	177.2030592	1.6207816	1.887036	1.875690
61013.52266204	177.2023930	1.6209914	1.887053	1.875684
61013.52335648	177.2017269	1.6212012	1.887071	1.875678
61013.52405093	177.2010607	1.6214109	1.887088	1.875672
61013.52474537	177.2003947	1.6216205	1.887105	1.875665
61013.52543982	177.1997286	1.6218301	1.887123	1.875659
61013.52613426	177.1990626	1.6220397	1.887140	1.875653
61013.52682870	177.1983966	1.6222493	1.887158	1.875647
61013.52752315	177.1977307	1.6224587	1.887175	1.875641
61013.52821759	177.1970648	1.6226682	1.887193	1.875635
61013.52891204	177.1963989	1.6228776	1.887210	1.875628
61013.52960648	177.1957331	1.6230870	1.887228	1.875622
61013.53030093	177.1950673	1.6232963	1.887245	1.875616
61013.53099537	177.1944015	1.6235056	1.887262	1.875610
61013.53168982	177.1937358	1.6237148	1.887280	1.875604
61013.53238426	177.1930701	1.6239240	1.887297	1.875597
61013.53307870	177.1924045	1.6241332	1.887315	1.875591
61013.53377315	177.1917389	1.6243423	1.887332	1.875585
61013.53446759	177.1910733	1.6245513	1.887350	1.875579
61013.53516204	177.1904077	1.6247604	1.887367	1.875573
61013.53585648	177.1897422	1.6249693	1.887384	1.875567
61013.53655093	177.1890768	1.6251783	1.887402	1.875560
61013.53724537	177.1884114	1.6253872	1.887419	1.875554
61013.53793981	177.1877460	1.6255960	1.887437	1.875548
61013.53863426	177.1870806	1.6258048	1.887454	1.875542
61013.53932870	177.1864153	1.6260136	1.887472	1.875536
61013.54002315	177.1857500	1.6262223	1.887489	1.875529
61013.54071759	177.1850848	1.6264310	1.887506	1.875523
61013.54141204	177.1844196	1.6266396	1.887524	1.875517
61013.54210648	177.1837544	1.6268482	1.887541	1.875511
61013.54280093	177.1830893	1.6270568	1.887559	1.875505
61013.54349537	177.1824242	1.6272653	1.887576	1.875499
61013.54418981	177.1817592	1.6274738	1.887594	1.875492
61013.54488426	177.1810942	1.6276822	1.887611	1.875486
61013.54557870	177.1804292	1.6278906	1.887629	1.875480
61013.54627315	177.1797643	1.6280989	1.887646	1.875474
61013.54696759	177.1790994	1.6283072	1.887663	1.875468
61013.54766204	177.1784346	1.6285155	1.887681	1.875462
61013.54835648	177.1777698	1.6287237	1.887698	1.875455
61013.54905093	177.1771050	1.6289318	1.887716	1.875449
61013.54974537	177.1764403	1.6291400	1.887733	1.875443
61013.55043982	177.1757756	1.6293480	1.887751	1.875437
61013.55113426	177.1751110	1.6295561	1.887768	1.875431
61013.55182870	177.1744464	1.6297641	1.887785	1.875425
61013.55252315	177.1737819	1.6299720	1.887803	1.875418
61013.55321759	177.1731174	1.6301799	1.887820	1.875412
61013.55391204	177.1724529	1.6303878	1.887838	1.875406
61013.55460648	177.1717885	1.6305956	1.887855	1.875400
61013.55530093	177.1711241	1.6308034	1.887873	1.875394
61013.55599537	177.1704597	1.6310111	1.887890	1.875388
61013.55668982	177.1697954	1.6312188	1.887908	1.875381
61013.55738426	177.1691312	1.6314264	1.887925	1.875375
61013.55807870	177.1684670	1.6316340	1.887942	1.875369
61013.55877315	177.1678028	1.6318416	1.887960	1.875363
61013.55946759	177.1671387	1.6320491	1.887977	1.875357
61013.56016204	177.1664746	1.6322566	1.887995	1.875351
61013.56085648	177.1658106	1.6324640	1.888012	1.875344
61013.56155093	177.1651466	1.6326714	1.888030	1.875338
61013.56224537	177.1644826	1.6328788	1.888047	1.875332
61013.56293982	177.1638187	1.6330861	1.888065	1.875326
61013.56363426	177.1631549	1.6332933	1.888082	1.875320
61013.56432870	177.1624911	1.6335005	1.888099	1.875314
61013.56502315	177.1618273	1.6337077	1.888117	1.875307
61013.56571759	177.1611636	1.6339148	1.888134	1.875301
61013.56641204	177.1604999	1.6341219	1.888152	1.875295
61013.56710648	177.1598363	1.6343290	1.888169	1.875289
61013.56780093	177.1591727	1.6345359	1.888187	1.875283
61013.56849537	177.1585091	1.6347429	1.888204	1.875277
61013.56918981	177.1578456	1.6349498	1.888222	1.875270
61013.56988426	177.1571822	1.6351567	1.888239	1.875264
61013.57057870	177.1565188	1.6353635	1.888256	1.875258
61013.57127315	177.1558554	1.6355703	1.888274	1.875252
61013.57196759	177.1551921	1.6357770	1.888291	1.875246
61013.57266204	177.1545289	1.6359837	1.888309	1.875240
61013.57335648	177.1538657	1.6361904	1.888326	1.875233
61013.57405093	177.1532025	1.6363970	1.888344	1.875227
61013.57474537	177.1525394	1.6366035	1.888361	1.875221
61013.57543981	177.1518763	1.6368100	1.888379	1.875215
61013.57613426	177.1512133	1.6370165	1.888396	1.875209
61013.57682870	177.1505504	1.6372229	1.888413	1.875203
61013.57752315	177.1498874	1.6374293	1.888431	1.875196
61013.57821759	177.1492246	1.6376357	1.888448	1.875190
61013.57891204	177.1485618	1.6378420	1.888466	1.875184
61013.57960648	177.1478990	1.6380482	1.888483	1.875178
61013.58030093	177.1472363	1.6382545	1.888501	1.875172
61013.58099537	177.1465736	1.6384606	1.888518	1.875166
61013.58168982	177.1459110	1.6386668	1.888536	1.875159
61013.58238426	177.1452484	1.6388728	1.888553	1.875153
61013.58307870	177.1445859	1.6390789	1.888570	1.875147
61013.58377315	177.1439234	1.6392849	1.888588	1.875141
61013.58446759	177.1432610	1.6394908	1.888605	1.875135
61013.58516204	177.1425987	1.6396967	1.888623	1.875129
61013.58585648	177.1419364	1.6399026	1.888640	1.875123
61013.58655093	177.1412741	1.6401084	1.888658	1.875116
61013.58724537	177.1406119	1.6403142	1.888675	1.875110
61013.58793982	177.1399497	1.6405199	1.888693	1.875104
61013.58863426	177.1392876	1.6407256	1.888710	1.875098
61013.58932870	177.1386256	1.6409313	1.888727	1.875092
61013.59002315	177.1379636	1.6411369	1.888745	1.875086
61013.59071759	177.1373017	1.6413425	1.888762	1.875079
61013.59141204	177.1366398	1.6415480	1.888780	1.875073
61013.59210648	177.1359779	1.6417535	1.888797	1.875067
61013.59280093	177.1353162	1.6419589	1.888815	1.875061
61013.59349537	177.1346544	1.6421643	1.888832	1.875055
61013.59418982	177.1339928	1.6423696	1.888850	1.875049
61013.59488426	177.1333312	1.6425749	1.888867	1.875043
61013.59557870	177.1326696	1.6427802	1.888884	1.875036
61013.59627315	177.1320081	1.6429854	1.888902	1.875030
61013.59696759	177.1313467	1.6431906	1.888919	1.875024
61013.59766204	177.1306853	1.6433957	1.888937	1.875018
61013.59835648	177.1300239	1.6436008	1.888954	1.875012
61013.59905093	177.1293626	1.6438058	1.888972	1.875006
61013.59974537	177.1287014	1.6440108	1.888989	1.874999
61013.60043981	177.1280403	1.6442158	1.889007	1.874993
61013.60113426	177.1273791	1.6444207	1.889024	1.874987
61013.60182870	177.1267181	1.6446256	1.889042	1.874981
61013.60252315	177.1260571	1.6448304	1.889059	1.874975
61013.60321759	177.1253962	1.6450352	1.889076	1.874969
61013.60391204	177.1247353	1.6452399	1.889094	1.874963
61013.60460648	177.1240745	1.6454446	1.889111	1.874956
61013.60530093	177.1234137	1.6456493	1.889129	1.874950
61013.60599537	177.1227530	1.6458539	1.889146	1.874944
61013.60668981	177.1220924	1.6460585	1.889164	1.874938
61013.60738426	177.1214318	1.6462630	1.889181	1.874932
61013.60807870	177.1207713	1.6464675	1.889199	1.874926
61013.60877315	177.1201108	1.6466719	1.889216	1.874920
61013.60946759	177.1194504	1.6468763	1.889234	1.874913
61013.61016204	177.1187901	1.6470807	1.889251	1.874907
61013.61085648	177.1181298	1.6472850	1.889268	1.874901
61013.61155093	177.1174696	1.6474893	1.889286	1.874895
61013.61224537	177.1168094	1.6476935	1.889303	1.874889
61013.61293982	177.1161493	1.6478977	1.889321	1.874883
61013.61363426	177.1154893	1.6481018	1.889338	1.874876
61013.61432870	177.1148293	1.6483059	1.889356	1.874870
61013.61502315	177.1141694	1.6485100	1.889373	1.874864
61013.61571759	177.1135096	1.6487140	1.889391	1.874858
61013.61641204	177.1128498	1.6489180	1.889408	1.874852
61013.61710648	177.1121900	1.6491219	1.889426	1.874846
61013.61780093	177.1115304	1.6493258	1.889443	1.874840
61013.61849537	177.1108708	1.6495296	1.889460	1.874833
61013.61918982	177.1102113	1.6497334	1.889478	1.874827
61013.61988426	177.1095518	1.6499372	1.889495	1.874821
61013.62057870	177.1088924	1.6501409	1.889513	1.874815
61013.62127315	177.1082331	1.6503446	1.889530	1.874809
61013.62196759	177.1075738	1.6505482	1.889548	1.874803
61013.62266204	177.1069146	1.6507518	1.889565	1.874797
61013.62335648	177.1062555	1.6509553	1.889583	1.874790
61013.62405093	177.1055964	1.6511589	1.889600	1.874784
61013.62474537	177.1049374	1.6513623	1.889618	1.874778
61013.62543982	177.1042785	1.6515657	1.889635	1.874772
61013.62613426	177.1036196	1.6517691	1.889652	1.874766
61013.62682870	177.1029608	1.6519725	1.889670	1.874760
61013.62752315	177.1023020	1.6521758	1.889687	1.874754
61013.62821759	177.1016434	1.6523790	1.889705	1.874747
61013.62891204	177.1009848	1.6525822	1.889722	1.874741
61013.62960648	177.1003262	1.6527854	1.889740	1.874735
61013.63030093	177.0996678	1.6529885	1.889757	1.874729
61013.63099537	177.0990094	1.6531916	1.889775	1.874723
61013.63168981	177.0983511	1.6533947	1.889792	1.874717
61013.63238426	177.0976928	1.6535977	1.889810	1.874711
61013.63307870	177.0970346	1.6538006	1.889827	1.874704
61013.63377315	177.0963765	1.6540036	1.889844	1.874698
61013.63446759	177.0957185	1.6542065	1.889862	1.874692
61013.63516204	177.0950605	1.6544093	1.889879	1.874686
61013.63585648	177.0944026	1.6546121	1.889897	1.874680
61013.63655093	177.0937448	1.6548149	1.889914	1.874674
61013.63724537	177.0930870	1.6550176	1.889932	1.874667
61013.63793981	177.0924293	1.6552203	1.889949	1.874661
61013.63863426	177.0917717	1.6554229	1.889967	1.874655
61013.63932870	177.0911142	1.6556255	1.889984	1.874649
61013.64002315	177.0904567	1.6558280	1.890002	1.874643
61013.64071759	177.0897993	1.6560306	1.890019	1.874637
61013.64141204	177.0891420	1.6562330	1.890037	1.874631
61013.64210648	177.0884848	1.6564355	1.890054	1.874624
61013.64280093	177.0878276	1.6566379	1.890071	1.874618
61013.64349537	177.0871705	1.6568402	1.890089	1.874612
61013.64418982	177.0865135	1.6570425	1.890106	1.874606
61013.64488426	177.0858566	1.6572448	1.890124	1.874600
61013.64557870	177.0851997	1.6574471	1.890141	1.874594
61013.64627315	177.0845429	1.6576493	1.890159	1.874588
61013.64696759	177.0838862	1.6578514	1.890176	1.874581
61013.64766204	177.0832295	1.6580535	1.890194	1.874575
61013.64835648	177.0825730	1.6582556	1.890211	1.874569
61013.64905093	177.0819165	1.6584576	1.890229	1.874563
61013.64974537	177.0812601	1.6586596	1.890246	1.874557
61013.65043982	177.0806038	1.6588616	1.890264	1.874551
61013.65113426	177.0799475	1.6590635	1.890281	1.874545
61013.65182870	177.0792914	1.6592654	1.890298	1.874538
61013.65252315	177.0786353	1.6594672	1.890316	1.874532
61013.65321759	177.0779793	1.6596690	1.890333	1.874526
61013.65391204	177.0773233	1.6598708	1.890351	1.874520
61013.65460648	177.0766675	1.6600725	1.890368	1.874514
61013.65530093	177.0760117	1.6602742	1.890386	1.874508
61013.65599537	177.0753560	1.6604759	1.890403	1.874502
61013.65668982	177.0747004	1.6606775	1.890421	1.874495
61013.65738426	177.0740449	1.6608791	1.890438	1.874489
61013.65807870	177.0733894	1.6610806	1.890456	1.874483
61013.65877315	177.0727341	1.6612821	1.890473	1.874477
61013.65946759	177.0720788	1.6614835	1.890491	1.874471
61013.66016204	177.0714236	1.6616850	1.890508	1.874465
61013.66085648	177.0707685	1.6618864	1.890525	1.874458
61013.66155093	177.0701134	1.6620877	1.890543	1.874452
61013.66224537	177.0694585	1.6622890	1.890560	1.874446
61013.66293981	177.0688036	1.6624903	1.890578	1.874440
61013.66363426	177.0681489	1.6626915	1.890595	1.874434
61013.66432870	177.0674942	1.6628927	1.890613	1.874428
61013.66502315	177.0668396	1.6630939	1.890630	1.874422
61013.66571759	177.0661850	1.6632950	1.890648	1.874415
61013.66641204	177.0655306	1.6634961	1.890665	1.874409
61013.66710648	177.0648763	1.6636971	1.890683	1.874403
61013.66780093	177.0642220	1.6638982	1.890700	1.874397
61013.66849537	177.0635678	1.6640991	1.890718	1.874391
61013.66918981	177.0629138	1.6643001	1.890735	1.874385
61013.66988426	177.0622598	1.6645010	1.890753	1.874379
61013.67057870	177.0616058	1.6647019	1.890770	1.874372
61013.67127315	177.0609520	1.6649027	1.890787	1.874366
61013.67196759	177.0602983	1.6651035	1.890805	1.874360
61013.67266204	177.0596447	1.6653043	1.890822	1.874354
61013.67335648	177.0589911	1.6655050	1.890840	1.874348
61013.67405093	177.0583376	1.6657057	1.890857	1.874342
61013.67474537	177.0576843	1.6659064	1.890875	1.874335
61013.67543982	177.0570310	1.6661070	1.890892	1.874329
61013.67613426	177.0563778	1.6663076	1.890910	1.874323
61013.67682870	177.0557247	1.6665082	1.890927	1.874317
61013.67752315	177.0550717	1.6667087	1.890945	1.874311
61013.67821759	177.0544188	1.6669092	1.890962	1.874305
61013.67891204	177.0537660	1.6671097	1.890980	1.874299
61013.67960648	177.0531133	1.6673101	1.890997	1.874292
61013.68030093	177.0524606	1.6675105	1.891015	1.874286
61013.68099537	177.0518081	1.6677108	1.891032	1.874280
61013.68168982	177.0511556	1.6679112	1.891050	1.874274
61013.68238426	177.0505033	1.6681115	1.891067	1.874268
61013.68307870	177.0498510	1.6683117	1.891084	1.874262
61013.68377315	177.0491989	1.6685120	1.891102	1.874255
61013.68446759	177.0485468	1.6687122	1.891119	1.874249
61013.68516204	177.0478949	1.6689123	1.891137	1.874243
61013.68585648	177.0472430	1.6691125	1.891154	1.874237
61013.68655093	177.0465912	1.6693126	1.891172	1.874231
61013.68724537	177.0459396	1.6695127	1.891189	1.874225
61013.68793982	177.0452880	1.6697127	1.891207	1.874218
61013.68863426	177.0446365	1.6699127	1.891224	1.874212
61013.68932870	177.0439851	1.6701127	1.891242	1.874206
61013.69002315	177.0433339	1.6703127	1.891259	1.874200
61013.69071759	177.0426827	1.6705126	1.891277	1.874194
61013.69141204	177.0420316	1.6707125	1.891294	1.874188
61013.69210648	177.0413806	1.6709123	1.891312	1.874182
61013.69280093	177.0407298	1.6711122	1.891329	1.874175
61013.69349537	177.0400790	1.6713120	1.891347	1.874169
61013.69418981	177.0394283	1.6715118	1.891364	1.874163
61013.69488426	177.0387777	1.6717115	1.891381	1.874157
61013.69557870	177.0381273	1.6719112	1.891399	1.874151
61013.69627315	177.0374769	1.6721109	1.891416	1.874145
61013.69696759	177.0368266	1.6723106	1.891434	1.874138
61013.69766204	177.0361765	1.6725102	1.891451	1.874132
61013.69835648	177.0355264	1.6727099	1.891469	1.874126
61013.69905093	177.0348765	1.6729094	1.891486	1.874120
61013.69974537	177.0342266	1.6731090	1.891504	1.874114
61013.70043981	177.0335769	1.6733085	1.891521	1.874108
61013.70113426	177.0329273	1.6735080	1.891539	1.874101
61013.70182870	177.0322777	1.6737075	1.891556	1.874095
61013.70252315	177.0316283	1.6739070	1.891574	1.874089
61013.70321759	177.0309790	1.6741064	1.891591	1.874083
61013.70391204	177.0303298	1.6743058	1.891609	1.874077
61013.70460648	177.0296807	1.6745052	1.891626	1.874070
61013.70530093	177.0290317	1.6747046	1.891644	1.874064
61013.70599537	177.0283828	1.6749039	1.891661	1.874058
61013.70668982	177.0277341	1.6751032	1.891679	1.874052
61013.70738426	177.0270854	1.6753025	1.891696	1.874046
61013.70807870	177.0264369	1.6755018	1.891713	1.874040
61013.70877315	177.0257884	1.6757010	1.891731	1.874033
61013.70946759	177.0251401	1.6759002	1.891748	1.874027
61013.71016204	177.0244919	1.6760994	1.891766	1.874021
61013.71085648	177.0238438	1.6762986	1.891783	1.874015
61013.71155093	177.0231958	1.6764977	1.891801	1.874009
61013.71224537	177.0225479	1.6766969	1.891818	1.874003
61013.71293982	177.0219001	1.6768960	1.891836	1.873996
61013.71363426	177.0212525	1.6770951	1.891853	1.873990
61013.71432870	177.0206049	1.6772941	1.891871	1.873984
61013.71502315	177.0199575	1.6774932	1.891888	1.873978
61013.71571759	177.0193102	1.6776922	1.891906	1.873972
61013.71641204	177.0186630	1.6778912	1.891923	1.873965
61013.71710648	177.0180159	1.6780902	1.891941	1.873959
61013.71780093	177.0173689	1.6782892	1.891958	1.873953
61013.71849537	177.0167221	1.6784882	1.891976	1.873947
61013.71918982	177.0160754	1.6786871	1.891993	1.873941
61013.71988426	177.0154287	1.6788861	1.892011	1.873934
61013.72057870	177.0147822	1.6790850	1.892028	1.873928
61013.72127315	177.0141359	1.6792839	1.892046	1.873922
61013.72196759	177.0134896	1.6794827	1.892063	1.873916
61013.72266204	177.0128435	1.6796816	1.892081	1.873910
61013.72335648	177.0121974	1.6798804	1.892098	1.873904
61013.72405093	177.0115515	1.6800793	1.892115	1.873897
