distance_arcmin	distance_km	surface_brightness	error	coverage	smooth	reflected_smooth
-11.875	-972805.9375	0.0007482824303418357	0.00026908575406992143	1.0	0.0009373057764198736	0.0009861312605741932
-11.625	-952325.8125	0.0012368999003620745	0.00030186300762995107	1.0	0.000986066989700105	0.0010006196278535687
-11.375	-931845.6875	0.0009757397653964265	0.0002780327909542823	1.0	0.0011437316617312644	0.001017690720361888
-11.125	-911365.5625	0.001547096869557246	0.0003206001962510186	1.0	0.0011073970703386158	0.0011408026234327128
-10.875	-890885.4375	0.0007265527267669556	0.0002466450423129374	1.0	0.000918775064014626	0.0012127509529742766
-10.625	-870405.3125	0.0006005411678030353	0.0002386875229663778	1.0	0.0008936757871958834	0.0012996885442560103
-10.375	-849925.1875	0.0011220493116212591	0.00027388705336387636	1.0	0.001063711960496745	0.0012393841667243102
-10.125	-829445.0625	0.001060294924268282	0.0002697662902760624	1.0	0.001036870830665466	0.00119223786969911
-9.875	-808964.9375	0.0009887449967518414	0.0002559762252454596	1.0	0.0009532871079353159	0.0011887518361528035
-9.625	-788484.8125	0.000792190281278686	0.00023835569498184049	1.0	0.0008785063479759496	0.0011706687648509763
-9.375	-768004.6875	0.0009094595063202896	0.0002464016857451498	1.0	0.00095958053762524	0.0012504894636817384
-9.125	-747524.5625	0.001216644943414069	0.00026587684838236806	1.0	0.0011627359309387358	0.0013783471336091633
-8.875	-727044.4375	0.0013461964355961924	0.00027270707827552676	1.0	0.0011961167421214794	0.0012848373708571482
-8.625	-706564.3125	0.001076761616298308	0.00024733335796507997	1.0	0.0010256646608153995	0.0012530433067997429
-8.375	-686084.1875	0.0010066001739487745	0.00023747702368799153	1.0	0.0010001146725821504	0.0013369328481886128
-8.125	-665604.0625	0.0011096147680927841	0.0002443962814928784	1.0	0.0011180972032350954	0.0014307266691870775
-7.875	-645123.9375	0.0010643773447425516	0.00023706780271387853	1.0	0.0010757301508214974	0.0014682089281165681
-7.625	-624643.8125	0.000975970584492945	0.00022484966840122475	1.0	0.001052592324405904	0.0013917846211506516
-7.375	-604163.6875	0.0010074747531259583	0.00022951193004052515	1.0	0.0011418126840860277	0.001387886689946233
-7.125	-583683.5625	0.0013249300917081378	0.0002443707212316247	1.0	0.0012938572150658133	0.0014822082919352297
-6.875	-563203.4375	0.0013579802647656067	0.0002473256350119925	1.0	0.0012600114064280359	0.0015092725699201155
-6.625	-542723.3125	0.001007201904016132	0.00022075870900318693	1.0	0.0012513110210256272	0.00139882539018372
-6.375	-522243.1875	0.0013766741311741838	0.00024360452610291464	1.0	0.001387967627474177	0.001562451352094671
-6.125	-501763.0625	0.0016164376650113785	0.00026073503701338384	1.0	0.0015078068726417416	0.0014906458544206318
-5.875	-481282.9375	0.001075225713252509	0.000219085177354662	1.0	0.0012438434861356488	0.0017204843242996312
-5.625	-460802.8125	0.0009250112479847449	0.00020550851143780476	1.0	0.0011441993251522593	0.0021913233478686026
-5.375	-440322.6875	0.0014198070620015013	0.00023826195900735134	1.0	0.0014001866782533457	0.0020688935734421454
-5.125	-419842.5625	0.0016940008215603536	0.0002547735218580603	1.0	0.0017247712104175785	0.0024279909390474185
-4.875	-399362.4375	0.0016324936541797553	0.00024768136743911573	1.0	0.0017108366789935687	0.002257151702307167
-4.625	-378882.3125	0.0017516187236879081	0.0002504528199631686	1.0	0.0018646713482204063	0.0022568524096621746
-4.375	-358402.1875	0.001993633036031577	0.00026501453210037916	1.0	0.0018513427583800356	0.002524024344499664
-4.125	-337922.0625	0.0016862040011856709	0.00024459126837339496	1.0	0.0018609403609923217	0.0026006405401183684
-3.875	-317441.9375	0.0025299562785481935	0.000292631814027465	1.0	0.0024748335459934046	0.002645420528440207
-3.625	-296961.8125	0.0024849662032616036	0.0002800983240910643	1.0	0.0024989971847274215	0.0026544117171016894
-3.375	-276481.6875	0.0022069898737391677	0.0002748015919490513	1.0	0.002466301589743862	0.0028286445285593464
-3.125	-256001.5625	0.0033098631851981347	0.0003120672672808782	1.0	0.002910612454731077	0.0034714092130847096
-2.875	-235521.4375	0.0026042637649356434	0.00028566158803968296	1.0	0.002853487538758882	0.0037740042215079882
-2.625	-215041.3125	0.003125599919667314	0.00030321762240908943	1.0	0.0031697496171486394	0.003688915515033545
-2.375	-194561.1875	0.003480817069075681	0.0003140707767516124	1.0	0.003150902777804227	0.004243683686194845
-2.125	-174081.0625	0.0035039775778402753	0.00031478184103949383	1.0	0.0036497018827468643	0.004906932612616921
-1.875	-153600.9375	0.004028806545153617	0.0003325570209126171	1.0	0.0041537405825419395	0.004962055061190864
-1.625	-133120.8125	0.00517444174822297	0.0003756818820846344	1.0	0.005100744134192584	0.005711251821474708
-1.375	-112640.6875	0.005474671744148413	0.000372311893802736	1.0	0.005475929269465464	0.007123035898597142
-1.125	-92160.5625	0.00640095203231783	0.00040708373391600754	1.0	0.006317615696405502	0.008735615201458023
-0.875	-71680.4375	0.008203931645990946	0.00044765851078784586	1.0	0.008321543318459874	0.009923968776393517
-0.625	-51200.3125	0.010662860704805216	0.0005264000150291231	1.0	0.010971785037618744	0.01264347971730989
-0.375	-30720.1875	0.014828294649779531	0.0005987605514719187	1.0	0.015063020019880148	0.016500536093217447
-0.125	-10240.0625	0.01894651313263791	0.0006767896449908003	1.0	0.019186417211059223	0.020782583555517528
0.125	10240.0625	0.020140970668165965	0.0006907793098547586	1.0	0.020782583555517528	0.019186417211059223
0.375	30720.1875	0.01583505759786332	0.0006117498475926362	1.0	0.016500536093217447	0.015063020019880148
0.625	51200.3125	0.01266799675521554	0.0005697142856260695	1.0	0.01264347971730989	0.010971785037618744
0.875	71680.4375	0.009804071727478315	0.0004911110936575795	1.0	0.009923968776393517	0.008321543318459874
1.125	92160.5625	0.008830068377344983	0.0004808530112684556	1.0	0.008735615201458023	0.006317615696405502
1.375	112640.6875	0.007068432019966079	0.0004302843434689245	1.0	0.007123035898597142	0.005475929269465464
1.625	133120.8125	0.005662702769842868	0.00039532121083562757	1.0	0.005711251821474708	0.005100744134192584
1.875	153600.9375	0.004667140818629956	0.00036410042338415983	1.0	0.004962055061190864	0.0041537405825419395
2.125	174081.0625	0.004991970895156718	0.00037465474193293564	1.0	0.004906932612616921	0.0036497018827468643
2.375	194561.1875	0.004178466264000908	0.00035018965987556136	1.0	0.004243683686194845	0.003150902777804227
2.625	215041.3125	0.0033739685897406176	0.00031838572731771676	1.0	0.003688915515033545	0.0031697496171486394
2.875	235521.4375	0.0038603303718239917	0.0003476628413622947	1.0	0.0037740042215079882	0.002853487538758882
3.125	256001.5625	0.0035169809393291633	0.00033626816817974777	0.9827586206896551	0.0034714092130847096	0.002910612454731077
3.375	276481.6875	0.0027470482820059383	0.00030747265962961253	1.0	0.0028286445285593464	0.002466301589743862
3.625	296961.8125	0.0027140106230540547	0.0003070387619468231	0.9655172413793104	0.0026544117171016894	0.0024989971847274215
3.875	317441.9375	0.002739419564348674	0.00032619376571275515	0.9454545454545454	0.002645420528440207	0.0024748335459934046
4.125	337922.0625	0.0025240041320146924	0.0003167390277157839	0.9298245614035088	0.0026006405401183684	0.0018609403609923217
4.375	358402.1875	0.002391769399821148	0.0003124216417188725	0.9285714285714286	0.002524024344499664	0.0018513427583800356
4.625	378882.3125	0.002246335632186905	0.00029989758073733363	0.9285714285714286	0.0022568524096621746	0.0018646713482204063
4.875	399362.4375	0.0021268536854618003	0.00029177058311320725	0.9122807017543859	0.002257151702307167	0.0017108366789935687
5.125	419842.5625	0.0027100082714427514	0.00033093044944651896	0.9107142857142857	0.0024279909390474185	0.0017247712104175785
5.375	440322.6875	0.002032209377698199	0.00030073433956546026	0.8771929824561403	0.0020688935734421454	0.0014001866782533457
5.625	460802.8125	0.0025487613959048346	0.00033680597188790514	0.8909090909090909	0.0021913233478686026	0.0011441993251522593
5.875	481282.9375	0.0013783945308023632	0.00025437373141430554	0.8771929824561403	0.0017204843242996312	0.0012438434861356488
6.125	501763.0625	0.0016977499007241428	0.00029482220606939633	0.8545454545454545	0.0014906458544206318	0.0015078068726417416
6.375	522243.1875	0.0015699987352138002	0.00029165711588985074	0.8245614035087719	0.001562451352094671	0.001387967627474177
6.625	542723.3125	0.001228905589151279	0.00027705148240234176	0.8214285714285714	0.00139882539018372	0.0012513110210256272
6.875	563203.4375	0.0014582505236122964	0.0003144871718240066	0.7678571428571429	0.0015092725699201155	0.0012600114064280359
7.125	583683.5625	0.001374830468834406	0.0003121075312934406	0.7719298245614035	0.0014822082919352297	0.0012938572150658133
7.375	604163.6875	0.0018422277019504937	0.00037300221824228366	0.7454545454545455	0.001387886689946233	0.0011418126840860277
7.625	624643.8125	0.0010475216334709517	0.00029242811475263194	0.7368421052631579	0.0013917846211506516	0.001052592324405904
7.875	645123.9375	0.0012345689164010192	0.00032447008534513665	0.7321428571428571	0.0014682089281165681	0.0010757301508214974
8.125	665604.0625	0.0014039242295548562	0.00033495346047148736	0.7368421052631579	0.0014307266691870775	0.0011180972032350954
8.375	686084.1875	0.0017156489218493646	0.0003717202348332735	0.7142857142857143	0.0013369328481886128	0.0010001146725821504
8.625	706564.3125	0.0010185034002954119	0.0003086059061752433	0.6964285714285714	0.0012530433067997429	0.0010256646608153995
8.875	727044.4375	0.0011454874375459447	0.00032229093529534533	0.6964285714285714	0.0012848373708571482	0.0011961167421214794
9.125	747524.5625	0.0018443127332097705	0.0004116461253468953	0.6607142857142857	0.0013783471336091633	0.0011627359309387358
9.375	768004.6875	0.0005311327625686516	0.0002689076823114146	0.6785714285714286	0.0012504894636817384	0.00095958053762524
9.625	788484.8125	0.001351016697535678	0.0004058057182813692	0.625	0.0011706687648509763	0.0008785063479759496
9.875	808964.9375	0.0012000901786884837	0.00039952610195894805	0.6206896551724138	0.0011887518361528035	0.0009532871079353159
10.125	829445.0625	0.0014606975818277806	0.0004653838229783563	0.6	0.00119223786969911	0.001036870830665466
10.375	849925.1875	0.000501277021918896	0.00033153307606843287	0.5964912280701754	0.0012393841667243102	0.001063711960496745
10.625	870405.3125	0.0019118631127449642	0.0005658531104340309	0.5818181818181818	0.0012996885442560103	0.0008936757871958834
10.875	890885.4375	0.001016617992123742	0.000451323021574987	0.5964912280701754	0.0012127509529742766	0.000918775064014626
11.125	911365.5625	0.0017153562882826039	0.0005807196216672939	0.5535714285714286	0.0011408026234327128	0.0011073970703386158
11.375	931845.6875	0.00115392247185636	0.0004886238202692739	0.6071428571428571	0.001017690720361888	0.0011437316617312644
11.625	952325.8125	0.00027615614300428377	0.0003419405421670717	0.6140350877192983	0.0010006196278535687	0.000986066989700105
11.875	972805.9375	0.0009562786181062596	0.0005345173351609811	0.6071428571428571	0.0009861312605741932	0.0009373057764198736
